x,y,z,roll,pitch,yaw
-775.3745663818175,485.50459344111704,898.1625240748649,-89.93352197298555,39.300278623403024,13.438687103393285
-776.4611623268446,484.7348746663658,893.3356724364814,-89.93352197298555,39.300278623403024,13.438687103393285
-777.7195643659023,485.9126775577436,891.7479736009425,-89.93352197298555,39.300278623403024,13.438687103393285
-778.5133168662107,485.4620957456633,890.4722751841514,-89.93352197298555,39.300278623403024,13.438687103393285
-779.4146883291646,484.9389369508465,889.0680623747251,-89.93352197298555,39.300278623403024,13.438687103393285
-780.310718027356,484.4072813265223,887.6626261443116,-89.93352197298555,39.300278623403024,13.438687103393285
-781.2002661707756,483.8675679530694,886.3844591258769,-89.93352197298555,39.300278623403024,13.438687103393285
-781.9757483528898,483.38719417190725,885.0407204620092,-89.93352197298555,39.300278623403024,13.438687103393285
-782.8561811580041,482.83130649284647,883.6321760068549,-89.93352197298555,39.300278623403024,13.438687103393285
