x,y,z,roll,pitch,yaw
129.51319616715176,-499.9534011998396,358.87706158682977,0.02066520295651213,-0.005526850607842395,14.939318058306746
128.21910094163917,-495.12377206839426,358.8770615868299,0.02066520295651213,-0.005526850607842395,14.939318058306746
125.42737984556635,-491.2299790871556,360.3069810044889,0.02066520295651213,-0.005526850607842395,14.939318058306746
