x,y,z,roll,pitch,yaw
-514.2765125021082,683.0237980476184,918.5299769279272,-89.7086147035099,25.18622838834497,44.92201369501438
-521.3557942588233,683.3417682312502,911.4660213485035,-89.7086147035099,25.18622838834497,44.92201369501438
-521.3812323381472,683.3488112115671,910.1391016728135,-89.7086147035099,25.18622838834497,44.92201369501438
-521.4203786822637,682.5794797089043,908.8177130933466,-89.7086147035099,25.18622838834497,44.92201369501438
-521.8803393297565,682.2468091913441,907.5002111543591,-89.7086147035099,25.18622838834497,44.92201369501438
-522.3363841294506,681.9094331920194,906.1824389717126,-89.7086147035099,25.18622838834497,44.92201369501438
-523.4746697280751,682.579374842273,904.8388468589942,-89.7086147035099,25.18622838834497,44.92201369501438
-523.4928007791411,681.792323937102,903.5284775725611,-89.7086147035099,25.18622838834497,44.92201369501438
-524.0259513134748,681.3719580971282,902.2071371594661,-89.7086147035099,25.18622838834497,44.92201369501438
