x,y,z,roll,pitch,yaw
670.7017494792717,-506.53331603959873,359.64606754423744,-1.4233025183239816,-4.936132344645003,16.242014664387092
669.4658257725509,-501.71041288113713,359.9985555829412,-1.4233025183239816,-4.936132344645003,16.242014664387092
669.3976171767355,-500.087268401188,359.14863978260576,-1.4233025183239816,-4.936132344645003,16.242014664387092
668.8302740637314,-498.31881281368635,356.65225566903143,-1.4233025183239816,-4.936132344645003,16.242014664387092
668.3951878568124,-496.75148780419795,357.64943767309774,-1.4233025183239816,-4.936132344645003,16.242014664387092
668.0210098805072,-495.1043313695949,357.7525084479985,-1.4233025183239816,-4.936132344645003,16.242014664387092
667.5225512553338,-493.51946420438026,357.876556732414,-1.4233025183239816,-4.936132344645003,16.242014664387092
667.0232346226317,-491.9344194738693,357.99032945701936,-1.4233025183239816,-4.936132344645003,16.242014664387092
666.703398867098,-490.2703571958176,358.9484810620363,-1.4233025183239816,-4.936132344645003,16.242014664387092
