x,y,z,roll,pitch,yaw
-698.216399945851,549.5743466146504,899.1399925090877,-89.57654088978958,59.358648084517995,48.37689408152506
-701.5143703482403,546.8752935745916,890.1167725245482,-89.57654088978958,59.358648084517995,48.37689408152506
-701.9808835231772,545.7216716890872,889.1604977850623,-89.57654088978958,59.358648084517995,48.37689408152506
-702.9047244902429,545.1595344245292,888.2626851623318,-89.57654088978958,59.358648084517995,48.37689408152506
-703.8256634241029,544.5919659168983,887.4241833964743,-89.57654088978958,59.358648084517995,48.37689408152506
-704.7427439657258,544.0170917856299,886.5851150230427,-89.57654088978958,59.358648084517995,48.37689408152506
-704.8161944327987,542.215242337308,885.9525419746071,-89.57654088978958,59.358648084517995,48.37689408152506
-705.7191977836824,541.6296400731411,885.1181875186331,-89.57654088978958,59.358648084517995,48.37689408152506
-706.6197893039814,541.0405089283776,884.4023758035635,-89.57654088978958,59.358648084517995,48.37689408152506
