x,y,z,roll,pitch,yaw
-645.5943728414005,595.1520206533193,899.4580582910585,-89.67311547982587,40.84112860531231,41.914178519821625
-648.8660420852286,592.3671774252564,890.4217470842016,-89.67311547982587,40.84112860531231,41.914178519821625
-649.6783500234746,591.8561516834433,889.470056926697,-89.67311547982587,40.84112860531231,41.914178519821625
-650.5877503940393,591.2735526730155,888.3986229921569,-89.67311547982587,40.84112860531231,41.914178519821625
-651.0103501598095,590.0986096729113,887.6326592472858,-89.67311547982587,40.84112860531231,41.914178519821625
-651.9093172779299,589.5074930831064,886.741464140724,-89.67311547982587,40.84112860531231,41.914178519821625
-652.8048190902094,588.9107068788238,885.9094600661049,-89.67311547982587,40.84112860531231,41.914178519821625
-653.6947964686702,588.3045112590391,885.0175000456602,-89.67311547982587,40.84112860531231,41.914178519821625
-654.0894371699751,587.1176890109391,884.3232981512788,-89.67311547982587,40.84112860531231,41.914178519821625
