x,y,z,roll,pitch,yaw
426.68870247603223,-503.5084060274386,359.34637331100186,0.05425018414924724,-0.053900978543496805,44.81449666192628
418.31547691167003,-498.0963928022777,358.5722890139169,0.05425018414924724,-0.053900978543496805,44.81449666192628
414.12886412948893,-495.3903861896972,358.1852468653744,0.05425018414924724,-0.053900978543496805,44.81449666192628
