x,y,z,roll,pitch,yaw
621.9942919657774,-499.8703069749346,339.09773584853303,35.242235003952565,30.027302094180175,54.823632514737035
613.9135470864212,-498.06281146944457,345.3945372778106,37.14659005540692,21.124480614124426,67.30593817539115
606.8049275516706,-492.71231509704955,351.0734337277486,35.81348796038793,21.268959480013937,67.07251915997075
