x,y,z,roll,pitch,yaw
158.96598954966524,964.6370991231173,736.9330348847327,-89.91443778734082,45.811410475477466,-45.18274633028197
150.9110068630061,970.9734069538317,735.2656968550622,-93.32275344057305,60.13083814060434,-45.038256477870625
143.79646646346424,976.7328763105698,730.0405863755743,-94.51968870371759,59.87247402765341,-44.97789519711354
