x,y,z,roll,pitch,yaw
-389.6337880887241,792.2064147856878,909.5258111507017,-89.79134274590294,36.67485480150952,2.7699315166701903
-397.016358287779,793.1589236499048,902.4969905065518,-89.79134274590294,36.67485480150952,2.7699315166701903
-398.1339664540684,793.893162726611,901.1959484889799,-89.79134274590294,36.67485480150952,2.7699315166701903
-398.6205458657781,793.5623106488838,899.988173822373,-89.79134274590294,36.67485480150952,2.7699315166701903
-399.10322485255534,793.2253617402212,898.7226091825739,-89.79134274590294,36.67485480150952,2.7699315166701903
-400.0011345396132,793.3510795842338,897.4242788728809,-89.79134274590294,36.67485480150952,2.7699315166701903
-400.80532053679786,793.5403161724412,896.1751660633897,-89.79134274590294,36.67485480150952,2.7699315166701903
-401.7063099774118,793.6583080435167,894.8609377158512,-89.79134274590294,36.67485480150952,2.7699315166701903
-402.2754362235115,793.2354790835005,893.699650097117,-89.79134274590294,36.67485480150952,2.7699315166701903
