x,y,z,roll,pitch,yaw
627.0499220663324,-495.64463305543836,337.3754612162444,39.730443203861974,20.45309304373175,67.10274761466236
