x,y,z,roll,pitch,yaw
266.87357159383805,-496.31774437250243,345.129402056682,31.38522797369804,13.502379528169556,68.81929481278964
259.2799489195932,-492.10126843637437,350.1952329216846,31.38522797369804,13.502379528169556,68.81929481278964
258.86305824796005,-491.39853741108715,352.7327634196406,31.38522797369804,13.502379528169556,68.81929481278964
257.89945831294267,-490.74405086159726,352.8341871873639,31.38522797369804,13.502379528169556,68.81929481278964
257.0960230182689,-490.17082580176947,352.9164781536275,31.38522797369804,13.502379528169556,68.81929481278964
256.31221045663517,-489.56369770416387,354.24964503752653,31.38522797369804,13.502379528169556,68.81929481278964
255.5045594124082,-488.90468754403065,354.3130454649456,31.38522797369804,13.502379528169556,68.81929481278964
254.53530159534105,-488.32877904211006,354.40249234602186,31.38522797369804,13.502379528169556,68.81929481278964
253.55699301745219,-487.9586718256724,353.2242027680056,31.38522797369804,13.502379528169556,68.81929481278964
252.43049851690438,-487.96286553476415,353.3522020952191,31.38522797369804,13.502379528169556,68.81929481278964
251.46458645449653,-487.7602529165836,354.7109850138311,31.38522797369804,13.502379528169556,68.81929481278964
