x,y,z,roll,pitch,yaw
-679.6256105626658,551.7287386893755,900.0764799204393,-90.22754582347453,45.412737129957115,-3.509033100271121
-687.3500304314565,548.3842319996058,894.6972730146196,-90.22754582347453,45.412737129957115,-3.509033100271121
-691.2122403658519,546.711978654721,892.0076695617097,-90.22754582347453,45.412737129957115,-3.509033100271121
