x,y,z,roll,pitch,yaw
-711.9678711993308,530.9579903876869,893.5241799446886,-90.3038360521111,45.42954410456476,-1.587068379669924
-715.1359559233508,530.697568697595,892.5497267019446,-102.14294134830386,51.0612669572168,18.651278751752375
-722.6144120564953,528.0565671529369,887.2827520640315,-102.6997755996499,51.013403351757695,18.9048236851301
