x,y,z,roll,pitch,yaw
266.6703559908019,-497.93552106582837,348.5550356389358,32.39376296908104,21.294360561817236,60.41568708192871
259.10281435450383,-493.3933435421365,353.6751568327828,32.39376296908104,21.294360561817236,60.41568708192871
258.4445811407487,-492.6321038973709,355.05629679156425,32.39376296908104,21.294360561817236,60.41568708192871
257.63379232454065,-491.9737529323989,355.0950225007523,32.39376296908104,21.294360561817236,60.41568708192871
256.681219598687,-491.42704625699633,353.7914140588754,32.39376296908104,21.294360561817236,60.41568708192871
255.85057936314675,-490.65683201358166,355.1902107041509,32.39376296908104,21.294360561817236,60.41568708192871
255.0399487009263,-489.99733397799145,355.23306387295986,32.39376296908104,21.294360561817236,60.41568708192871
254.22976163155002,-489.5034291944806,355.2852836811469,32.39376296908104,21.294360561817236,60.41568708192871
253.38489877332586,-488.97014705162275,356.7133824486583,32.39376296908104,21.294360561817236,60.41568708192871
252.24675270148552,-488.80833521080723,356.81511189132914,32.39376296908104,21.294360561817236,60.41568708192871
251.2265027861533,-488.68858785618096,358.29318489244474,32.39376296908104,21.294360561817236,60.41568708192871
