x,y,z,roll,pitch,yaw
-198.36346153841703,971.665244428345,739.3917824286046,-89.14303693290694,63.90457996115631,-30.58217257285097
-205.9365959751632,976.8394216751872,734.9912181452928,-90.32042888059554,64.45496554077658,-64.87281310599168
-206.5930194912276,978.2313110354736,734.258151320618,-88.67565768768385,51.62732729860921,-1.767232988812135
-207.40834636028404,978.2788121793012,733.606397194708,-87.88255825673123,70.84860654838188,55.77826669552295
-208.3717413898247,976.9818883725598,733.0446337686772,-90.14428284565703,65.58868588073302,-59.49464341645863
-209.20053838963088,978.391082800242,732.3041319776662,-88.68297789513076,51.583931952157386,-2.0651240668523543
-210.01569359350373,978.4427306217855,731.6512994965273,-88.4490511547498,59.3647559016042,-2.424169419633603
-210.8291566356794,978.5009438998461,731.1641871722177,-90.18543459721187,73.09284384756533,-59.6351892256006
-211.6703052858304,979.935386869656,730.6611742754804,-84.51500545329009,82.59989959934997,0.26160279534044495
-212.80905104926455,980.0365323136284,730.5092933533647,-89.7100125879199,87.07544549605944,-55.16176847398075
-213.82232287573726,981.5134374561053,730.4218503317222,180.0,0.0,0.0
