x,y,z,roll,pitch,yaw
269.01952597903403,-496.9732885568393,340.8325382644489,35.19145219495305,30.090189092090156,54.81876395145676
261.9903191444406,-492.2502392249663,346.15071993539607,35.19145219495305,30.090189092090156,54.81876395145676
258.4757157271439,-489.88871455902995,348.80981077086983,35.19145219495305,30.090189092090156,54.81876395145676
