x,y,z,roll,pitch,yaw
-198.2833416956824,970.9772123973501,739.4562940979182,-89.44391666562419,54.972887516182084,-37.4297294693835
-205.88816751757008,976.4048881468632,735.1120478460792,-89.44391666562419,54.972887516182084,-37.4297294693835
-206.5768498843359,975.1968192643646,734.4613438203995,-89.44391666562419,54.972887516182084,-37.4297294693835
-207.34785289040582,976.5715779044936,733.8151053223736,-89.44391666562419,54.972887516182084,-37.4297294693835
-208.32035386500672,976.6759583202629,733.0871560107994,-89.44391666562419,54.972887516182084,-37.4297294693835
-209.1317731587261,976.7579510265571,732.4387968041872,-89.44391666562419,54.972887516182084,-37.4297294693835
-209.91840833849477,978.1253049662996,731.7797521587147,-89.44391666562419,54.972887516182084,-37.4297294693835
-210.7110609931446,979.5000787851043,731.1980200322314,-89.44391666562419,54.972887516182084,-37.4297294693835
-211.6921082380661,979.5948537789924,730.6289672533799,-89.44391666562419,54.972887516182084,-37.4297294693835
-212.83001634298637,979.7246104887796,730.6462266188519,-89.44391666562419,54.972887516182084,-37.4297294693835
-213.7986235078614,981.1335814626345,730.4779673084892,-89.44391666562419,54.972887516182084,-37.4297294693835
