x,y,z,roll,pitch,yaw
266.7535553931501,-498.01223999723805,347.86795340991307,35.219722061271575,30.05554277691355,54.913518088909655
257.4633026072868,-493.65068085455783,351.63405491691265,14.66132489663652,14.138729848918947,48.96708111230111
252.16211719193265,-487.85013712827237,353.6486634002696,14.1582678751342,14.188504511182687,48.594689406888925
