x,y,z,roll,pitch,yaw
-196.98561007354084,969.4647856077341,739.0421884432287,-89.91443513462288,45.81140924184189,-45.18274552254724
-204.67803471225278,974.1371833374776,734.7161309496486,-89.91443513462288,45.81140924184189,-45.18274552254724
-208.52424703160875,976.4733822023494,732.5531022028584,-89.91443513462288,45.81140924184189,-45.18274552254724
