x,y,z,roll,pitch,yaw
266.87357159383805,-496.31774437250243,345.129402056682,31.385227973698168,13.502379528169708,68.81929481278955
259.2799489195932,-492.10126843637437,350.1952329216846,80.33321930611882,15.110367135645939,87.5171683204168
258.86305824796005,-491.39853741108715,352.7327634196406,5.015155032221893,3.3141077301222963,55.996011854569055
257.89945831294267,-490.74405086159726,352.8341871873639,4.805625673228752,3.3370962109565885,54.66359875320973
257.0960230182689,-490.17082580176947,352.9164781536275,57.71261854755774,18.41162131993694,78.79757651597284
256.31221045663517,-489.56369770416387,354.24964503752653,3.5173144879789664,2.7908033572356388,50.84675590611216
255.5045594124082,-488.90468754403065,354.3130454649456,4.568842203305335,2.63521549153554,59.382299569539235
254.53530159534105,-488.32877904211006,354.40249234602186,-49.46834613916654,-10.594687573698275,81.2421173992436
253.55699301745219,-487.9586718256724,353.2242027680056,6.482875094579207,0.04735721423294386,90.32398143440432
252.43049851690438,-487.96286553476415,353.3522020952191,54.39092444353254,5.68488390205524,86.02269144938646
251.46458645449653,-487.7602529165836,354.7109850138311,-90.43452933834386,43.62615991336873,-0.590898615479597
