x,y,z,roll,pitch,yaw
268.41892274808185,-498.06914109486786,347.1955487380844,28.596565722705577,18.902095084642127,59.19162323559685
260.0381059322473,-493.5930028966667,349.5931136377652,28.596565722705577,18.902095084642127,59.19162323559685
259.2434143657025,-492.94585677250177,349.6715191337963,28.596565722705577,18.902095084642127,59.19162323559685
258.479125470824,-492.35689841664043,351.05954518363444,28.596565722705577,18.902095084642127,59.19162323559685
257.7074211281256,-491.68019694408076,352.44295276669857,28.596565722705577,18.902095084642127,59.19162323559685
256.90452096200767,-491.10853965206513,352.50572504870513,28.596565722705577,18.902095084642127,59.19162323559685
256.12185040335874,-490.4227520842318,353.8905993012622,28.596565722705577,18.902095084642127,59.19162323559685
255.13727748493625,-489.88278297169563,352.64597426210037,28.596565722705577,18.902095084642127,59.19162323559685
254.34658876697063,-489.3563646052512,354.03265072499437,28.596565722705577,18.902095084642127,59.19162323559685
253.21721263630766,-489.361478918452,354.15218682076204,28.596565722705577,18.902095084642127,59.19162323559685
252.08742662506333,-489.36650008109393,354.2659693977208,28.596565722705577,18.902095084642127,59.19162323559685
