x,y,z,roll,pitch,yaw
-707.6412194086766,536.8365357278345,894.7659020018203,-90.44141089658164,45.41060973439167,-2.282677224541743
-712.4136949948006,535.8208717095882,890.1947393875711,-96.43714357577495,43.512616330823946,32.154601951409006
-719.4825993022696,533.3213840987536,884.053173318447,-99.0812712024951,42.72333522963291,20.439403019565777
