x,y,z,roll,pitch,yaw
-674.3203564778146,548.0476741283737,900.0826238988935,-89.9395736878013,45.540141715744554,-3.161753836967667
-679.3937361793527,551.0301455777354,895.5074899929238,-72.85866502329037,49.16820354940431,45.88399364388726
-688.2510082912119,548.1043802167965,889.8012278618849,-73.56307889056453,49.384988245767154,45.828133172392
