x,y,z,roll,pitch,yaw
266.87357159383805,-496.31774437250243,345.129402056682,35.21979857754528,30.054863880550464,54.78173663880772
259.3448413789606,-492.10589512036285,350.186925880535,35.21979857754528,30.054863880550464,54.78173663880772
255.5804762715218,-489.999970494293,352.7156877924615,35.21979857754528,30.054863880550464,54.78173663880772
