x,y,z,roll,pitch,yaw
266.7535554157952,-498.0122400560221,347.8679525135623,27.862750791148,13.392964030821645,66.59753381453969
259.1526007717621,-493.52185358979494,353.24258499095185,-58.549229688383065,-21.193252261513834,77.30361735018234
258.474931627011,-492.88670763787565,352.025550708525,58.33989411708627,20.161755520926334,78.2217556661003
257.70157186145286,-492.211741678896,353.3913512010937,4.457250790453728,3.3802318942283205,53.20621792903832
256.7338749007959,-491.4751082167315,353.48609643408065,4.031809126817746,3.265496440267915,51.369350148083825
255.92679062992198,-490.8195964636971,353.5593563603434,57.61140583931332,20.34949652298794,77.78236205996558
255.13793091285288,-490.1318385854641,354.91757960702046,58.034498462884024,18.188239742201414,79.19675709684066
254.34244878600484,-489.5212110346211,356.28454798796633,4.426043821333198,2.609343807523369,59.83885777097991
253.36509058669944,-488.94354775126345,356.3724037611279,6.676198118666034,0.4232378273403615,90.52835292657689
252.22639469718519,-488.9503696195424,356.50560341482617,55.14001940063731,5.466040674495505,86.406474316562
251.25175226046764,-488.7512922137053,357.91425710597343,-90.9694234775918,-0.07177426410488963,-0.18759616690807984
