x,y,z,roll,pitch,yaw
814.3978173579169,-507.0296954151243,353.1336057629227,-5.098490149182513,-5.919282230523231,41.27508690327421
810.1385514048197,-497.93855728129967,353.2630013779624,-5.098723766997698,-5.919245698703202,41.27513713594397
801.4646005242128,-491.15472010817297,353.4772913808513,-5.718347692009969,-6.039082934139968,41.63112308075965
