x,y,z,roll,pitch,yaw
811.354875115548,-510.1858655899518,362.0095072876744,-3.183821046828526,-5.532398464817422,29.67586138203716
807.823323404149,-504.0965853398548,360.7352075639683,0.9943098828281988,3.8063516016324805,14.962476992621392
807.4928186386662,-502.8363167724537,360.75793528220015,2.651281218986577,5.7112057290610645,25.255605204484354
806.8338522072645,-501.40963256004665,360.83062392509544,2.60017293961934,5.275307095310469,26.588073116757844
806.1741994217273,-500.0660112245494,360.8985552369355,2.0467145517609837,4.422653414906614,25.169395230494516
805.5134283816628,-498.63668432707067,360.9548824027919,-48.043151273882,-33.79889023684088,63.20349258673529
804.635273184454,-497.20949487481556,359.64068727133554,66.45086457696804,40.34668728987849,74.44141528172305
804.1897684405192,-495.8584175090925,361.03420986871026,1.1006227268584794,2.3876352709607698,25.070445687872652
803.5269922991845,-494.4255496653382,361.0646417953793,55.49320650596666,32.80754666984284,69.78038313003502
802.7432604771686,-493.1417751956115,362.5120445732149,-40.63508714311809,-11.283267288793999,76.9484990672642
801.379150584143,-492.5786840666149,361.2877202785062,-90.658479015042,0.1322888197086393,-0.24372007297330572
