x,y,z,roll,pitch,yaw
814.3978173562591,-507.02969541225997,353.13360483151814,-13.206835421577944,-8.372560114385859,58.167209805148985
810.1385808141483,-497.9385998396845,353.2629939703754,-13.206835421577944,-8.372560114385859,58.167209805148985
809.0786272004913,-496.9830438226947,352.748406117376,-13.206835421577944,-8.372560114385859,58.167209805148985
808.0364427779319,-495.927383287361,352.9032797143773,-13.206835421577944,-8.372560114385859,58.167209805148985
806.9836452098953,-495.0375885873539,352.3766565452968,-13.206835421577944,-8.372560114385859,58.167209805148985
805.9420072524974,-494.0419002129791,352.51515605065026,-13.206835421577944,-8.372560114385859,58.167209805148985
804.7808715818107,-493.21743157735517,351.9925786770717,-13.206835421577944,-8.372560114385859,58.167209805148985
803.7399067778385,-492.28179563611417,352.1145223125685,-13.206835421577944,-8.372560114385859,58.167209805148985
802.5865363563507,-491.5805537058106,351.5799848811009,-13.206835421577944,-8.372560114385859,58.167209805148985
