x,y,z,roll,pitch,yaw
-371.95710209847425,826.5982016477994,902.7852882853692,-89.49885793841122,45.20251490347251,46.01877680504076
-377.1809662142747,820.3252484906894,897.0034430492005,-89.49885793841122,45.20251490347251,46.01877680504076
-379.7928982721749,817.1887719121344,894.1125204311162,-89.49885793841122,45.20251490347251,46.01877680504076
