x,y,z,roll,pitch,yaw
780.1492897299854,-508.46672676294384,356.3481111546079,0.05425018414924724,-0.053900978543496805,44.81449666192628
772.0532646637837,-502.63384898216543,355.69090880986624,0.05425018414924724,-0.053900978543496805,44.81449666192628
768.0052521306828,-499.7174100917762,355.36230763749535,0.05425018414924724,-0.053900978543496805,44.81449666192628
