x,y,z,roll,pitch,yaw
70.49868201122337,-501.321920353275,353.3648205507644,35.2055860749739,30.072508653835104,54.803223031604496
65.49868201122337,-494.2508525414096,358.3648205507643,35.2055860749739,30.072508653835104,54.803223031604496
61.67992966415886,-491.09529590504917,359.04275331034376,35.2055860749739,30.072508653835104,54.803223031604496
