x,y,z,roll,pitch,yaw
70.4986820085503,-501.3219203533373,353.3648206861508,7.88752943329114,6.275660544278481,51.15256056765644
65.46456096662325,-494.25891508975565,358.509070114485,7.887540330865901,6.275685294466773,51.15260202486819
56.08234708837273,-486.5187535429237,362.1890341347031,6.403192000168115,6.037706348974435,50.86777077794572
