x,y,z,roll,pitch,yaw
72.71998030770459,-506.7166774133834,334.9562463020733,35.21565003658205,30.06004758627332,54.79032781065471
67.99838430653438,-499.5303535033149,340.06146714561294,35.21565003658205,30.06004758627332,54.79032781065471
65.6375863059493,-495.9371915482807,342.61407756738276,35.21565003658205,30.06004758627332,54.79032781065471
