x,y,z,roll,pitch,yaw
-625.5258661193161,571.7293678258891,898.7849496147909,-89.49885837162361,45.20251279477255,46.01877620798656
-627.6363918018678,564.1656996740307,890.8200490975943,-89.79668906217496,45.44901703657083,47.0492244056543
-635.7604436948657,555.4143954900532,884.7254812755154,-90.12814293639249,45.46689221788869,48.06126450913548
