x,y,z,roll,pitch,yaw
906.9187999768153,-489.88169603748054,347.6885181410164,-89.4620256904843,1.0877420592090217,16.319004472279918
906.9187999768153,-489.88169603748054,347.6885181410164,-89.4620256904843,1.0877420592090217,16.319004472279918
905.7211690659528,-488.6633856208335,352.38760315089195,-89.4620256904843,1.0877420592090217,16.319004472279918
