x,y,z,roll,pitch,yaw
330.599678382176,930.6624808120127,724.1911560896375,-89.2548094512066,15.992539251841736,-0.06275549942808537
331.84272844034365,928.7078255001966,725.329829509029,-84.34713631068294,34.70008405404996,-6.486322909519548
328.4379605437869,928.256556656742,722.1028904471764,-84.07826738546804,36.453838915952524,-6.641854678350598
326.79886630792356,930.136406683778,718.9548119156332,-76.42691323142634,48.7708163131616,-5.1689869821691685
323.85397365984994,931.4939702021459,716.3244357213267,-75.31489772832315,49.19246521667933,-4.380076517676155
321.0138481331161,932.3640502888409,714.8839987273969,-53.50458914624631,72.61892925339843,19.435123098034165
318.19611552580517,934.3732819123932,713.3993327770137,-2.3504881868194585,79.62918836924146,71.89592136752795
