x,y,z,roll,pitch,yaw
218.59000934544423,-505.0751848676699,330.84866191772096,35.21565003658205,30.06004758627332,54.79032781065471
216.54293490403768,-498.7546190484113,338.32261227584877,35.21565003658205,30.06004758627332,54.79032781065471
215.51939768333446,-495.59433613878207,342.05958745491273,35.21565003658205,30.06004758627332,54.79032781065471
