x,y,z,roll,pitch,yaw
226.53492885876852,-502.95971564509546,342.80468914239884,47.29497145880582,33.0461239909545,63.42967149033704
221.51208526018348,-495.86780777380864,347.67430913186286,47.29497145880582,33.0461239909545,63.42967149033704
221.28041353640612,-495.1161680866104,347.6804050033983,47.29497145880582,33.0461239909545,63.42967149033704
221.23883484541793,-494.25636882532353,349.46268259378496,47.29497145880582,33.0461239909545,63.42967149033704
220.86041010795958,-493.49725153947577,350.7027960785947,47.29497145880582,33.0461239909545,63.42967149033704
220.49317069204048,-492.8494093409704,351.3383033495919,47.29497145880582,33.0461239909545,63.42967149033704
220.10695891648186,-492.07563033228996,352.5952344555733,47.29497145880582,33.0461239909545,63.42967149033704
219.73377910052287,-491.3590309219476,353.2353213108354,47.29497145880582,33.0461239909545,63.42967149033704
219.14134866413127,-490.7040388559841,353.27394221406087,47.29497145880582,33.0461239909545,63.42967149033704
