x,y,z,roll,pitch,yaw
-701.576009739635,509.41304638782776,902.3657178534929,-90.45080790117115,45.42247354725151,-3.962538698086766
-708.0883906006522,513.6609955069264,896.0883168995473,-90.45080790117115,45.42247354725151,-3.962538698086766
-711.3445810311608,515.7849700664758,892.9496164225745,-90.45080790117115,45.42247354725151,-3.962538698086766
