x,y,z,roll,pitch,yaw
226.53492885876852,-502.95971564509546,342.80468914239884,35.2055860749739,30.072508653835104,54.803223031604496
221.53492885876858,-495.88864783323004,347.80468914239896,35.2055860749739,30.072508653835104,54.803223031604496
219.9095149285453,-492.82266781208955,351.40438302735686,35.2055860749739,30.072508653835104,54.803223031604496
