x,y,z,roll,pitch,yaw
-693.8679740495432,532.1893200427429,900.9919648895101,-90.27513223276942,45.430016682231766,-4.5454395124345055
-700.9595218874875,532.7246023829301,893.9814137071537,-90.27513223276942,45.430016682231766,-4.5454395124345055
-704.5533512233739,534.4000992973613,890.9461870097338,-90.27513223276942,45.430016682231766,-4.5454395124345055
