x,y,z,roll,pitch,yaw
226.53492884778015,-502.9597156523124,342.80468985951075,35.205580778257996,30.072510939567188,54.80322469781664
220.0081438607051,-494.4110704789505,347.72792632255585,46.92107012815479,31.107248542378546,51.41815147782934
217.45862080539553,-489.5369543727595,354.6367802826952,45.96648214031775,31.153260087463867,50.853332662185295
