x,y,z,roll,pitch,yaw
-783.1090121850901,462.62181126926714,902.5209744896067,-89.8879131221276,51.05196411378442,13.582389949858168
-790.3867483382337,463.43401791754593,895.4794964320565,-89.8879131221276,51.05196411378442,13.582389949858168
-790.8816036007385,463.0874917212536,894.1722746359019,-89.8879131221276,51.05196411378442,13.582389949858168
-792.1157358219484,463.066669317251,893.1040766141937,-89.8879131221276,51.05196411378442,13.582389949858168
-792.6707204668971,461.88281791122756,892.3293974302591,-89.8879131221276,51.05196411378442,13.582389949858168
-793.6588705703072,461.20566905040346,891.4969452693292,-89.8879131221276,51.05196411378442,13.582389949858168
-794.6415341870124,460.51971828048954,890.6643644622314,-89.8879131221276,51.05196411378442,13.582389949858168
-795.1733769328416,459.32596292478456,890.0178215610912,-89.8879131221276,51.05196411378442,13.582389949858168
-796.4955215470279,459.19719197778227,889.2372719358523,-89.8879131221276,51.05196411378442,13.582389949858168
