x,y,z,roll,pitch,yaw
783.5589733227359,-517.949451974701,335.9962097916259,35.2055860749739,30.072508653835104,54.803223031604496
778.5589733227362,-510.87838416283546,340.9962097916258,35.2055860749739,30.072508653835104,54.803223031604496
776.792051743728,-506.4071595052138,342.3695772569142,35.2055860749739,30.072508653835104,54.803223031604496
