x,y,z,roll,pitch,yaw
-197.31277335934095,920.8825174952551,744.1808987701386,-90.11520370867717,45.9754780995095,-45.08195471927837
-204.5304614538254,925.0938194899451,738.7784039697731,-90.11520370867717,45.9754780995095,-45.08195471927837
-208.13930550106764,927.19947048729,736.0771565695903,-90.11520370867717,45.9754780995095,-45.08195471927837
