x,y,z,roll,pitch,yaw
908.0818190380078,-511.135011308188,340.84339880466507,23.57673443670244,22.12148481375373,48.93792919185897
902.0773419856064,-503.9554207123851,344.3336865501826,-51.41720079731603,-37.965017231454546,63.96741794330923
901.5663163169786,-502.9260485615692,343.4286535979385,6.785317919773192,6.678374298803456,45.141757835897
900.6724693956567,-502.0157671815859,343.5783803635949,48.573196774098705,33.09720937523442,64.39657773214134
899.9419561671443,-500.8737808888447,344.6752651726457,53.0890311251321,33.666204319170056,67.50869257965668
899.3167485165063,-499.8350352764257,345.7585868483029,48.04068846643842,33.12190155378394,63.96106622857239
898.57099629854,-498.67033430450243,346.8619878406645,48.41079017693113,32.05887640047053,64.90115895133738
897.8171853387129,-497.55189398207796,347.969798700002,4.720901177867965,5.2338060226778165,41.536350005769684
896.9003128772202,-496.50590914558705,348.0830845585285,69.30399534270951,23.589538725681972,81.48775832332794
896.1695703650114,-495.4556624758338,350.2176608252712,-32.95777981714159,-5.368209173999777,81.69335079751019
894.8655756032682,-495.18776201943496,349.3596827593259,-90.64572369727814,41.4096464178188,-0.7009718154363143
