x,y,z,roll,pitch,yaw
907.3796711121863,-503.26652862797295,338.05660067755525,35.198738833348635,30.081109739845434,54.80513497046948
901.2479004835695,-497.0748422431821,342.96214944098915,35.198738833348635,30.081109739845434,54.80513497046948
898.1820151692611,-493.97899905078674,345.4149238227061,35.198738833348635,30.081109739845434,54.80513497046948
