x,y,z,roll,pitch,yaw
900.3648826625754,-510.465928252576,345.8985009915473,31.47352007447931,23.80039797016794,56.875891741869815
894.3885017318746,-504.00539174238264,350.2172204004139,31.47352007447931,23.80039797016794,56.875891741869815
894.0998272961635,-502.98125524017024,351.73746361373105,31.47352007447931,23.80039797016794,56.875891741869815
893.3941772709193,-502.01954689914277,352.5536725031485,31.47352007447931,23.80039797016794,56.875891741869815
892.6843949987648,-500.88836374758654,353.3644533794293,31.47352007447931,23.80039797016794,56.875891741869815
891.8803854927128,-499.7454316357774,353.41012574165984,31.47352007447931,23.80039797016794,56.875891741869815
891.1658943152265,-498.7684139756215,354.23493518521775,31.47352007447931,23.80039797016794,56.875891741869815
890.3600545260238,-497.62098678160277,354.28228949856634,31.47352007447931,23.80039797016794,56.875891741869815
889.5546265790289,-496.71996741984987,354.34138682025537,31.47352007447931,23.80039797016794,56.875891741869815
888.2717468017157,-496.56018493445146,354.512658639445,31.47352007447931,23.80039797016794,56.875891741869815
887.143400045029,-496.2292683682286,356.21767792337425,31.47352007447931,23.80039797016794,56.875891741869815
