x,y,z,roll,pitch,yaw
906.1850251968821,-503.50951107591806,338.48424164878713,35.230285517273124,30.04192645434689,54.77336003832972
899.0147160276931,-500.44046922132617,340.2856792179607,34.72047876499181,30.049605114783272,54.40232337103496
893.1373509005388,-491.9180412069591,345.0397856709758,33.68185699840904,30.1751578953672,54.182991729699346
