x,y,z,roll,pitch,yaw
908.0818961981802,-511.1349426688808,340.84343750718995,35.2127271253546,30.06379548050111,54.79334659001087
903.5797607510293,-504.2157563465648,343.597226175909,33.32762145764656,32.61538209590562,50.509306129333424
898.0781153983534,-495.9919767776649,347.7669758930815,32.327807367419304,32.85354886458278,50.17413395402859
