x,y,z,roll,pitch,yaw
900.3648826625754,-510.465928252576,345.8985009915473,31.473520074479335,23.800397970167776,56.87589174187004
894.3885017318746,-504.00539174238264,350.2172204004139,77.15922583032066,32.92932579723307,83.14352198005986
894.0998272961635,-502.98125524017024,351.73746361373105,40.76895437770445,30.28284327228153,59.93693545807032
893.3941772709193,-502.01954689914277,352.5536725031485,38.18409136421247,33.072044734922365,55.50963904391962
892.6843949987648,-500.88836374758654,353.3644533794293,1.8690631660925003,2.6608133682387773,35.4372806814826
891.8803854927128,-499.7454316357774,353.41012574165984,40.65673945034817,30.337668264184643,59.797211462296474
891.1658943152265,-498.7684139756215,354.23493518521775,1.9314578476486208,2.7536885115435044,35.39872304048717
890.3600545260238,-497.62098678160277,354.28228949856634,2.798269104184334,3.1286505450954345,42.17102797912191
889.5546265790289,-496.71996741984987,354.34138682025537,7.547329300965996,0.932740763378326,83.23997677523256
888.2717468017157,-496.56018493445146,354.512658639445,56.16075276759559,7.6815799898349795,85.08515570523444
887.143400045029,-496.2292683682286,356.21767792337425,-90.9694234775918,-0.07177426410488963,-0.18759616690807984
