x,y,z,roll,pitch,yaw
-845.931746044601,342.75465208442415,898.7066905820888,-89.49880053689043,45.20226904663012,46.01883338399306
-849.462255584733,338.5554602290259,895.3279120526962,-89.70454777376753,45.095986571236594,46.11475856978102
-857.1240598052972,330.10417787616797,888.5416216208176,-90.21001256234055,44.965488522969906,46.36854167327024
