x,y,z,roll,pitch,yaw
-634.7639038957484,580.1016940956353,901.6468173201849,-90.59905127998944,66.85154321649001,-13.528505252799626
-641.8529012577437,580.5811554202438,894.6251100002698,-90.59905127998944,66.85154321649001,-13.528505252799626
-642.791685170095,581.3392291316941,893.7341738770567,-90.59905127998944,66.85154321649001,-13.528505252799626
-644.0087652570086,581.8876105048101,892.9510219988626,-90.59905127998944,66.85154321649001,-13.528505252799626
-645.3300991754312,582.3724694336585,892.3913360142099,-90.59905127998944,66.85154321649001,-13.528505252799626
-646.754406506191,582.785860629218,891.8262256796813,-90.59905127998944,66.85154321649001,-13.528505252799626
-647.7389636833996,582.7616922738279,891.2519771045609,-90.59905127998944,66.85154321649001,-13.528505252799626
-648.7242538673875,582.731484375395,890.7337425227605,-90.59905127998944,66.85154321649001,-13.528505252799626
-649.8086358046878,582.6345093514917,890.5658238094064,-90.59905127998944,66.85154321649001,-13.528505252799626
