x,y,z,roll,pitch,yaw
302.5901894807917,-504.1185776321736,340.44990498450943,51.21235558820269,18.799256780497775,75.61505227570619
297.55595450508065,-497.03637856337207,345.40592306644714,51.21235558820269,18.799256780497775,75.61505227570619
297.34004641506897,-496.13739751374885,346.5882040965324,51.21235558820269,18.799256780497775,75.61505227570619
296.7756361632684,-495.3438227574153,347.79423777258717,51.21235558820269,18.799256780497775,75.61505227570619
296.0892450986654,-494.77281570918444,349.02157874746706,51.21235558820269,18.799256780497775,75.61505227570619
295.2781720701476,-494.19550579677275,350.26208663660043,51.21235558820269,18.799256780497775,75.61505227570619
294.5174576244561,-493.61284549078914,350.8839662567892,51.21235558820269,18.799256780497775,75.61505227570619
293.7519007650659,-493.0861911451118,351.50206901716194,51.21235558820269,18.799256780497775,75.61505227570619
292.8653592878914,-492.90899423783173,352.1363643883926,51.21235558820269,18.799256780497775,75.61505227570619
