x,y,z,roll,pitch,yaw
-336.33453325626317,839.4918881381308,887.8043400391138,-90.36167623487545,45.38408582155098,-4.313271921831296
-344.90649556560203,839.3090220404093,882.6938780794521,-90.36167623487545,45.38408582155098,-4.313271921831296
-349.19247672027143,839.2175889915486,880.1386470996214,-90.36167623487545,45.38408582155098,-4.313271921831296
