x,y,z,roll,pitch,yaw
-252.67483634652075,917.6798295581293,904.2040390189142,-90.46994766590153,45.39386022942498,-3.8033361504098777
-259.76820150373186,918.0924852042515,897.19060076549,-90.46994766590153,45.39386022942498,-3.8033361504098777
-263.98671137254075,917.4046451190143,894.6168994725919,-90.46994766590153,45.39386022942498,-3.8033361504098777
