x,y,z,roll,pitch,yaw
621.994292011407,-499.8703072133552,339.0977349486395,35.242236305602226,30.027302346125296,54.82363097628492
615.1308564061255,-496.8804975850454,345.7275381190676,35.242236305602226,30.027302346125296,54.82363097628492
611.6991386034848,-495.38559277089064,349.04243970428183,35.242236305602226,30.027302346125296,54.82363097628492
