x,y,z,roll,pitch,yaw
548.5087871285392,-503.18458241403266,334.63757325417896,31.165800974025736,20.892930798926617,59.10684238383366
542.0926583128974,-497.21534353009326,339.0799769511083,77.27756085208755,40.830946855428834,81.71215445162778
541.9006687157519,-496.19871737504127,340.2159291757465,4.399377528205499,3.3541439052402784,51.68262330737916
540.8510712175246,-495.3671980757774,340.31753416131323,29.642303611280663,23.599140245601838,54.51300425539291
539.991508069248,-494.4060555525223,340.97015249027856,29.62915003224705,23.61516903284732,54.4813709254426
539.1275245912929,-493.438853266721,341.6261119681178,30.417139019678324,22.75971450770884,56.25536203395849
538.2588019369193,-492.5260727603761,342.288467865573,28.100094657093095,20.82659833146705,55.96499282273899
537.2678449650512,-491.54701715440706,342.9685798423445,28.137481242435314,20.85901623334159,55.9674607720028
536.2714036685902,-490.56151986261625,343.6536601554225,7.090518862899345,1.3297771891621053,78.42444173558026
535.0897219491433,-490.3198459145549,343.8032013391572,52.68054184367641,14.651972884229446,79.24318186970302
534.1440992985495,-489.7930308322185,345.1089164461001,-90.37038051701614,40.959907078453305,-0.49642326742916293
