x,y,z,roll,pitch,yaw
-122.32636232505895,968.0901839699776,736.4140537396297,-89.70073018072792,46.091264438256324,-45.23136352622641
-131.09073890070346,971.5783115119781,735.6518571577384,-91.96622929590183,61.80572879422988,-43.32801265636084
-137.79394717700634,977.7641052946706,731.3421931553484,-91.4446800854947,61.09878010408201,-42.1322600385348
