x,y,z,roll,pitch,yaw
337.3464595973665,-494.8253868110962,345.03279343367944,35.206689527328635,30.072094312675823,54.96922706662682
328.5426920808999,-493.9322787226147,348.4825783930112,36.960064904286426,19.638905008408326,68.08098657311407
321.7908097408733,-489.4535995833289,354.5647514106737,36.105768786356776,19.630223992145233,67.11388758377211
