x,y,z,roll,pitch,yaw
130.4292808811303,982.4941328087534,737.1457582332459,-89.32229086501606,25.64576392071867,0.4259994173743051
124.88730204609504,983.3091938026784,728.8654679140981,-89.32229086501606,25.64576392071867,0.4259994173743051
122.11631262857736,983.7167242996408,724.7253227545242,-89.32229086501606,25.64576392071867,0.4259994173743051
