x,y,z,roll,pitch,yaw
707.2971517740245,-501.2192440476633,330.6048537399573,35.20919652885487,30.06810258394858,54.79858147647634
701.4170010791138,-496.3974461877922,337.09901213067144,35.20919652885487,30.06810258394858,54.79858147647634
698.4769257316585,-493.9865472578567,340.3460913260286,35.20919652885487,30.06810258394858,54.79858147647634
