x,y,z,roll,pitch,yaw
708.1458373405826,-499.88089602424225,334.9438055312461,35.21984741807897,30.054880778894887,54.78639052008685
702.1565546178845,-496.3587352285274,341.0065874574566,34.510712569201864,30.017620022454228,54.392407211419524
694.217613506175,-490.45391013069775,346.0138300209219,33.23691818060522,30.025449722262987,54.07901418651605
