x,y,z,roll,pitch,yaw
354.3550911391106,980.8328259833819,730.2064991380578,-89.40491112521104,15.675189896678367,0.0788298592793799
348.86739227240224,978.9002187456546,729.0614622365083,-89.48331140157067,15.574116590345675,0.37753804587824763
346.27946409132113,979.1739582317987,721.3184588282406,-91.49934059165203,32.757017844684,0.31453135560678785
344.35569044851286,979.6460688848464,715.0124215438912,-93.60259930439364,49.5178263681169,0.03618242909104848
340.2810973078406,980.4375201749576,711.8274438323823,-105.3354647517499,76.900283006345,-7.490485686277474
