x,y,z,roll,pitch,yaw
354.3550910289334,980.8328251871058,730.2064991850509,-89.40491077686839,15.67518827531166,0.07883013143414164
346.6934853234308,980.4518753022842,723.7867798299255,-89.40491077686839,15.67518827531166,0.07883013143414164
342.8626824706795,980.2614003598734,720.5769201523628,-89.40491077686839,15.67518827531166,0.07883013143414164
