x,y,z,roll,pitch,yaw
818.1766282065345,-494.4950475219398,352.0664113026594,-0.00021922386383239445,5.081360077938116e-05,15.254270427840996
812.7087162447976,-493.3303191766761,350.13838811746336,-0.15904280038431481,-0.2886683085019038,15.156125316952663
810.1765488058015,-485.5660523110263,350.33764524411254,-2.162052883879386,-0.04473719938973683,32.332494971611965
808.2967320233709,-479.2414032723301,350.74853049433193,-4.010284583986844,0.2965602511569964,49.08607971181499
804.2411231491737,-476.01836811861654,351.51850247500806,-8.20744693300306,2.068826995817282,76.55878230977602
