x,y,z,roll,pitch,yaw
-249.27596694564198,928.4214289120041,889.8651423517861,-89.63660688170314,15.215773799949378,40.910427851690265
-258.4133231703717,925.3644318761566,885.3115528218584,-89.8805062154834,15.400043600124679,41.47133952545643
-262.9482222304094,921.2443342691643,873.7767075840542,-96.56180849793277,47.706697775780924,41.44073781120487
-270.42975200065086,917.1714920055508,869.2320561076323,-117.87881828038338,77.47126366222737,25.47137042556428
