x,y,z,roll,pitch,yaw
-874.7180174891457,312.9607371577955,900.5689665629561,-89.49885793841122,45.20251490347251,46.01877680504076
-880.1196626131565,307.34880514195964,894.2971563043354,-89.49885793841122,45.20251490347251,46.01877680504076
-882.8204851751619,304.54283913404174,891.1612511750251,-89.49885793841122,45.20251490347251,46.01877680504076
