x,y,z,roll,pitch,yaw
61.42444865204868,-501.3656730639865,359.27507531370253,0.05426676438703027,-0.053933854127770645,44.81433368771233
59.44448978112575,-498.55740292003884,357.4002340866413,-0.1434371536805402,-0.11354757254031016,45.11217175719317
48.85705700448921,-489.74360292613574,357.7676267231802,-0.8859198884107736,-0.18701978140961004,44.96378964031351
