x,y,z,roll,pitch,yaw
863.0931023612327,-512.7590604128643,335.64807237898583,35.194149689806736,30.086821278119288,54.814089850340046
858.0931023612327,-505.6879926009988,340.64807237898594,35.194149689806736,30.086821278119288,54.814089850340046
855.0424251573081,-502.23939967807115,342.59757884201406,35.194149689806736,30.086821278119288,54.814089850340046
