x,y,z,roll,pitch,yaw
859.4200761190925,-507.51808777496007,339.22679072026745,35.219721122741134,30.055542413392537,54.91351483602695
853.165914613964,-503.7545610435721,345.9150271631921,33.723724628542435,30.23959129904882,53.83101751934873
847.1615858097318,-495.24396627200605,350.7859755923514,32.59188495397984,30.48735679932671,53.66673811182773
