x,y,z,roll,pitch,yaw
-395.0823601699928,816.2058564224491,894.9265421083113,-89.74284475545734,15.37423082404623,40.58565732013335
-396.1059156268819,815.3552621290231,890.1069125618102,-89.74284475545734,15.37423082404623,40.58565732013335
-397.85611356244897,814.2832040538026,885.5478636027337,-89.74284475545734,15.37423082404623,40.58565732013335
