x,y,z,roll,pitch,yaw
633.4706669252507,-500.5265040447099,362.66399890987645,3.5613735240039923,7.96170961379286,23.969042178464182
632.231953060228,-495.7075773539766,362.9939995854123,3.5613735240039923,7.96170961379286,23.969042178464182
631.8686938092891,-493.96070325956816,361.31280757590764,3.5613735240039923,7.96170961379286,23.969042178464182
631.6668657611573,-492.4102448815746,362.2517119126809,3.5613735240039923,7.96170961379286,23.969042178464182
631.030815942091,-490.8595584732192,362.3870454535546,3.5613735240039923,7.96170961379286,23.969042178464182
630.3941623986196,-489.2429940473902,362.5163991481593,3.5613735240039923,7.96170961379286,23.969042178464182
629.7566764648504,-487.62610822672013,362.63643778212395,3.5613735240039923,7.96170961379286,23.969042178464182
629.118724957579,-486.07259658447424,362.7501667518301,3.5613735240039923,7.96170961379286,23.969042178464182
628.5208411186233,-484.41705567772783,363.7370353781919,3.5613735240039923,7.96170961379286,23.969042178464182
