x,y,z,roll,pitch,yaw
633.4706669252507,-500.5265040447099,362.66399890987645,0.02066520295651213,-0.005526850607842395,14.939318058306746
632.1765716997381,-495.6968749132644,362.66399890987645,0.02066520295651213,-0.005526850607842395,14.939318058306746
630.183924972721,-491.1212863717569,362.96952881043023,0.02066520295651213,-0.005526850607842395,14.939318058306746
