x,y,z,roll,pitch,yaw
-395.0823601699928,816.2058564224491,894.9265421083113,-89.79409020285361,24.186293906476667,31.88479572989432
-396.2778926680385,815.6423994886796,890.1185423701469,-89.79409020285361,24.186293906476667,31.88479572989432
-395.4776295513217,814.1237250738517,888.3676220151765,-89.79409020285361,24.186293906476667,31.88479572989432
-396.2532141630563,814.7040123786758,886.8225881014158,-89.79409020285361,24.186293906476667,31.88479572989432
-396.8371679899838,814.3904170138663,885.2773388880489,-89.79409020285361,24.186293906476667,31.88479572989432
-397.41825559507197,814.0717589219164,883.6661942486876,-89.79409020285361,24.186293906476667,31.88479572989432
-397.99393380993115,813.7454710844223,882.054696491364,-89.79409020285361,24.186293906476667,31.88479572989432
-398.5653371454576,813.4141949290405,880.5065483258787,-89.79409020285361,24.186293906476667,31.88479572989432
-399.67372605240945,813.7731561946279,878.8596373729384,-89.79409020285361,24.186293906476667,31.88479572989432
