x,y,z,roll,pitch,yaw
-356.2718852603709,815.601936102847,904.0096850002155,-89.658533469491,58.73421928507121,6.83232698773813
-363.3372796974036,816.1716834448354,896.996613324187,-89.658533469491,58.73421928507121,6.83232698773813
-363.9052191944988,816.4239936412182,895.9602547675714,-89.658533469491,58.73421928507121,6.83232698773813
-364.6199706246291,815.8679316780507,895.0701793624953,-89.658533469491,58.73421928507121,6.83232698773813
-366.0326867336032,816.1785893000568,894.272673933295,-89.658533469491,58.73421928507121,6.83232698773813
-367.14423387589414,816.0141742543208,893.5070047563961,-89.658533469491,58.73421928507121,6.83232698773813
-367.9410309191682,815.3690544625268,892.7801095860415,-89.658533469491,58.73421928507121,6.83232698773813
-369.0508072612675,815.1903298155061,892.1221918465039,-89.658533469491,58.73421928507121,6.83232698773813
-370.5768970412183,815.4123038326874,891.4718357079634,-89.658533469491,58.73421928507121,6.83232698773813
