x,y,z,roll,pitch,yaw
459.89827270029326,986.2060600310889,746.3010498265953,-89.32229085939858,25.645765363798187,0.4259991727028152
462.12759298787836,985.9967872399204,746.7810236742954,-89.08512533544759,25.7119832468704,0.3798866834063987
455.62762108789923,986.739448020419,736.1219487012092,-89.77524912777686,25.690338108632776,0.4586175784063421
