x,y,z,roll,pitch,yaw
118.21109364915856,974.3981848178375,744.660785161858,-89.91443513462288,45.81140924184189,-45.18274552254724
110.56922218935745,976.4978725686971,738.5721006353012,-89.91443513462288,45.81140924184189,-45.18274552254724
106.7482864594569,977.5477164441269,735.5277583720228,-89.91443513462288,45.81140924184189,-45.18274552254724
