x,y,z,roll,pitch,yaw
318.8382431896838,984.3362112360021,745.9961949254969,-88.67832320242591,45.520631279896506,0.9027901677180145
316.50768263710484,982.4389557187428,741.9542262350723,-88.98318565751019,45.58154143669483,0.8279588420841948
307.05383094473615,981.9055462443484,733.9668600638897,-89.67236765600423,45.65681526872696,0.8789270170968514
