x,y,z,roll,pitch,yaw
109.73648199036217,-503.85867250646027,338.9975796488327,35.242235420768424,30.027301101642006,54.823631880871424
103.69633239627098,-494.45681754179213,344.734171269096,35.07913809890434,30.023161505566463,53.16893701266779
97.47434183773629,-487.7469381084037,349.8077941189489,33.968370081612036,29.78041654462108,52.593320466841206
