x,y,z,roll,pitch,yaw
113.48508757125552,-503.7275006671051,348.47499287666665,21.634233049609996,16.821221751646764,53.859089006258074
108.52351256140707,-496.6238991741154,353.80610374585183,21.634233049609996,16.821221751646764,53.859089006258074
107.93064371478306,-495.31250230102853,353.8598323240416,21.634233049609996,16.821221751646764,53.859089006258074
106.98550605883742,-494.23377249331077,354.6445589608445,21.634233049609996,16.821221751646764,53.859089006258074
105.79974560662424,-493.45442319049766,354.10679024990543,21.634233049609996,16.821221751646764,53.859089006258074
104.61396551741836,-492.61356864916445,354.23530576789665,21.634233049609996,16.821221751646764,53.859089006258074
103.42664322551684,-491.77263287810956,354.3535727532509,21.634233049609996,16.821221751646764,53.859089006258074
102.25121993864559,-491.12161389610435,353.7939062102598,21.634233049609996,16.821221751646764,53.859089006258074
101.16718895938953,-490.3297731797095,354.55606075479614,21.634233049609996,16.821221751646764,53.859089006258074
