x,y,z,roll,pitch,yaw
-356.4767642003894,966.2552182874789,745.0000866903489,-90.0624786063655,45.90323078400342,-44.75928986568885
-359.8184088033336,967.6962102031767,739.8620239415468,-90.57771280578562,45.764243949629005,-44.787763302462615
-365.49247609770543,972.8334662517648,733.850588053473,-91.10861039176514,45.58572584696714,-44.220470228314355
