x,y,z,roll,pitch,yaw
-783.1090121850901,462.62181126926714,902.5209744896067,-90.27513223276942,45.430016682231766,-4.5454395124345055
-790.2005600230343,463.15709360945425,895.5104233072502,-90.27513223276942,45.430016682231766,-4.5454395124345055
-793.7748016105625,460.98615553064417,892.7752539044906,-90.27513223276942,45.430016682231766,-4.5454395124345055
