x,y,z,roll,pitch,yaw
-721.6652253321349,466.1609726694676,897.825047309278,-89.49885814176568,45.20249005372614,46.018776951367364
-726.2991846286724,463.2237331031353,894.1600611844771,-89.81725443450665,45.17150039928906,46.234772732695454
-731.8978753485892,456.6018771687239,886.8701845602637,-90.19629118234317,45.57522171185703,47.195690167730405
