x,y,z,roll,pitch,yaw
-239.3353727358059,920.1998682441813,902.0786556048542,-90.3808426335755,61.634528203304995,-2.482318920009871
-246.56542745144623,920.9776291873733,895.0749692284942,-90.3808426335755,61.634528203304995,-2.482318920009871
-248.0522312256424,922.3018916027672,893.8148302120298,-90.3808426335755,61.634528203304995,-2.482318920009871
-248.9022595342122,921.6995926051064,892.9006813237652,-90.3808426335755,61.634528203304995,-2.482318920009871
-250.0978331077788,921.6525961833378,892.168692104241,-90.3808426335755,61.634528203304995,-2.482318920009871
-251.39116690720476,921.5316769669441,891.3745222076778,-90.3808426335755,61.634528203304995,-2.482318920009871
-252.68663202408942,921.4010445219284,890.5758072141577,-90.3808426335755,61.634528203304995,-2.482318920009871
-254.35336618877523,921.8307109134327,889.7746835232776,-90.3808426335755,61.634528203304995,-2.482318920009871
-255.6610697177868,921.687429930086,889.02178086934,-90.3808426335755,61.634528203304995,-2.482318920009871
