x,y,z,roll,pitch,yaw
8.74605056354062,921.8424270916103,744.6329723072033,-89.79708865762491,45.89206160541795,-44.8541432538102
1.6478398318874952,926.1713438899376,739.1272660068339,-89.79708865762491,45.89206160541795,-44.8541432538102
-1.9012655339390623,928.3358022891013,736.3744128566492,-89.79708865762491,45.89206160541795,-44.8541432538102
