x,y,z,roll,pitch,yaw
85.08594042918085,917.0700626686739,743.7993129292121,-90.06901713350648,45.952860498030574,-45.26237908998818
79.61519154779691,923.4499437104226,737.132126676794,-90.38141995690658,45.57426475136092,-45.20083218532791
76.96951318540897,923.9241937968601,735.1385215387024,-90.71977475458556,45.641028932967934,-45.24910443310912
75.97335154549128,925.2365901380499,733.9578865299428,-90.64899079520771,45.4554346265727,-45.084684167238976
74.76424754617736,925.6364381121539,732.5565627541298,-90.80177229841578,45.43997697528852,-45.13693605674743
73.51681263946209,926.7654396553063,732.4134219587452,-90.80345882994169,57.22612639674928,-45.448710608495134
72.69290137366788,927.0456839892413,730.8383307705958,-95.86896196855716,82.28338017457824,-50.723304412493746
