x,y,z,roll,pitch,yaw
658.9578781251118,-504.1614212365265,341.835794455941,35.242236305602226,30.027302346125296,54.82363097628492
652.2173077164374,-499.2246649670627,347.33062367090463,35.242236305602226,30.027302346125296,54.82363097628492
648.8470225121004,-496.75628683233094,350.0780382783863,35.242236305602226,30.027302346125296,54.82363097628492
