x,y,z,roll,pitch,yaw
779.7271525268941,-506.7365597376159,342.3580984207947,35.2197226197728,30.05554271023592,54.913516814443106
773.3880599254969,-501.35147350362166,347.90938216812344,35.2197226197728,30.05554271023592,54.913516814443106
770.2185136247983,-498.6589303866246,350.68502404178776,35.2197226197728,30.05554271023592,54.913516814443106
