x,y,z,roll,pitch,yaw
-285.9084595217423,887.4369481853096,902.6591315086946,-89.93976045091274,45.540151194426805,-3.1619919948612707
-293.81223176497474,887.3372193200316,896.5033401614278,-89.93976045091274,45.540151194426805,-3.1619919948612707
-297.7641178865909,887.2873548873928,893.4254444877944,-89.93976045091274,45.540151194426805,-3.1619919948612707
