x,y,z,roll,pitch,yaw
779.7271525268941,-506.7365597376159,342.3580984207947,36.400544143725014,20.825654783154803,64.51117292090966
773.3738220690909,-501.2828491142206,347.33919420524853,36.400544143725014,20.825654783154803,64.51117292090966
772.9182550384735,-500.4101063503155,348.5347495810014,36.400544143725014,20.825654783154803,64.51117292090966
772.1408125024591,-499.45173231981374,349.7788997389505,36.400544143725014,20.825654783154803,64.51117292090966
771.342784026469,-498.4819292241804,349.84167725782436,36.400544143725014,20.825654783154803,64.51117292090966
770.7154371399806,-497.6728513014936,351.06690874161814,36.400544143725014,20.825654783154803,64.51117292090966
769.7540008012694,-496.69919264637696,351.13922412894544,36.400544143725014,20.825654783154803,64.51117292090966
768.9565327989759,-495.63348576186564,352.3690211508117,36.400544143725014,20.825654783154803,64.51117292090966
768.1537827263307,-494.971375097544,353.6270463984955,36.400544143725014,20.825654783154803,64.51117292090966
766.864548059541,-494.8983178218529,353.7706517698904,36.400544143725014,20.825654783154803,64.51117292090966
765.727903543045,-494.81243372829937,355.0952035191709,36.400544143725014,20.825654783154803,64.51117292090966
