x,y,z,roll,pitch,yaw
782.2469755423313,-516.5702201991303,335.5808492015043,35.20549775142443,30.072563248621435,54.80325237197473
775.3219400767036,-510.50004338220515,343.3247266803852,27.249134971758142,38.83262937304018,35.1435366340746
771.0272961069377,-500.5545412930488,348.21623519189575,26.38408420545511,38.89682661837155,34.78733935918104
