x,y,z,roll,pitch,yaw
-285.9084595217423,887.4369481853096,902.6591315086946,-90.43351881641941,52.111335345346895,0.32593623038679875
-293.5276188951908,886.9821013298326,896.5206352422181,-90.43351881641941,52.111335345346895,0.32593623038679875
-293.61366598129155,886.9058192464945,895.5224227224354,-90.43351881641941,52.111335345346895,0.32593623038679875
-295.0184534508373,887.2466603081043,894.5680344571535,-90.43351881641941,52.111335345346895,0.32593623038679875
-295.7299560837686,886.6992183947132,893.6757928354511,-90.43351881641941,52.111335345346895,0.32593623038679875
-296.7460286494114,886.6212030601005,892.8005899388324,-90.43351881641941,52.111335345346895,0.32593623038679875
-297.45105620768646,886.0611126986828,891.905668710181,-90.43351881641941,52.111335345346895,0.32593623038679875
-298.7844109027009,886.4496099849246,890.9791212731736,-90.43351881641941,52.111335345346895,0.32593623038679875
-299.89812913438254,886.288987893158,890.0888796139473,-90.43351881641941,52.111335345346895,0.32593623038679875
-301.5252838183967,886.4728946296048,889.5986686816279,-90.43351881641941,52.111335345346895,0.32593623038679875
-303.4140382458877,887.2145293224316,888.995509851015,-90.43351881641941,52.111335345346895,0.32593623038679875
