x,y,z,roll,pitch,yaw
779.2784125796295,-507.17926386676925,340.502158522929,35.24223554010524,30.027302370631368,54.82363170775132
770.8918614684401,-502.02853608842827,345.1470478295498,34.245752285538046,30.01415492033098,54.33909941800808
765.819345440195,-495.54773567382335,350.00458558090577,33.255592724070354,30.163945128405235,53.934630788993225
