x,y,z,roll,pitch,yaw
-283.5327918924137,887.1354457001493,902.859686374506,-90.17511160035964,45.54278201548587,-3.710650030876344
-291.44720412323,887.1857502860423,896.7716098898372,-90.17511160035964,45.54278201548587,-3.710650030876344
-295.40441023863815,887.2109025789889,893.7275716475028,-90.17511160035964,45.54278201548587,-3.710650030876344
