x,y,z,roll,pitch,yaw
785.3120110213761,-501.1002994172151,335.9925948541787,35.198738833348635,30.081109739845434,54.80513497046948
779.0940540681737,-496.05781453718004,341.98511999494724,35.198738833348635,30.081109739845434,54.80513497046948
775.9850755915725,-493.5365720971625,344.9813825653314,35.198738833348635,30.081109739845434,54.80513497046948
