x,y,z,roll,pitch,yaw
787.7899148659959,-508.4406472635085,336.0179920490108,35.2097948502392,30.067311929184818,54.796321198294756
781.9724826611382,-502.34599316098866,341.40433347084115,35.2097948502392,30.067311929184818,54.796321198294756
779.0637665587094,-499.29866610972886,344.0975041817562,35.2097948502392,30.067311929184818,54.796321198294756
