x,y,z,roll,pitch,yaw
-323.0564389208993,882.4032618526822,893.8226699707736,-90.62486867348899,60.14513945495081,-1.4848894906333416
-331.4797066429821,882.2259163643889,888.8495723411158,-90.62486867348899,60.14513945495081,-1.4848894906333416
-333.1732715671851,883.6184638627083,888.0544288672733,-90.62486867348899,60.14513945495081,-1.4848894906333416
-333.79658278864645,883.1332142393097,887.2679280893153,-90.62486867348899,60.14513945495081,-1.4848894906333416
-335.1530406395359,883.4452717816647,886.3909502107917,-90.62486867348899,60.14513945495081,-1.4848894906333416
-335.7719260751643,882.9488167107568,885.5203407656195,-90.62486867348899,60.14513945495081,-1.4848894906333416
-337.13831554170093,883.2591969713884,884.7131612532912,-90.62486867348899,60.14513945495081,-1.4848894906333416
-338.5079242645099,883.56326426761,883.8185552970015,-90.62486867348899,60.14513945495081,-1.4848894906333416
-338.4946725463613,882.155524776061,883.0454188503903,-90.62486867348899,60.14513945495081,-1.4848894906333416
-340.14610657408815,882.300812373529,882.9571360392966,-90.62486867348899,60.14513945495081,-1.4848894906333416
-341.8052254270208,882.4417520917142,882.8679979536341,-90.62486867348899,60.14513945495081,-1.4848894906333416
