x,y,z,roll,pitch,yaw
314.19089516512116,961.448222791001,744.1086635034886,-89.67722171311732,52.107773168388135,-43.05381606964315
307.83415671688516,966.0498040134803,738.8248802448524,-89.67722171311732,52.107773168388135,-43.05381606964315
307.4952304113464,967.2899070086826,737.9934163424446,-89.67722171311732,52.107773168388135,-43.05381606964315
306.6865460838074,968.5804731071121,737.0819306913437,-89.67722171311732,52.107773168388135,-43.05381606964315
305.8994934007124,968.6169050294013,736.2165620878263,-89.67722171311732,52.107773168388135,-43.05381606964315
305.2066927080095,971.1907610638752,735.3117155327812,-89.67722171311732,52.107773168388135,-43.05381606964315
304.41183655870276,971.2273110376268,734.357521266842,-89.67722171311732,52.107773168388135,-43.05381606964315
303.6176671575351,971.2678133504617,733.4834381451858,-89.67722171311732,52.107773168388135,-43.05381606964315
302.66910832912146,971.3363418917043,732.771884885793,-89.67722171311732,52.107773168388135,-43.05381606964315
301.41367040162294,971.4615908131404,732.7085192053767,-89.67722171311732,52.107773168388135,-43.05381606964315
300.36750798562963,974.15145640181,732.580061099582,-89.67722171311732,52.107773168388135,-43.05381606964315
