x,y,z,roll,pitch,yaw
784.4781640755111,-501.7940099121824,335.38092861730945,35.23028523271133,30.041927167938198,54.773360321096575
776.8657827603088,-498.98778192892433,340.2054994683433,34.529732015365134,30.056041022118297,54.25139962078424
771.0862871387305,-492.4041453781337,346.1767926165478,33.7133951595781,30.171884125427567,53.94775769997706
