x,y,z,roll,pitch,yaw
660.7382312481991,-506.1244297924467,335.6348708381271,-90.24671259407532,46.6979821812798,45.66435908805525
654.1250043837586,-501.08842278669846,341.2153453321022,-90.24671259407532,46.6979821812798,45.66435908805525
650.8183909515382,-498.57041928382444,344.00558257908983,-90.24671259407532,46.6979821812798,45.66435908805525
