x,y,z,roll,pitch,yaw
174.93016422105643,981.345270971012,741.8917423728944,-88.67808727990665,45.52050402884806,0.9030602106516588
172.10134066873283,981.1098373734787,739.7428472815986,-88.88764428850892,45.55389879388466,0.898674998603254
162.6672845397811,979.8034835700628,733.1802448854588,-89.39107407782599,45.5931423965145,1.1037884550529025
