x,y,z,roll,pitch,yaw
-382.0419192413159,810.7047440694886,896.415555812425,-89.60113061790908,57.24509973198134,30.4619983314124
-384.79802801561107,808.4519913725527,892.9233235458487,-89.60113061790908,57.24509973198134,30.4619983314124
-386.1309904952699,809.174750597928,891.3580115781361,-89.60113061790908,57.24509973198134,30.4619983314124
-387.6648453650271,809.0137020317167,890.1233601035997,-89.60113061790908,57.24509973198134,30.4619983314124
-388.8715799924478,808.2523483104507,889.1161905072943,-89.60113061790908,57.24509973198134,30.4619983314124
-389.74191145996997,806.8979874484048,888.2290230691108,-89.60113061790908,57.24509973198134,30.4619983314124
-390.4997749941656,805.6017747915762,887.3470877345042,-89.60113061790908,57.24509973198134,30.4619983314124
-391.3433156321413,804.2352521089199,886.4113813162326,-89.60113061790908,57.24509973198134,30.4619983314124
-392.6149804209613,803.3780399747438,885.7645947984104,-89.60113061790908,57.24509973198134,30.4619983314124
