x,y,z,roll,pitch,yaw
-240.06522137860992,947.2914320342379,901.2725642574021,-89.71755384230332,25.243199158056377,41.648775524094575
-243.29474309271524,944.4611768732527,892.2415132536521,-89.71755384230332,25.243199158056377,41.648775524094575
-245.83232084108903,941.3001144605489,889.3083082041616,-89.71755384230332,25.243199158056377,41.648775524094575
