x,y,z,roll,pitch,yaw
203.59371518665702,-496.7548061623868,354.1464620570512,0.05425018414924724,-0.053900978543496805,44.81449666192628
195.0245163374879,-492.2445033208072,356.6416573120637,0.05425018414924724,-0.053900978543496805,44.81449666192628
190.7399169129032,-489.9893519000175,357.8892549395702,0.05425018414924724,-0.053900978543496805,44.81449666192628
