x,y,z,roll,pitch,yaw
163.1480230854853,916.2600882848424,743.3711054715066,-90.06901746942987,45.95286101531392,-45.262379859521126
156.67824637488945,921.9014928074425,738.3375454555979,-90.06901746942987,45.95286101531392,-45.262379859521126
153.44335801959147,924.7221950687426,735.8207654476437,-90.06901746942987,45.95286101531392,-45.262379859521126
