x,y,z,roll,pitch,yaw
456.72351963923364,-493.944949600905,357.91423218862815,-0.0006517247919940315,0.0003047507204619793,25.20266010291026
451.9698572693038,-488.83469352738797,357.37759736326245,-0.0006517247919940315,0.0003047507204619793,25.20266010291026
448.57438414792546,-485.18451061773277,356.99428677371566,-0.0006517247919940315,0.0003047507204619793,25.20266010291026
