x,y,z,roll,pitch,yaw
-382.04191962453274,810.7047455360723,896.41555574134,-89.60590536317464,45.30932383674184,40.77950877775001
-386.6554794143858,810.8020213966737,893.8099694780553,-89.99852447686494,44.9478594062126,40.525428369506926
-393.51437685464316,804.924231935149,886.3895580061724,-90.64436137081319,44.741488660374486,40.56869832276246
