x,y,z,roll,pitch,yaw
639.9137727981708,-501.7088823246248,350.0914643963067,0.029063900877867605,-0.028943483606702344,44.888594383147094
636.4821666491553,-499.06295583289193,353.15544526678195,-0.18415925419978774,0.14886480045538994,44.525996813383166
627.5041652665918,-491.5764770723139,353.1211802583306,-0.8611552592997993,0.11762260686964608,44.31909228554078
