x,y,z,roll,pitch,yaw
543.2276921619402,-510.13135710187294,334.2091261327615,35.20537995847566,30.07254866515791,54.8032127300845
536.7251137826901,-502.9244392693264,341.27190120835394,37.578491867229424,32.44593081204083,57.71032343170458
531.9961946796307,-495.6289828552965,347.1781802962719,36.417923429814614,32.354014905627494,57.77508341550889
