x,y,z,roll,pitch,yaw
543.2277388787879,-510.1314320638444,334.20905188561244,38.714878631202644,28.909904136186885,59.08064875360543
538.1895999077504,-503.10107902259824,339.14083037621936,38.714878631202644,28.909904136186885,59.08064875360543
538.31704540595,-502.09300831612154,341.21584879005275,38.714878631202644,28.909904136186885,59.08064875360543
537.5079859846568,-501.2192595929804,341.81608241837375,38.714878631202644,28.909904136186885,59.08064875360543
536.7484063823133,-500.41261590760405,341.3395225750688,38.714878631202644,28.909904136186885,59.08064875360543
536.158281348628,-499.4788636239906,341.90596459575715,38.714878631202644,28.909904136186885,59.08064875360543
535.5344282358994,-498.4995641333509,343.01066388178447,38.714878631202644,28.909904136186885,59.08064875360543
534.8229192811549,-497.55309409274093,343.58588997320487,38.714878631202644,28.909904136186885,59.08064875360543
534.0635378806606,-496.86153869540624,343.0857782673995,38.714878631202644,28.909904136186885,59.08064875360543
