x,y,z,roll,pitch,yaw
548.4301664101224,-509.72473143234356,337.42944826308917,30.546543242143283,21.634251397104777,57.76237195249551
542.140631080827,-503.5103163555468,341.90079503225263,1.2735478715006257,3.6349446978129825,18.444085978898226
541.8026869110143,-502.4997242111057,341.9235425127722,30.093323865183812,23.291933730075918,55.454434474914706
540.9954922957777,-501.6228488172462,342.54008644161456,29.02966674048608,23.995241974023646,53.5290721758408
540.183203721059,-500.68499662783756,343.15182306980205,29.463553364897116,23.044341497233333,55.04065657093549
539.3663282872844,-499.7983626761038,343.7619376495285,29.154294763249528,22.91737286221395,54.84047632845769
538.5446172423513,-498.9069335853168,344.36884913214726,28.803924718127064,22.756394078418243,54.63052002387113
537.717746966963,-498.01113390357773,344.9716488741259,29.257283250328214,21.779613418767493,56.23679179588477
536.8862937005171,-497.16736541789646,345.57326165517225,48.38835785593248,15.07246228784719,77.1102046713704
535.9001732470239,-496.61576937416305,346.7533159871024,46.57662692547737,8.311121675795555,82.32559988234996
534.7878122629534,-496.28907062650194,347.95217076770234,-90.33568424566863,41.35533345616059,-0.5585399584291046
