x,y,z,roll,pitch,yaw
-834.1058584419228,427.8737385638358,900.9414295377511,-89.6608319282586,39.33051922361948,47.430879812490325
-839.871985939257,425.69328190900086,893.7152758772717,-90.40027996748786,39.17524130471678,46.74170876790918
-845.7604365922265,420.60378098108424,886.120605661849,-90.93630124072634,39.19388385876024,46.87826128662151
