x,y,z,roll,pitch,yaw
708.1458373305206,-499.88089603110916,334.9438037220269,35.219848380347706,30.054880944386934,54.78639064455813
701.2541629484767,-494.65924835744045,339.9676687464828,35.219848380347706,30.054880944386934,54.78639064455813
697.8083257574547,-492.0484245206062,342.47960125871066,35.219848380347706,30.054880944386934,54.78639064455813
