x,y,z,roll,pitch,yaw
214.94597496504957,-504.49031795036944,332.9267008844056,-90.24671259407532,46.6979821812798,45.66435908805525
211.9120833998184,-497.1860827753028,339.0556374158468,-90.24671259407532,46.6979821812798,45.66435908805525
210.39513761720275,-493.53396518776935,342.1201056815674,-90.24671259407532,46.6979821812798,45.66435908805525
