x,y,z,roll,pitch,yaw
713.3960138587415,-503.1509748898279,355.62778426277896,-14.579939447025103,-9.015947062239057,58.90649525157386
709.8563749147058,-499.6449013101935,355.5284115985045,-14.579939447025103,-9.015947062239057,58.90649525157386
709.182970330996,-498.17338645147504,353.53125330262014,-14.579939447025103,-9.015947062239057,58.90649525157386
707.8910839111865,-496.85407987285373,353.73570152028697,-14.579939447025103,-9.015947062239057,58.90649525157386
706.3439667496875,-495.8270168768082,353.28886911505515,-14.579939447025103,-9.015947062239057,58.90649525157386
704.8032010416642,-494.8645811264655,352.8298414551583,-14.579939447025103,-9.015947062239057,58.90649525157386
703.3939142655872,-493.7864222307036,353.0157662349178,-14.579939447025103,-9.015947062239057,58.90649525157386
701.8577511918991,-492.89870701597124,351.85935481469403,-14.579939447025103,-9.015947062239057,58.90649525157386
700.2182849133306,-492.29544379176843,352.06052469323504,-14.579939447025103,-9.015947062239057,58.90649525157386
