x,y,z,roll,pitch,yaw
-424.8104305319702,918.205119533218,744.1665649906712,-89.7970882517332,45.89206095393922,-44.854142308010175
-432.44056795559294,923.7635766348677,735.8979265966062,-90.15896581061587,45.4712119988145,-44.09372997818961
-437.90850914404984,929.0877569236316,728.5950016070832,-90.34424231065438,45.082065647115996,-43.471399266878805
