x,y,z,roll,pitch,yaw
183.60074936044106,-500.9522789062863,336.3268053705769,-90.24671259407532,46.6979821812798,45.66435908805525
176.93595545097298,-495.69930232273447,341.63858442242497,-90.24671259407532,46.6979821812798,45.66435908805525
173.60355849623892,-493.0728140309585,344.294473948349,-90.24671259407532,46.6979821812798,45.66435908805525
