x,y,z,roll,pitch,yaw
-308.83851959868457,864.3492114081077,902.0069149692359,-90.45080790117115,45.42247354725151,-3.962538698086766
-316.89817696543565,863.831986356574,896.1339561820726,-90.45080790117115,45.42247354725151,-3.962538698086766
-320.92800564881117,863.5733738308071,893.1974767884909,-90.45080790117115,45.42247354725151,-3.962538698086766
