x,y,z,roll,pitch,yaw
-268.4502069849472,889.8610496361937,910.9756311360001,-90.29035306540014,39.49274396771204,-9.1910519394458
-275.301693940746,890.0946097940811,904.0125508589991,-90.29035306540014,39.49274396771204,-9.1910519394458
-277.40990047119004,893.1787855593233,902.7002919319175,-90.29035306540014,39.49274396771204,-9.1910519394458
-277.33171053908916,891.9227106758311,901.5468037343967,-90.29035306540014,39.49274396771204,-9.1910519394458
-277.71013454211436,891.6552822730439,900.3101759796762,-90.29035306540014,39.49274396771204,-9.1910519394458
-278.365630508213,891.8462977488043,898.9941432194897,-90.29035306540014,39.49274396771204,-9.1910519394458
-279.02018733997465,892.0326913873716,897.6715309548792,-90.29035306540014,39.49274396771204,-9.1910519394458
-279.67575169377204,892.2181004270898,896.3983531303979,-90.29035306540014,39.49274396771204,-9.1910519394458
-280.8064601574393,892.7372222055171,895.0865478065041,-90.29035306540014,39.49274396771204,-9.1910519394458
