x,y,z,roll,pitch,yaw
786.5049891896673,-509.4713030021054,337.08597793340164,35.21565003658205,30.06004758627332,54.79032781065471
780.5432106895246,-503.44368204384796,342.3892771611286,35.21565003658205,30.06004758627332,54.79032781065471
777.5623214394531,-500.4298715647193,345.04092677499216,35.21565003658205,30.06004758627332,54.79032781065471
