x,y,z,roll,pitch,yaw
-280.23462897250204,890.318892184744,902.169291968514,-90.45080790117115,45.42247354725151,-3.962538698086766
-288.24643419329897,890.341875306516,896.2089972411716,-90.45080790117115,45.42247354725151,-3.962538698086766
-292.25233680369746,890.3533668674021,893.2288498775004,-90.45080790117115,45.42247354725151,-3.962538698086766
