x,y,z,roll,pitch,yaw
-268.450206620235,889.8610869691884,910.9754327241861,-90.27541936490594,45.42999755297447,-4.54558816005816
-275.5417603511352,890.3963110032931,903.9651937722779,-90.27514359400033,45.43001465753798,-4.5454485201910355
-277.3713056542342,892.3864643445611,902.0076867201235,-87.11131732431093,37.929466457140045,-1.3803201352896763
-282.6914467239399,892.8788033207225,893.4072483205757,-87.58693765874537,37.395941226484624,-1.3750441421542288
