x,y,z,roll,pitch,yaw
-213.965003619343,937.2217926971604,718.7118330392375,-89.25480948919304,15.992541897314137,-0.06275540437152713
-213.965003619343,937.2217926971604,718.7118330392375,-89.25480948919304,15.992541897314137,-0.06275540437152713
-217.36992437734827,938.8413226567233,715.4555152602709,-89.25480948919304,15.992541897314137,-0.06275540437152713
