x,y,z,roll,pitch,yaw
-274.0045942285948,916.3105936649722,745.4876619740778,-66.87437812334215,22.469555143034338,-12.727635039089499
-280.32246694129736,920.2548248707076,739.3141302976903,-66.87437812334215,22.469555143034338,-12.727635039089499
-280.416642309144,923.390219372298,738.564104647756,-66.87437812334215,22.469555143034338,-12.727635039089499
-281.1541552800124,923.4600955505853,737.6862400757983,-66.87437812334215,22.469555143034338,-12.727635039089499
-281.7317100139376,924.567594836041,736.8168578037962,-66.87437812334215,22.469555143034338,-12.727635039089499
-282.47406846039837,924.6238162040884,735.8595678516804,-66.87437812334215,22.469555143034338,-12.727635039089499
-283.2150914112464,924.6813646965531,734.9762948939972,-66.87437812334215,22.469555143034338,-12.727635039089499
-283.80986700373876,924.7193383930415,734.1646096736886,-66.87437812334215,22.469555143034338,-12.727635039089499
-284.5466213173918,925.8409972184573,733.278832046859,-66.87437812334215,22.469555143034338,-12.727635039089499
-285.5728848474853,927.0308362316961,733.1456277584782,-66.87437812334215,22.469555143034338,-12.727635039089499
-286.7432741327062,925.0115986454587,732.9462078475099,-66.87437812334215,22.469555143034338,-12.727635039089499
