x,y,z,roll,pitch,yaw
-274.0045942285948,916.3105936649722,745.4876619740778,-90.06901746942987,45.95286101531392,-45.262379859521126
-280.2844607894146,920.9398419961981,739.2940852761093,-90.06901746942987,45.95286101531392,-45.262379859521126
-283.42439406982453,923.254466161811,736.197296927125,-90.06901746942987,45.95286101531392,-45.262379859521126
