x,y,z,roll,pitch,yaw
362.3122307359182,-479.39285497668845,356.1662801445636,-89.4620256904843,1.0877420592090217,16.319004472279918
362.3122307359182,-479.39285497668845,356.1662801445636,-89.4620256904843,1.0877420592090217,16.319004472279918
358.91634942800727,-476.0840813638194,357.7537332372127,-89.4620256904843,1.0877420592090217,16.319004472279918
