x,y,z,roll,pitch,yaw
635.0029771599463,-503.6715797888373,352.68166821214527,0.0612023045904366,-0.028288978649777145,24.81295804020633
630.7767945425394,-494.60850191847084,352.68166821214527,0.0612023045904366,-0.028288978649777145,24.81295804020633
626.418779855835,-492.2736242371354,351.935977791346,0.0612023045904366,-0.028288978649777145,24.81295804020633
