x,y,z,roll,pitch,yaw
-240.88999550619877,921.3135411550771,736.5510251086828,-90.11520370867717,45.9754780995095,-45.08195471927837
-247.85632247840908,927.8765799179429,733.9251354889434,-90.11520370867717,45.9754780995095,-45.08195471927837
-251.33948596451424,931.1580992993757,732.6121906790737,-90.11520370867717,45.9754780995095,-45.08195471927837
