x,y,z,roll,pitch,yaw
818.7856112880075,-509.97453351747646,335.2593582940238,-90.24671259407532,46.6979821812798,45.66435908805525
812.072029642126,-504.6021542000165,340.386477201635,-90.24671259407532,46.6979821812798,45.66435908805525
808.7152388191853,-501.9159645412865,342.9500366554406,-90.24671259407532,46.6979821812798,45.66435908805525
