x,y,z,roll,pitch,yaw
242.4902387176087,917.6276032781925,744.9048369612967,-90.06901746942987,45.95286101531392,-45.262379859521126
235.79527675333225,922.8018146526258,739.6629407722382,-90.06901746942987,45.95286101531392,-45.262379859521126
232.44779577119394,925.3889203398425,737.041992677709,-90.06901746942987,45.95286101531392,-45.262379859521126
