x,y,z,roll,pitch,yaw
240.87894300210473,917.8209133554346,745.6204560916265,-89.90016253173772,45.78618919060423,-45.1052875425414
235.60408538114103,923.0069739561517,738.5645068648782,-90.56735789618511,45.67310841253795,-45.0421911286035
230.52139378410214,927.2650232636543,733.1735564353797,-91.10310262506071,45.58364015373556,-44.893139899605146
227.29138811695822,928.7332989935389,730.6590393200008,-91.4458204777119,45.64134197426223,-44.881282691694636
225.84344204335795,930.1022952223572,731.4410849301094,-98.46164060352768,83.00717086902128,-52.26255133719417
