x,y,z,roll,pitch,yaw
819.7790969713959,-510.8761394952985,338.2513811629431,-89.67704720257852,46.36167608647298,45.05603616134689
814.5458157945214,-503.7194912263873,343.3462017743051,-90.34434690751382,46.30297718855374,44.94191772112257
809.4938801752321,-498.2394781271015,347.53178517218436,-90.88101443551653,46.15748108287206,44.85269253960845
806.2801006472962,-495.68184358192804,348.96405848316726,-91.22402408233492,46.149150112163255,44.90962917385968
804.8207067552507,-496.4365862090259,350.33775870499716,-98.310073253677,53.99855216591373,82.17410056709573
