x,y,z,roll,pitch,yaw
417.1357699006619,-495.5951060543896,362.080401925146,0.02066520171631754,-0.0055268653980196075,14.939318073706438
415.5346524123748,-491.1813713646127,359.61626949400363,-0.24945559707260687,-0.13675061200078265,14.938915401806225
411.2640580952525,-482.4297791960947,360.3626698457133,-0.8118897982065875,-0.20439367048649018,14.751404447153524
