x,y,z,roll,pitch,yaw
704.7175346442498,-501.3852369511098,357.59645959108957,-0.0006517697000713759,0.0003048625020613146,25.202660785047296
703.8089858759973,-502.3249075584967,355.29631836143346,0.2287963947428499,-0.4622690123637568,25.301348373731937
697.2928367023524,-492.35996767851935,355.0610236422848,-0.5056716540599198,-0.5339820302947705,25.391940694718247
