hook_num,trajectory_process,x_max_work,x_max_local,x_min_work,x_min_local,y_max_work,y_max_local,y_min_work,y_min_local,z_max_work,z_max_local,z_min_work,z_min_local,x_mean_work,x_mean_local,y_mean_work,y_mean_local,z_mean_work,z_mean_local,euclidean_max_work,roll_max,pitch_max,yaw_max
17,3,0.61018024716418,0.298752545552804,-5.04836273475712,-1.74930469035054,6.46008155158358,7.9952748550324,-2.8550585752937,-2.84315395287227,5.68350625935363,5.67374725757361,1.75070216501626,1.81634003374695,-2.94542694191874,-0.222082433108303,5.5575094827644,6.28094373121153,4.50167316842846,4.51370151691131,8.60633608860966,-5.79478203785616,-11.0768963277826,2.62273320763926
