x,y,z,roll,pitch,yaw
743.5979960422812,-510.09450311385586,335.7155586056426,35.194149689806736,30.086821278119288,54.814089850340046
738.5979960422811,-503.02343530199045,340.7155586056426,35.194149689806736,30.086821278119288,54.814089850340046
735.5897475261393,-500.77108434801136,344.0136422985223,35.194149689806736,30.086821278119288,54.814089850340046
