x,y,z,roll,pitch,yaw
-333.25803352374146,984.5611514485381,741.002552140794,-89.32229086501606,25.64576392071867,0.4259994173743051
-337.6892471839848,984.6660678683711,735.5850794224414,-89.32229086501606,25.64576392071867,0.4259994173743051
-340.8543997984443,984.7410081682518,731.7154560521896,-89.32229086501606,25.64576392071867,0.4259994173743051
