x,y,z,roll,pitch,yaw
134.35274474629284,-499.5178667063215,359.1238540650138,-0.0006517247919940315,0.0003047507204619793,25.20266010291026
129.9636880081095,-494.0652098834899,359.1925164377848,-0.0006517247919940315,0.0003047507204619793,25.20266010291026
126.82864748083563,-490.1704550100388,359.24156098976414,-0.0006517247919940315,0.0003047507204619793,25.20266010291026
