x,y,z,roll,pitch,yaw
-780.1403046646159,478.2228347229011,902.5224483005825,-89.66852008626154,38.31958827566163,47.035177761479304
-783.3268344134981,475.3471771972673,893.5005055405309,-89.66852008626154,38.31958827566163,47.035177761479304
-783.8100816892911,474.2121173980991,892.5309019428146,-89.66852008626154,38.31958827566163,47.035177761479304
-784.635701346807,473.70629335060056,891.5108940198011,-89.66852008626154,38.31958827566163,47.035177761479304
-785.4578434357422,473.19384822553934,890.490719586468,-89.66852008626154,38.31958827566163,47.035177761479304
-785.9204383222374,472.0471508102121,889.4713751951836,-89.66852008626154,38.31958827566163,47.035177761479304
-786.7322158010702,471.52295288395845,888.4529533769847,-89.66852008626154,38.31958827566163,47.035177761479304
-787.540153433054,470.9922239918633,887.4338376169114,-89.66852008626154,38.31958827566163,47.035177761479304
-788.808927121436,471.01218622498305,886.3415624439901,-89.66852008626154,38.31958827566163,47.035177761479304
