x,y,z,roll,pitch,yaw
134.2976865212999,-500.7246592303724,360.9977518985186,0.05778150568682638,-0.02671424875443319,24.819275198411216
127.35127681293665,-493.60999828302994,362.6610802894214,-0.45364625056658536,-0.16347539613737608,24.71328931492074
121.69889451821086,-483.26642669042184,364.5209715050664,-1.1174693305095578,-0.2036770880268483,24.729105705701286
