x,y,z,roll,pitch,yaw
740.1505868873179,-504.13143799067785,338.4111746544696,35.233888930556176,30.037709738383544,54.84862453053681
735.2092699893603,-497.03961798889685,343.48102373249105,36.789681328725024,17.839619058610044,67.88565373065546
729.3586571286655,-491.3130658923904,348.7365873421593,36.7896742951057,17.839621806239393,67.88565459992577
