x,y,z,roll,pitch,yaw
360.7263771937003,918.7219824545884,738.3875472562258,-90.06901746942987,45.95286101531392,-45.262379859521126
352.795874424702,923.5377096853919,734.797707472726,-90.06901746942987,45.95286101531392,-45.262379859521126
348.83062304020285,925.9455733007935,733.002787580976,-90.06901746942987,45.95286101531392,-45.262379859521126
