x,y,z,roll,pitch,yaw
859.263367620892,-510.0020491746231,337.49472557528134,-89.67704676447711,46.36167745162417,45.05603548417605
853.4172910910925,-502.5735226428877,344.68398417767196,-90.79343206320246,46.83734338688093,45.574787767245354
849.8620124428551,-497.33358578396735,347.2624537902357,-91.57159306667985,46.949340695746336,45.734084130951025
847.4462180063299,-494.51018840960336,349.0338687614314,-91.91111101111754,46.955910352187644,45.75624513620531
847.2445083550224,-495.5537909925994,349.9141675166063,-104.7803702048933,61.0119769703053,83.46434768662013
