x,y,z,roll,pitch,yaw
857.8419854105414,-509.1398033496903,332.1434070857542,-90.24671259407532,46.6979821812798,45.66435908805525
852.4747833739495,-504.0520819512682,338.8918720636,-90.24671259407532,46.6979821812798,45.66435908805525
849.7911823556535,-501.50822125205696,342.26610455252296,-90.24671259407532,46.6979821812798,45.66435908805525
