x,y,z,roll,pitch,yaw
78.37386078265435,966.2680498787115,745.7867266059449,-89.76802811855887,45.977107857809386,-44.900876262095004
70.88474982341425,969.3559687664714,740.5987959647431,-90.27732707147298,45.73134352981511,-44.5437104887433
64.59545788244498,973.3140956656092,733.0162675611027,-91.0159894108793,45.405837179726454,-44.443530088880074
