x,y,z,roll,pitch,yaw
249.637476840579,-500.8305033406837,362.90471939688484,-0.00021858603469911904,0.00018860931041756653,45.09410465824103
241.19358540815787,-495.58531294410324,361.81445558426685,-0.00021858603469911904,0.00018860931041756653,45.09410465824103
236.9716396919473,-492.9627177458129,361.2693236779578,-0.00021858603469911904,0.00018860931041756653,45.09410465824103
