x,y,z,roll,pitch,yaw
-213.67643265010796,986.4975480982647,743.4610722745575,-88.678087743252,45.520504669806954,0.9030592760791409
-219.12579303370435,984.0102195995624,740.4343489881137,-88.69137261913002,44.84077924538832,1.3663764120585538
-228.3230688559473,982.6245195100533,733.8215624456154,-89.6163895803549,44.73680423331963,1.3970974209275824
