x,y,z,roll,pitch,yaw
393.9093896595055,959.7223782926254,744.026487230435,-89.80652122441762,59.27479521202385,-48.75249427616035
388.34882522839877,966.9850032354163,738.9256212079199,-90.55838082515955,58.57010316305856,-75.23097689832326
388.02558397592355,968.1801391067662,738.1728573669893,-88.86991773055585,40.146176447149415,-0.9512006803426486
387.2380175151803,968.2158339863263,737.2309056643547,-90.19939780778249,56.393093125758185,-62.257385259216946
386.59468615810096,969.4402000541293,736.3127968037314,-88.76609611369128,57.56658467619034,58.085279224481994
385.818987069388,968.2729184331911,735.4225224062477,-90.78964825559603,70.10286448118146,-75.31308430012385
385.15302942814304,970.7104132736592,734.515729514967,-90.20770947941743,58.64695385939456,-62.28144805986836
384.49740762798587,971.9585906177165,733.6579716254001,-88.70392039150202,50.49736717566479,-1.834345879270435
383.5451900053967,972.0150653626393,732.8654453435764,-75.23584256177406,87.29540340705408,9.540347378884
382.28609129993293,972.1258460627905,732.803389693262,-89.66716715008253,82.374783795744,-52.81089440141236
381.30667035192033,973.437043536532,732.5869078611117,180.0,0.0,0.0
