x,y,z,roll,pitch,yaw
866.234151411025,-508.44039410488114,337.54356156426286,35.21273555138282,30.063672828321018,54.793278470361706
860.7583039314991,-502.14868028490963,343.05984940923145,35.21273555138282,30.063672828321018,54.793278470361706
858.0203801917362,-499.00282337492393,345.8179933317158,35.21273555138282,30.063672828321018,54.793278470361706
