x,y,z,roll,pitch,yaw
859.4200764258029,-507.5180873480944,339.2267906155528,37.86098277935503,26.798909775026697,60.143480683050484
853.6402406408272,-501.9680285711909,345.5579597113492,37.86098277935503,26.798909775026697,60.143480683050484
853.1676972817836,-501.0102519715097,345.59602157400343,37.86098277935503,26.798909775026697,60.143480683050484
852.5661808517984,-500.22397548741145,346.84721321051893,37.86098277935503,26.798909775026697,60.143480683050484
851.7765631822343,-499.18333313411296,346.9204831941844,37.86098277935503,26.798909775026697,60.143480683050484
850.9865039954857,-498.2225806771882,346.991368373163,37.86098277935503,26.798909775026697,60.143480683050484
850.371964127482,-497.3390803982149,348.22782807094495,37.86098277935503,26.798909775026697,60.143480683050484
849.5779236227975,-496.37306421929344,348.2859167822817,37.86098277935503,26.798909775026697,60.143480683050484
848.7963567216298,-495.56004993453126,349.54534275372885,37.86098277935503,26.798909775026697,60.143480683050484
847.5249653767837,-495.4883762924746,349.7011507981359,37.86098277935503,26.798909775026697,60.143480683050484
846.576679539292,-495.2315331952041,352.2239283008638,37.86098277935503,26.798909775026697,60.143480683050484
