x,y,z,roll,pitch,yaw
394.3885450329255,963.8977107872515,744.5516481575874,-89.76802788143947,45.97710746343515,-44.900875709215484
388.1426801616539,970.6304018349416,740.9466210123707,-90.33512047984681,45.10455025095827,-44.36054446570485
382.10265897489,975.6271105358595,732.5628606650488,-91.51228818652793,44.84994270830561,-44.540215485678594
