x,y,z,roll,pitch,yaw
393.9093896595055,959.7223782926254,744.026487230435,-89.80652122441765,59.2747952120241,-48.75249427616035
388.34882522839877,966.9850032354163,738.9256212079199,-89.80652122441765,59.2747952120241,-48.75249427616035
388.02558397592355,968.1801391067662,738.1728573669893,-89.80652122441765,59.2747952120241,-48.75249427616035
387.2380175151803,968.2158339863263,737.2309056643547,-89.80652122441765,59.2747952120241,-48.75249427616035
386.59468615810096,969.4402000541293,736.3127968037314,-89.80652122441765,59.2747952120241,-48.75249427616035
385.818987069388,968.2729184331911,735.4225224062477,-89.80652122441765,59.2747952120241,-48.75249427616035
385.15302942814304,970.7104132736592,734.515729514967,-89.80652122441765,59.2747952120241,-48.75249427616035
384.49740762798587,971.9585906177165,733.6579716254001,-89.80652122441765,59.2747952120241,-48.75249427616035
383.5451900053967,972.0150653626393,732.8654453435764,-89.80652122441765,59.2747952120241,-48.75249427616035
382.28609129993293,972.1258460627905,732.803389693262,-89.80652122441765,59.2747952120241,-48.75249427616035
381.30667035192033,973.437043536532,732.5869078611117,-89.80652122441765,59.2747952120241,-48.75249427616035
