x,y,z,roll,pitch,yaw
-184.63765494661436,777.4339994307795,895.0634554539074,-90.26889623011978,58.778420616843945,-4.615595850643927
-192.55453543782255,777.2612950467247,889.855282457993,-91.1565892648484,71.31064837151098,-43.2471899928645
-194.2888080431125,778.8290760920889,889.068590540899,-89.55531968888266,42.17973802691193,36.54176354751372
-194.92098441078195,778.3700744344176,888.2088965719486,-89.54719845234793,42.127171861071346,37.709984933678705
-195.54325773809205,777.8988508282416,887.3484253564133,-89.54956099697479,42.131333021058154,37.376554551606795
-196.1686394581958,777.4309019986387,886.487494737464,-90.9673962818014,69.80031293101321,-35.37942982727609
-198.18956073423965,778.8164746763324,885.5899865046805,-89.5544764372079,39.59719971844369,38.733858226169026
-198.8087472237516,778.3303401659691,884.6412327703088,-89.36733048950904,59.72167763212709,37.398933701943825
-199.56344024502147,777.7667064811277,884.093215292934,-110.81215884844661,89.52976896573549,-29.606812103187753
-201.24582747871716,778.0275303393328,884.0828676881581,-91.2159486830091,80.87370814961893,-13.528477360461254
-202.80392881437996,778.3682884043899,883.828779313677,180.0,0.0,0.0
