x,y,z,roll,pitch,yaw
866.2341514256854,-508.44039410084787,337.5435625048217,35.212725483552106,30.06376068287483,54.793326563978546
862.7059265172275,-501.15515590360684,342.8590811797634,34.82764063842286,30.553116210758503,54.354233602599486
857.2026541612677,-494.55491077883556,347.6565326827946,34.539792658978605,30.889003851852834,54.009819340616964
