x,y,z,roll,pitch,yaw
858.9663353166593,-507.06017228548825,335.0443777920103,44.21873233184903,23.346274449800134,68.08611484917658
853.4056961452629,-501.7970588189008,342.23524704227066,44.21873233184903,23.346274449800134,68.08611484917658
853.0818030388061,-501.0218662076208,343.41839568737066,44.21873233184903,23.346274449800134,68.08611484917658
852.3009623974517,-500.0737675976745,343.4403244610545,44.21873233184903,23.346274449800134,68.08611484917658
851.658042614275,-499.1304457648742,344.6507901117476,44.21873233184903,23.346274449800134,68.08611484917658
850.8949027306751,-498.25445005004013,343.47072309105977,44.21873233184903,23.346274449800134,68.08611484917658
850.2230092224592,-497.3017582813721,345.89443242766527,44.21873233184903,23.346274449800134,68.08611484917658
849.567233783762,-496.418285419582,347.1297629116948,44.21873233184903,23.346274449800134,68.08611484917658
848.6205407254145,-495.61804313960494,347.1754578835089,44.21873233184903,23.346274449800134,68.08611484917658
847.3613345069186,-495.5450068671442,347.28867757224134,44.21873233184903,23.346274449800134,68.08611484917658
846.3767367277952,-495.2992906578734,348.5987824046075,44.21873233184903,23.346274449800134,68.08611484917658
