x,y,z,roll,pitch,yaw
-594.8087155341058,643.5652428164507,897.175794335124,-89.62196058619543,44.652240420049296,44.826863252466026
-597.9528587602421,640.6731344908492,888.1673082390604,-89.62196058619543,44.652240420049296,44.826863252466026
-598.769546513117,640.1508402137671,887.205344943375,-89.62196058619543,44.652240420049296,44.826863252466026
-599.3320450354888,638.9477546075107,886.4879229951661,-89.62196058619543,44.652240420049296,44.826863252466026
-599.8869939082393,637.7459770020864,885.8342068465561,-89.62196058619543,44.652240420049296,44.826863252466026
-600.7909560137598,637.1494784885001,885.1159572616509,-89.62196058619543,44.652240420049296,44.826863252466026
-601.6908412085444,636.5459074498369,884.3974839600992,-89.62196058619543,44.652240420049296,44.826863252466026
-602.2235837029696,635.3330064857768,883.7518992104951,-89.62196058619543,44.652240420049296,44.826863252466026
-603.2123835746045,634.6526286074836,883.0948965570726,-89.62196058619543,44.652240420049296,44.826863252466026
