x,y,z,roll,pitch,yaw
-468.26903386373345,727.2712632749402,898.9333631529995,-89.49885793841122,45.20251490347251,46.01877680504076
-474.42235394248127,721.2171253628062,893.887020719604,-89.49885793841122,45.20251490347251,46.01877680504076
-477.49901398185517,718.1900564067392,891.3638495029063,-89.49885793841122,45.20251490347251,46.01877680504076
