x,y,z,roll,pitch,yaw
641.825216069718,-503.67867837648294,356.23884216801326,0.05425018414924724,-0.053900978543496805,44.81449666192628
633.2285207281868,-498.57289129805474,356.4054780424578,0.05425018414924724,-0.053900978543496805,44.81449666192628
628.9301730574213,-496.01999775884065,356.48879597968,0.05425018414924724,-0.053900978543496805,44.81449666192628
