x,y,z,roll,pitch,yaw
-605.2251467514485,615.8199607626893,905.8543011439822,-90.2751322782937,45.43001670329281,-4.545439146623969
-613.8750604248735,616.4358625977574,900.0277789342448,-95.65919907639476,46.72107207543544,25.44030558298462
-620.8294122480625,613.6794709051934,891.8651241866394,-96.29540848660936,46.58066853890425,25.727765773055598
