x,y,z,roll,pitch,yaw
-613.5891795242012,603.7937516488662,895.8604904240627,-90.4508089292833,45.42247335172839,-3.9625381731862825
-623.6927105427602,600.0551405069282,888.4717576880682,-93.98019174500908,61.99004394159469,-3.660056362553422
-633.6727294253906,599.3295738282201,885.2222019413717,-94.57733465980387,61.76890194959003,-3.001595042410999
