x,y,z,roll,pitch,yaw
-623.9569012300858,612.7618247193525,897.8262471670765,-89.74266077803411,60.118267751619975,9.527413849151042
-632.1567682444579,610.9245612549914,892.8503867136258,-91.12117129696435,72.3799923584186,-36.57359236350883
-634.033509817529,612.2670769882141,892.1256107120628,-89.6709512538684,47.981826032158246,37.38962670048545
-634.6743486552123,611.7814751073577,891.405461938302,-89.66881110390634,47.91456558527581,38.180426285503685
-635.307757395099,611.2876954338728,890.6844977711348,-89.66867928281258,47.92571451559198,38.209703670593804
-635.9413988565734,610.793217428947,889.9632685061201,-91.02528099064628,70.55313897294207,-32.23759458739386
-637.9765383011518,612.0319645881841,889.1300555772555,-88.45606715892085,66.08597108773658,92.07378576759376
-637.9652582562452,610.6089240287811,888.5028976328814,-90.85743404449035,68.01953019775722,-13.70596741364906
-639.3740147109984,610.93186815179,887.9226521282723,-87.59882178469778,86.35911397859894,39.11548875500774
-640.2765300797024,610.2544567805935,887.8549121119447,-95.02889336341929,86.57824403394943,-13.700651555363525
-641.8361949717889,610.4936796598379,887.7660335904619,180.0,0.0,0.0
