x,y,z,roll,pitch,yaw
388.39680301855066,-501.3843906650351,342.5210376436479,33.2629142262874,22.8594743442905,59.2693578797646
381.20765618507676,-496.34284552717156,346.8433431085938,33.2629142262874,22.8594743442905,59.2693578797646
380.7702434652736,-495.6057271417675,349.10790238505126,33.2629142262874,22.8594743442905,59.2693578797646
379.9757157228023,-494.8799305157545,349.1972454365798,33.2629142262874,22.8594743442905,59.2693578797646
379.1809782140903,-494.1533630821465,349.2755395616829,33.2629142262874,22.8594743442905,59.2693578797646
378.38559372338875,-493.4265276992577,349.35348905115745,33.2629142262874,22.8594743442905,59.2693578797646
377.7624993883392,-492.57959921068334,351.65216913360564,33.2629142262874,22.8594743442905,59.2693578797646
376.7975922382198,-491.95036465403973,350.6137689226259,33.2629142262874,22.8594743442905,59.2693578797646
375.99920731667345,-491.3598053568136,351.8188047567744,33.2629142262874,22.8594743442905,59.2693578797646
374.8784118570362,-491.2840924259234,351.9532913968525,33.2629142262874,22.8594743442905,59.2693578797646
373.9095746138169,-491.18359699696964,353.20427392399824,33.2629142262874,22.8594743442905,59.2693578797646
