x,y,z,roll,pitch,yaw
385.0505376930466,-504.7115963490195,342.58349604473756,35.242236305602226,30.027302346125296,54.82363097628492
377.3356516588595,-499.1234353648118,345.6253688714819,35.242236305602226,30.027302346125296,54.82363097628492
373.47820864176595,-496.3293548727081,347.14630528485395,35.242236305602226,30.027302346125296,54.82363097628492
