x,y,z,roll,pitch,yaw
-571.0082393056668,629.4920957872532,904.1188990341896,-90.27513279070415,45.4300166815794,-4.545437664626702
-581.804583377087,629.6237510832406,898.7403709910665,-86.98497608223015,49.8709470579705,-9.703507424402318
-590.2259276524319,632.2678291209035,891.9364374657622,-86.14787459971275,47.96020678332914,-8.13172906071742
