x,y,z,roll,pitch,yaw
-79.96822755053716,969.2282357154539,743.9305271690499,-89.76802864492885,45.97710869277021,-44.90087747352258
-87.1249021198285,973.730015992614,738.638522880028,-89.76802864492885,45.97710869277021,-44.90087747352258
-90.70323940447417,975.9809061311939,735.9925207355169,-89.76802864492885,45.97710869277021,-44.90087747352258
