x,y,z,roll,pitch,yaw
390.78937933291485,-507.7835808941236,341.04812705425024,35.20972933752371,30.067347442595512,54.796342244453655
388.2460631025594,-501.360811422133,345.26858365050725,28.317353696226665,24.27037192871415,55.33284909636666
380.8794657430361,-493.6629026492734,350.5561590593944,27.726320453155413,24.478157027424135,54.88955378896746
