x,y,z,roll,pitch,yaw
385.05053770063637,-504.71159635646825,342.58349608302774,35.24223623826222,30.02730233336649,54.823631064012794
375.34920387486386,-498.2884847580666,347.4515258962099,33.675353516077166,29.800439946349655,54.40974131027424
369.00391081810494,-491.5847832631848,352.14106324763054,32.38229751462666,29.75845993030201,54.131623701847936
