x,y,z,roll,pitch,yaw
387.82421961065427,-507.5685181650869,339.26313632199674,40.30440919483723,24.242038564756754,64.31894314871816
382.0889782772109,-501.88600489416405,345.21102898291724,88.53017031715834,44.09819841464533,89.03937971497565
382.0680134270137,-500.7863655193418,346.34845274303484,32.069120171108466,24.35911005884037,56.3948418819514
381.2551285781528,-499.8832473654923,347.0177915007712,31.75351145123082,24.247572188107988,56.18404305916286
380.43701943534296,-498.9749115231272,347.6842401282412,32.17338748055746,23.170114066059014,57.72444630666844
379.6136423914667,-498.11946196642253,348.3487763434357,31.872082310319318,23.066724126360374,57.5308477772527
378.7850215022419,-497.25911574018465,349.01065491373356,51.5315085243588,25.29920836916248,71.36353784178445
377.93004537521654,-496.34437369057486,350.2676008523922,51.32520402156248,25.317403096917648,71.2230246234287
377.0648695929099,-495.41934654254936,351.53143075579067,31.4439107865782,9.31311710627129,74.88253362896107
375.9807383757946,-495.00985250157606,352.22630007052305,31.56752150058215,8.031257964118925,76.89280417182788
374.89037329782946,-494.6568652684096,352.92014075556494,-90.64572369727814,41.4096464178188,-0.7009718154363143
