x,y,z,roll,pitch,yaw
387.43613603943885,-502.32374353771706,343.7654317090951,35.21136924939794,30.06532506102576,54.79168843503779
383.18292048784093,-495.14607292291623,344.5353702168039,33.29222703178531,29.04785121156218,56.76051479064391
376.5222318587834,-488.90549829785516,349.70331687082,31.909171709893258,28.937097057300672,56.611424742965355
