x,y,z,roll,pitch,yaw
388.39680301855066,-501.3843906650351,342.5210376436479,35.191373865754535,30.09022460709029,54.81160219646274
381.2516794871675,-496.3577127250645,347.38721875506246,35.191373865754535,30.09022460709029,54.81160219646274
377.679117721476,-493.8443737550791,349.82030931076986,35.191373865754535,30.09022460709029,54.81160219646274
