x,y,z,roll,pitch,yaw
-623.9569881124953,612.7618122609588,897.8262095788263,-90.41174846831942,45.3607409573127,-1.729441313322254
-626.2823916588136,610.0288093145731,894.0021441121366,-85.01777916823393,46.01775964466023,14.455006205496757
-634.3593103463855,609.6262113208523,887.7853891286003,-85.81464607187947,45.91279938960161,14.688025901899975
