x,y,z,roll,pitch,yaw
-581.299609334708,619.2909965601468,903.972470592588,-89.93976045091274,45.540151194426805,-3.1619919948612707
-589.7161258968539,621.4095495091658,898.9628385444845,-89.93976045091274,45.540151194426805,-3.1619919948612707
-593.9243841779269,622.4688259836753,896.4580225204327,-89.93976045091274,45.540151194426805,-3.1619919948612707
