x,y,z,roll,pitch,yaw
-587.3215909970654,624.3763633417587,904.6489092460281,-89.72591024687475,53.9316617010409,2.6085080257928914
-595.2643818775651,623.8671125826796,898.7592004784406,-90.34280621903228,31.40730301577871,-26.50096465386359
-595.848723065018,624.1534498349694,897.6961677045454,-89.74971302470884,49.84098086587122,2.358914927044229
-596.9095441799544,624.1132513819658,896.8010177874229,-89.74775511079105,49.73631383258661,2.6599520532028493
-597.9724340843082,624.0674160187069,895.9006299370168,-89.56769673913055,45.21961124606109,36.8479708384784
-598.6293763266294,623.5831318753623,895.0944743021719,-90.40808806421691,57.93352568070837,-14.667452207489907
-600.1046105990614,623.9594885837952,894.1424381666527,-89.72242669264973,53.256720868786275,3.4919041383528744
-601.1743379795304,623.8983017540338,893.3434430938988,-90.43969643364325,60.973329590326834,-14.349821411338628
-602.6686127238676,624.2698380016818,892.490910469463,-89.23469385696451,68.87737935963526,37.979557349478
-603.5125154942377,623.6270576842018,892.0841621940274,-90.92834566028793,78.93197666370854,-8.58562656950253
-605.2134997830087,623.8566634380703,891.751471741242,180.0,0.0,0.0
