x,y,z,roll,pitch,yaw
-571.0082691005812,629.492088460226,904.1188881145792,-90.47016353304846,56.945738949702395,-16.635264593786452
-578.0469364718653,630.0209863472262,897.1287566061809,-90.47003745162398,56.94575623195086,-16.63521351141165
-587.2846461894605,632.5644979579731,891.0313859366477,-91.61982653730132,56.5013402510423,-16.399698048716164
