x,y,z,roll,pitch,yaw
388.0194336226399,-506.551558789909,335.97959138959243,43.79183816056144,23.888131209778894,67.23194314946299
382.49588034309346,-501.1640641071972,342.4737123630089,72.80658481013101,42.23877256003342,78.32744836786631
382.24442233251153,-500.0749125026199,343.5948446842234,31.746376510005103,23.008464581121157,57.48115422761258
381.4383831714556,-499.23921092603257,344.23572059684716,3.8217432896709584,3.7383999016654355,44.98096127632394
380.53085683686146,-498.3271284416062,344.32060896396854,50.27422192045341,26.566163988764497,69.72768029859618
379.69704891121916,-497.38175450120366,345.51741859773597,51.11278796096305,24.03781862249926,71.92538400671833
378.8534551045228,-496.54132815195464,346.7229060207907,30.548014866875686,22.57157946560059,56.72025338132562
378.02455088305237,-495.68411049060194,347.35486672775903,50.634677033764795,24.081184165440206,71.60568306030063
377.16371683343175,-494.8274635326288,348.5668561075953,4.413508781909885,1.0484273824762418,75.72122268404308
376.00505615577913,-494.53352158891266,348.65876640046145,59.890765721636,12.064261448434308,83.17735175707293
374.9781748685662,-494.01845819162247,350.482795744706,-90.33568424566863,41.35533345616059,-0.5585399584291046
