x,y,z,roll,pitch,yaw
385.0439933519737,-503.3720322290264,345.8658089501099,35.2197226197728,30.05554271023592,54.913516814443106
377.90291450591417,-497.95295514070693,350.29735455240393,35.2197226197728,30.05554271023592,54.913516814443106
374.3323750828844,-495.2434165965471,352.5131273535509,35.2197226197728,30.05554271023592,54.913516814443106
