x,y,z,roll,pitch,yaw
386.4767763175822,-507.89045013706703,330.5958727684472,35.331698303862254,29.91822670164744,54.6616095371948
381.6738015698218,-502.81465991468934,337.749039003814,35.331698303862254,29.91822670164744,54.6616095371948
379.2723141959416,-500.2767648035004,341.3256221214973,35.331698303862254,29.91822670164744,54.6616095371948
