x,y,z,roll,pitch,yaw
383.13089748498555,-507.134378831911,336.1842942906858,35.2055860749739,30.072508653835104,54.803223031604496
378.13089748498555,-500.0633110200455,341.1842942906859,35.2055860749739,30.072508653835104,54.803223031604496
375.85103865455727,-497.31036000434347,344.68050715869947,35.2055860749739,30.072508653835104,54.803223031604496
