x,y,z,roll,pitch,yaw
-79.30393810816781,970.7631357809835,744.2492195170132,-88.9309941708009,55.65046423306413,-16.637163598873475
-87.05182678940918,973.7571342337002,738.5532659746686,-91.2084660789742,73.99308696855759,-81.33132418454554
-87.46237263000404,976.1637100208975,737.8618875298712,-88.61716386536663,57.900768945849705,47.68078706620449
-88.46616628547912,975.128138885323,736.9600007706056,-88.88311498039324,45.488961138281134,-5.912010624434345
-89.27338776752083,975.2328691798289,736.1535922873818,-88.5381524992759,61.4901567831194,53.7300922960606
-90.10709642766449,974.1700505896025,735.4206818530281,-90.91580466350585,72.00537745081677,-76.7775127624423
-90.70468396578997,976.5771449886472,734.6231379145556,-88.50464479617433,60.81820405797936,48.83142099983757
-91.69776627917315,975.513259648453,733.8124321820836,-90.0973968141099,69.29777359041398,-57.98894426633186
-92.48715609773234,976.7796248881959,733.2499691049717,-71.9072689026423,87.56943890167335,60.05988230007409
-93.62653218118646,975.75495842389,733.1864129524943,-84.56522773293459,82.79266069916851,-1.7268983926177215
-94.75030509722183,975.8932313099758,733.0400796839899,180.0,0.0,0.0
