x,y,z,roll,pitch,yaw
-267.7150559499614,891.0343013543455,912.3485565725398,-89.80738038487392,27.006384220113063,2.8787170661641586
-274.67995124521775,891.4199436049756,905.3580634279854,-89.80738038487392,27.006384220113063,2.8787170661641586
-274.60554863793925,891.488346322675,904.2468138185097,-89.80738038487392,27.006384220113063,2.8787170661641586
-275.52145836199344,891.4415783125064,903.0758709077095,-89.80738038487392,27.006384220113063,2.8787170661641586
-275.879669461527,891.1565051143207,901.8551605602945,-89.80738038487392,27.006384220113063,2.8787170661641586
-276.4450055183916,891.379701904107,900.6154104970494,-89.80738038487392,27.006384220113063,2.8787170661641586
-277.0978244417696,891.530377465177,899.3701577296463,-89.80738038487392,27.006384220113063,2.8787170661641586
-277.75113363616583,891.6784605497294,898.1184213408137,-89.80738038487392,27.006384220113063,2.8787170661641586
-278.10029761903576,891.3773040929445,896.88815402157,-89.80738038487392,27.006384220113063,2.8787170661641586
