x,y,z,roll,pitch,yaw
-267.7150559499614,891.0343013543455,912.3485565725398,-90.04125630882167,36.218200451172414,-0.8333612231351735
-274.67995124521775,891.4199436049756,905.3580634279854,-90.04125630882167,36.218200451172414,-0.8333612231351735
-274.60554863793925,891.488346322675,904.2468138185097,-90.04125630882167,36.218200451172414,-0.8333612231351735
-275.52145836199344,891.4415783125064,903.0758709077095,-90.04125630882167,36.218200451172414,-0.8333612231351735
-275.879669461527,891.1565051143207,901.8551605602945,-90.04125630882167,36.218200451172414,-0.8333612231351735
-276.4450055183916,891.379701904107,900.6154104970494,-90.04125630882167,36.218200451172414,-0.8333612231351735
-277.0978244417696,891.530377465177,899.3701577296463,-90.04125630882167,36.218200451172414,-0.8333612231351735
-277.75113363616583,891.6784605497294,898.1184213408137,-90.04125630882167,36.218200451172414,-0.8333612231351735
-278.10029761903576,891.3773040929445,896.88815402157,-90.04125630882167,36.218200451172414,-0.8333612231351735
