x,y,z,roll,pitch,yaw
-488.4502451381692,707.3754054403969,897.518096822661,-90.52386856187913,45.38782450738402,-4.409404406901207
-497.1232035756431,707.9586332457621,893.856573433465,-91.2136025214182,45.405547988130955,-3.701929160195981
-505.7117625748637,707.8438765913833,887.8756338805518,-92.16929833462322,45.46722321585664,-3.279972734349659
