x,y,z,roll,pitch,yaw
366.82201164525486,921.8584449384146,742.5685764785665,-90.14614277185945,45.878464345584646,-45.25878656639379
361.0394437758474,927.4235193835932,736.6474675164666,-90.14614277185945,45.878464345584646,-45.25878656639379
358.1481598411437,930.2060566061825,733.6869130354166,-90.14614277185945,45.878464345584646,-45.25878656639379
