x,y,z,roll,pitch,yaw
-34.72624691304446,917.6308505675374,745.3468500038081,-90.06901996729908,45.952862013072945,-45.26238142351277
-39.09844471170707,921.8284414722522,739.2852994138773,-89.23277765001217,44.95077881874412,-44.737727414394826
-42.910141588491825,923.9637412013062,735.4439412046454,-89.21050255512019,44.649064392937944,-44.73226824323711
-44.519493148754556,925.5185780931777,733.7463545251532,-89.09625524224498,52.55273186915515,-44.458545857227485
-46.0664810077388,925.9523749960448,732.3417208128949,-88.81177511646229,78.66313298666441,-44.051289348203255
