x,y,z,roll,pitch,yaw
79.38533531533406,940.3702470479043,720.4708640379573,-89.2548094851844,15.992541391963249,-0.06275540271640309
75.28768392583918,939.0233167323072,713.6557036741988,-90.05242084034509,40.284057208259064,-3.396803086294397
70.49183221484161,939.4289102640722,707.3988841831347,-90.64133353139981,52.01474354114236,-3.9898106776696416
65.17334752002988,938.407773125428,706.8734157374013,-80.279821970101,74.32788633336666,0.6645506946585105
