x,y,z,roll,pitch,yaw
6.425913731936248,920.0961555169179,745.8161962326922,-90.06901746942987,45.95286101531392,-45.262379859521126
-1.0357568999983187,922.6289689447208,739.6995240591664,-90.06901746942987,45.95286101531392,-45.262379859521126
-4.766592215965601,923.8953756586222,736.6411879724035,-90.06901746942987,45.95286101531392,-45.262379859521126
