x,y,z,roll,pitch,yaw
269.9743831121488,982.6248618927532,740.1474540136176,-89.32229086501606,25.64576392071867,0.4259994173743051
266.58899480260476,985.0076117039517,734.5127476118473,-89.32229086501606,25.64576392071867,0.4259994173743051
264.17086029578763,986.7095758548078,730.4879573248685,-89.32229086501606,25.64576392071867,0.4259994173743051
