x,y,z,roll,pitch,yaw
-759.4081458831022,488.77324932556235,898.790743550056,-90.27513223276942,45.430016682231766,-4.5454395124345055
-766.4996937210465,489.30853166574946,891.7801923676996,-90.27513223276942,45.430016682231766,-4.5454395124345055
-770.0294429569102,486.2548141835154,889.9867456574284,-90.27513223276942,45.430016682231766,-4.5454395124345055
