x,y,z,roll,pitch,yaw
-481.6429382726707,737.9981282300782,900.193185823988,-89.65486286735785,41.53973821511556,44.759401123152436
-484.7291953248059,734.9384358824527,891.1501892944073,-89.65486286735785,41.53973821511556,44.759401123152436
-485.6473102088304,734.3939506521959,890.0921735147331,-89.65486286735785,41.53973821511556,44.759401123152436
-486.1101414927193,733.2716845487938,889.205215529638,-89.65486286735785,41.53973821511556,44.759401123152436
-487.018349829028,732.7179372905728,888.3250965550433,-89.65486286735785,41.53973821511556,44.759401123152436
-487.92227264937765,732.1566839579508,887.4437011069872,-89.65486286735785,41.53973821511556,44.759401123152436
-488.4659607077524,730.9666005405427,886.6832774976526,-89.65486286735785,41.53973821511556,44.759401123152436
-489.3585140133978,730.3920473276074,885.8036891790355,-89.65486286735785,41.53973821511556,44.759401123152436
-489.8866504539386,729.1946242568144,884.9920751375291,-89.65486286735785,41.53973821511556,44.759401123152436
