x,y,z,roll,pitch,yaw
-481.6429382726707,737.9981282300782,900.193185823988,-89.71755384230332,25.243199158056377,41.648775524094575
-484.8724599867759,735.1678730690929,891.162134820238,-89.71755384230332,25.243199158056377,41.648775524094575
-487.7376104777693,732.0371900925728,888.5137678823692,-89.71755384230332,25.243199158056377,41.648775524094575
