x,y,z,roll,pitch,yaw
383.9846323192497,-499.13863148435973,354.9464874019822,0.05425018414924724,-0.053900978543496805,44.81449666192628
375.41836377321545,-494.50492689540624,357.2153692806916,0.05425018414924724,-0.053900978543496805,44.81449666192628
371.1352295001984,-492.18807460092955,358.3498102200462,0.05425018414924724,-0.053900978543496805,44.81449666192628
