x,y,z,roll,pitch,yaw
-401.0133751078187,787.5486935895331,911.3429894487131,-90.18796120251135,40.886383443856175,-0.8085792718363933
-408.2571496274366,788.1710661767563,904.2817207825276,-90.18796120251135,40.886383443856175,-0.8085792718363933
-409.70808483681867,789.4218476279317,902.9538826199937,-90.18796120251135,40.886383443856175,-0.8085792718363933
-409.78745263137574,788.5386296370458,901.7919329533032,-90.18796120251135,40.886383443856175,-0.8085792718363933
-410.600968225672,788.6856790731769,900.535863123876,-90.18796120251135,40.886383443856175,-0.8085792718363933
-411.04010216530617,788.3094802648144,899.3552470749687,-90.18796120251135,40.886383443856175,-0.8085792718363933
-412.3132938076076,788.8905643326692,898.0591760559313,-90.18796120251135,40.886383443856175,-0.8085792718363933
-412.7493317150921,788.5045857564411,896.8143587856114,-90.18796120251135,40.886383443856175,-0.8085792718363933
-413.651069585188,788.5622807615968,895.5896609049997,-90.18796120251135,40.886383443856175,-0.8085792718363933
