x,y,z,roll,pitch,yaw
-193.93870759882554,930.9602405729938,741.4559533728175,-89.88522547127668,46.031485560981736,-44.980310326714935
-184.996714697625,928.9885747642613,737.4741699168991,-89.88522547127668,46.031485560981736,-44.980310326714935
-180.52571824702474,928.0027418598951,735.48327818894,-89.88522547127668,46.031485560981736,-44.980310326714935
