x,y,z,roll,pitch,yaw
-471.55965892381266,753.9148456756121,899.5049795271508,-90.44156436439077,45.410592849720466,-2.282726668733418
-476.4175882704623,749.5546292339648,892.9970883128566,-91.07598467365534,42.35893066652299,8.700616701712745
-484.1328331095116,748.9531140746324,884.2079635140078,-91.94183677171475,42.35623857774342,8.669126314871319
