x,y,z,roll,pitch,yaw
-541.8074314434648,653.8948010684959,901.7438580570049,-89.49885793841122,45.20251490347251,46.01877680504076
-548.3411098987102,648.8527238020421,896.1074620631099,-89.49885793841122,45.20251490347251,46.01877680504076
-551.6079491263329,646.3316851688152,893.2892640661624,-89.49885793841122,45.20251490347251,46.01877680504076
