x,y,z,roll,pitch,yaw
215.1638723718354,-505.3090373573251,332.56381392501424,-90.24671259407532,46.6979821812798,45.66435908805525
211.98125231119917,-497.8131427233443,338.37776682351483,-90.24671259407532,46.6979821812798,45.66435908805525
210.3899422808811,-494.06519540635384,341.2847432727651,-90.24671259407532,46.6979821812798,45.66435908805525
