x,y,z,roll,pitch,yaw
-707.1525612966948,510.59370029875004,904.5346226079731,-90.41213742620387,43.04917064750088,-27.004191873209564
-713.3054510068092,513.7628800485659,897.2606674774539,-89.51974580837548,15.288638692849805,41.4653653856953
-713.4842479869083,513.6133300768691,896.4162574701122,-89.39708654942345,36.5818101735403,123.46409356837958
-713.1638230135082,513.1073364725947,895.6140190861985,-90.5796300481538,54.043108266081816,-35.529144833835645
-714.1572948906962,513.802106722204,894.7380066281551,-90.37166975710983,37.66981750946574,-25.24408531668109
-714.7456034235944,514.0745292843853,893.8999944548968,-89.3114851070446,48.7815592335308,88.54726848261367
-714.7797918662201,513.2906429911104,893.2153988122084,-88.45867285830315,65.32939111060323,109.21679235740105
-714.4024439861478,512.0917949958864,892.6419762843566,-90.36386983388317,37.166941754876504,-24.5723458713908
-714.9840979364308,512.3530047838808,891.8026009297873,-91.30467263621316,74.06292905464277,-44.82014883736476
-717.5807125065326,514.8253303499531,890.7882348118499,-90.94669531341077,66.66064276395491,-46.18294849763261
-719.2943830744941,516.5561027962968,889.7442188581729,180.0,0.0,0.0
