x,y,z,roll,pitch,yaw
216.61315814413342,-501.15514764978565,335.62094277271694,35.21979857754528,30.054863880550464,54.78173663880772
213.65753834684233,-495.0609449995322,342.97791264294915,35.21979857754528,30.054863880550464,54.78173663880772
212.1797284481968,-492.01384367440545,346.65639757806537,35.21979857754528,30.054863880550464,54.78173663880772
