x,y,z,roll,pitch,yaw
-248.4235532845913,958.6188825030928,744.8636138152027,-90.24990790853388,48.21555539687996,-65.28658563006033
-251.57303470191582,965.6640640254194,738.2130453412722,-89.75913974229186,2.2010455334437893,86.1852765485674
-251.58166036617968,965.6369060543129,737.4188105998272,-90.63468077366053,54.11345179619528,-80.71936665586631
-251.7849649780969,966.8196853521374,736.5556967845012,-88.98449759760604,22.119732589855005,1.5939954162788919
-252.10408463548993,966.8252180263539,735.7622955026167,-90.6671938256147,56.6465820602978,-80.74665622758862
-252.30960248636708,968.0209221338826,734.9687661780803,-90.5122069557952,57.848395311684875,-73.74679290706679
-252.67332476214958,969.2435090898757,734.1706701090293,-87.92707809352558,75.67515327095481,79.52054727306364
-253.21403762925448,966.874240776006,733.5421435029498,-88.59034178884414,64.07816204359946,64.92567467913094
-253.7935348086743,965.7306037293948,732.9173161263262,-94.7792985407551,86.14977672135163,-90.36500014887417
-254.14909392149764,970.572483691677,732.5718101768532,-90.54207113508788,60.50162804336885,-73.69919007121699
-254.52266605378392,971.8219831577942,731.837697248918,180.0,0.0,0.0
