x,y,z,roll,pitch,yaw
216.63791724752173,-503.2646134713984,335.74211069754335,57.597522638107755,38.03767440805874,68.87617747964829
213.50082395089447,-496.47319735882076,342.6826082528779,57.597522638107755,38.03767440805874,68.87617747964829
213.4981599684395,-495.67949422284966,342.642026198631,57.597522638107755,38.03767440805874,68.87617747964829
213.29507519992296,-494.795047837956,343.81061714421025,57.597522638107755,38.03767440805874,68.87617747964829
212.98174469748074,-493.9993767320772,343.8035998587534,57.597522638107755,38.03767440805874,68.87617747964829
212.77586994073988,-493.18426838758097,344.9862987699586,57.597522638107755,38.03767440805874,68.87617747964829
212.41168662858985,-492.36299377095605,346.19624020501396,57.597522638107755,38.03767440805874,68.87617747964829
211.8878197987321,-491.7707347012035,343.8181041490285,57.597522638107755,38.03767440805874,68.87617747964829
211.31881260396915,-491.16116176468773,342.6656287869333,57.597522638107755,38.03767440805874,68.87617747964829
210.9407848560133,-490.7312390675765,347.5020888871495,57.597522638107755,38.03767440805874,68.87617747964829
210.5661438189822,-489.9734101910969,348.74005075744435,57.597522638107755,38.03767440805874,68.87617747964829
