x,y,z,roll,pitch,yaw
-706.0486836759401,514.9747176602875,898.4539477181011,-90.67862708179213,48.66153770511956,-27.60312981419461
-712.6107956390429,518.2580935425297,891.8777190725382,-90.67862708179213,48.66153770511956,-27.60312981419461
-712.6876393858944,518.1575832638969,890.9915146536333,-90.67862708179213,48.66153770511956,-27.60312981419461
-713.6864022084146,518.9831625605013,890.0827510402196,-90.67862708179213,48.66153770511956,-27.60312981419461
-714.7960711641781,519.7555642059908,889.2242234321416,-90.67862708179213,48.66153770511956,-27.60312981419461
-715.4470825155314,520.0671376716673,888.4314065960502,-90.67862708179213,48.66153770511956,-27.60312981419461
-716.2008304989777,520.3156373995323,887.6346928232714,-90.67862708179213,48.66153770511956,-27.60312981419461
-715.355419307863,518.4883420998719,886.9794666705409,-90.67862708179213,48.66153770511956,-27.60312981419461
-716.1074481905658,518.7352924063232,886.2419606351007,-90.67862708179213,48.66153770511956,-27.60312981419461
-720.0775255367138,522.4781687157836,885.5660830871234,-90.67862708179213,48.66153770511956,-27.60312981419461
-720.2638600335681,522.3162644344383,884.7075284096716,-90.67862708179213,48.66153770511956,-27.60312981419461
