x,y,z,roll,pitch,yaw
212.66305581691478,-504.12491040654913,337.57850357287646,35.20668871444965,30.072094001519055,54.96922499594348
209.16794000837393,-494.70775464584494,346.1982641010876,34.94812524404807,30.299619838955003,54.587830671118404
205.78662117429275,-485.3915749300445,353.5477223506001,33.95589290659743,30.465051299077135,53.93323111253106
