x,y,z,roll,pitch,yaw
218.70123112740612,-501.39340086701895,331.31340510260725,61.670564325890304,38.051563537366796,71.76017439337703
215.92686672307377,-494.77109810871957,338.080404920468,-1.8150277451415178,-13.498565403711813,7.718657548731475
215.80998484387334,-493.88404834905316,338.0520896605683,78.57335958268914,34.84800529798787,83.51944827970956
215.59977088382524,-492.9690564307748,339.32771125581974,73.33887187049044,31.670530656180922,81.18644584157559
215.27044265345128,-492.10325312672717,340.6364645626435,57.263929024693404,43.16288090601212,66.41170251954942
214.98705770171438,-491.30583637744303,341.296630479217,49.81125590287865,37.91980026355296,62.7367233378874
214.58470822936656,-490.50352093804736,341.97690443371596,-73.3933741024895,-17.60378700429619,84.89543694324519
214.036939082397,-489.8508918990816,340.0423123115421,50.74447284677516,36.23722211949839,64.38648377377143
213.6344156371292,-489.1077924623901,340.72050270502154,84.08950524735607,7.2994951798944925,89.35399285551692
213.07695006242315,-488.4081630565822,346.14898381788953,-0.08676133591729224,-0.5659421486075628,15.39683791904954
212.8368378311465,-487.5477083284902,346.14660058235506,-90.37038051701614,40.959907078453305,-0.49642326742916293
