x,y,z,roll,pitch,yaw
219.20568432487516,-506.39537794096105,336.5700581923444,35.21273555138282,30.063672828321018,54.793278470361706
216.68469053574643,-499.03555072595435,342.85317315869816,35.21273555138282,30.063672828321018,54.793278470361706
215.424193641182,-495.35563711845106,345.9947306418751,35.21273555138282,30.063672828321018,54.793278470361706
