x,y,z,roll,pitch,yaw
-737.9782437548589,494.75577548001667,899.7188365782188,-90.54425570827529,48.16092831289596,-13.0147348379981
-745.1586564215241,497.89697450294426,893.458047611475,-90.54425570827529,48.16092831289596,-13.0147348379981
-745.1360514310968,497.86103911056813,892.6584865501226,-90.54425570827529,48.16092831289596,-13.0147348379981
-746.1547874232446,498.4900552836967,891.9361105320777,-90.54425570827529,48.16092831289596,-13.0147348379981
-747.0537023270842,499.21627262931185,891.1251708340379,-90.54425570827529,48.16092831289596,-13.0147348379981
-748.086349789169,499.8526195961056,890.3098088391394,-90.54425570827529,48.16092831289596,-13.0147348379981
-748.3175043351937,499.62742346000095,889.5853763574315,-90.54425570827529,48.16092831289596,-13.0147348379981
-749.363138034195,500.2745398299177,888.9228696846486,-90.54425570827529,48.16092831289596,-13.0147348379981
-748.3578951589918,498.0390793845815,888.3253609203787,-90.54425570827529,48.16092831289596,-13.0147348379981
-749.6651308187692,498.50431572774556,888.0692060901317,-90.54425570827529,48.16092831289596,-13.0147348379981
-752.240361752356,500.99073791141126,887.3477660553033,-90.54425570827529,48.16092831289596,-13.0147348379981
