x,y,z,roll,pitch,yaw
-706.0486841373099,514.9747181645392,898.4539477359172,-90.52358950507332,45.38785251694177,-4.409335534082871
-713.6685263311382,519.432835572966,894.3082108816698,-82.7263556115542,40.26873423365184,-11.456221184777544
-720.7640130045236,522.1642816342955,887.3581959935666,-81.85922713460042,39.45012003722136,-10.973584977932447
