x,y,z,roll,pitch,yaw
221.59459173349344,-506.9196938255669,335.400129882001,35.209585247804924,30.067381363241417,54.79637657921541
221.8901892551769,-498.53176549748946,338.5993079693528,48.63615132293827,30.533899748354347,54.102119004429525
218.7110330630648,-491.46051873159286,345.64721548290515,47.462216227944054,30.68604343291072,53.43524499371225
