x,y,z,roll,pitch,yaw
216.61315814413342,-501.15514764978565,335.62094277271694,63.107809361448,34.49584302207777,74.0536919414703
213.68600288294107,-495.06432928387125,343.70431122623916,-174.84259759172826,-20.966244125776665,166.1060864823445
213.84070198139645,-494.3454074761784,343.64317626112086,72.82812227970798,32.38454821744029,80.66901408084486
213.53460193411644,-493.53222398319946,344.832117318041,73.3115656773656,29.836591288723536,81.58248690552446
213.22622331461852,-492.7926183917952,346.0310303171357,-0.7043331967378944,-1.9087923195241239,21.31923140980672
212.91126139844818,-491.98945039695155,346.0198433690723,72.7159950595372,32.514926801106895,80.57177987906267
212.59904641884305,-491.1593864028644,347.2262603188051,-0.7161433208298333,-1.7493748784582095,23.422354635327988
212.28309350709998,-490.4333420488062,347.2158350704776,-54.22350391268625,-17.17732226618885,78.11969959987809
211.49614848899128,-489.9026505986329,346.0472014311961,75.6312526039025,6.545573884091496,88.38759645669766
210.85863319157252,-489.5975146270743,348.5531460285696,85.86858714943365,18.01085141168001,88.77819318115085
210.689416599338,-488.7941190705199,351.0169790267055,-90.43452933834386,43.62615991336873,-0.590898615479597
