x,y,z,roll,pitch,yaw
-741.689852333185,489.31836109228897,898.6727138325174,-90.30383618712189,45.42954417303047,-1.5870674195166616
-747.5233480960579,489.87503988977556,894.5906339287889,-86.60813451572136,43.84194943046952,-13.225564074607977
-752.219041914797,492.02376634138227,888.7581532707479,-85.04408125496013,42.95029282069495,-12.907346502327007
