x,y,z,roll,pitch,yaw
216.63791724752173,-503.2646134713984,335.74211069754335,57.59752263810754,38.03767440805866,68.87617747964819
213.50082395089447,-496.47319735882076,342.6826082528779,-39.94385698576498,-85.10050730527138,39.80264417703202
213.4981599684395,-495.67949422284966,342.642026198631,77.75358758743356,36.184707204173826,82.90422999401467
213.29507519992296,-494.795047837956,343.81061714421025,-0.4682133282777035,-1.194514231539408,21.73197026328375
212.98174469748074,-493.9993767320772,343.8035998587534,78.10556221526386,33.69835588283575,83.54049685088324
212.77586994073988,-493.18426838758097,344.9862987699586,70.23482529082195,31.54165198587433,79.56919468415653
212.41168662858985,-492.36299377095605,346.19624020501396,-77.22987380282919,-13.298470249488503,86.8046985741154
211.8878197987321,-491.7707347012035,343.8181041490285,-61.361060999262335,-22.53379248110442,77.95333321876498
211.31881260396915,-491.16116176468773,342.6656287869333,85.51732314777274,4.606532380189762,89.80034725772678
210.9407848560133,-490.7312390675765,347.5020888871495,70.65714702590068,29.01845517643669,80.54982267538806
210.5661438189822,-489.9734101910969,348.74005075744435,-90.9694234775918,-0.07177426410488963,-0.18759616690807984
