x,y,z,roll,pitch,yaw
218.3750833389996,-506.64119883951315,333.5051072629532,64.82495743111325,40.96842945192231,72.9528456739337
216.06705965165952,-499.7104189308737,340.6793459278125,0.09163057433608265,0.17427912168627996,14.883659865939553
215.84282314878664,-498.873687214055,340.6800972193615,84.76718762049578,55.922329736355586,85.71811690087206
215.81431810663744,-498.0483454106745,341.2371002996026,55.376732094956544,45.32956203922166,63.9407726357516
215.56183404589012,-497.2735622867809,341.81656243047314,72.79227795724542,36.98988738888235,79.51552894436023
215.27892374801723,-496.33164067736305,342.97989279105605,0.2498332061540262,0.4706428399000061,23.14339028847081
214.93928921322208,-495.54150131453815,342.98304026812275,-64.23381935914469,-22.504178655204473,79.60582222377015
214.43711972584634,-494.97165124274903,341.83790326467204,46.0978201415218,39.44765556855321,58.66513560701614
214.06742010843723,-494.1855469952896,342.4209949825555,82.07861276190681,16.929231833631654,87.74263892816465
213.67460390772723,-493.2720088059128,345.3742935434477,86.39255067525782,23.59497681034726,88.6142558256532
213.53610158384214,-492.22302188066834,347.77208392983925,-90.42885286421837,41.686836193764925,-0.5595445193653203
