x,y,z,roll,pitch,yaw
-704.4959159614292,513.6711666109484,904.2384912613066,-90.56555269194351,45.340207817422844,-4.140408006491017
-710.4432395537148,516.2523406596132,896.6434411458056,-90.56555269194351,45.340207817422844,-4.140408006491017
-713.4169013498575,517.5429276839457,892.845916088055,-90.56555269194351,45.340207817422844,-4.140408006491017
