x,y,z,roll,pitch,yaw
216.61315812551413,-501.15514766518305,335.62094350128507,35.219797317764545,30.054863066414363,54.78173611171166
212.7949871358248,-497.02530814588073,340.03731996024123,49.938687897920936,37.343153888026634,59.88331912272026
210.91051740544802,-491.15703148760844,344.80897650312124,50.6790651539826,37.827313480426476,58.89347748540345
