x,y,z,roll,pitch,yaw
595.4255333235751,-495.91373674220927,363.1986382879103,-3.0664434664985185,-5.163149696041116,30.877061249543026
594.2053157659627,-491.0374692363571,363.63648063890764,-3.0664434664985185,-5.163149696041116,30.877061249543026
593.8536955269641,-489.4536641944054,361.8039169744278,-3.0664434664985185,-5.163149696041116,30.877061249543026
592.8354400976253,-487.9164338909611,359.190924589714,-3.0664434664985185,-5.163149696041116,30.877061249543026
592.1198571761273,-486.48356888711294,360.23369504423147,-3.0664434664985185,-5.163149696041116,30.877061249543026
591.2346793652198,-485.0103681673671,360.3727474732675,-3.0664434664985185,-5.163149696041116,30.877061249543026
590.3485113520547,-483.53571908964636,360.5030039356907,-3.0664434664985185,-5.163149696041116,30.877061249543026
589.5879671555847,-482.1250391514749,360.60554437648193,-3.0664434664985185,-5.163149696041116,30.877061249543026
588.6998929680112,-480.6491315097163,360.71912493150694,-3.0664434664985185,-5.163149696041116,30.877061249543026
