x,y,z,roll,pitch,yaw
595.4255333235751,-495.91373674220927,363.1986382879103,0.02066520295651213,-0.005526850607842395,14.939318058306746
594.1314380980625,-491.0841076107639,363.1986382879103,0.02066520295651213,-0.005526850607842395,14.939318058306746
591.5851209204748,-486.789393104846,362.9308769318869,0.02066520295651213,-0.005526850607842395,14.939318058306746
