x,y,z,roll,pitch,yaw
866.197989399222,-509.7127553746625,333.158234674402,35.21563830642135,30.06022604210051,54.79043121724733
861.1908403023936,-502.5447731990972,341.6954993725575,34.49858437221337,30.522393980013632,54.24852236611933
854.8347823906543,-495.7239404623564,346.55364974269605,33.571789656491575,30.723586787840343,53.94714817197531
