x,y,z,roll,pitch,yaw
866.1978550220763,-509.7128622361728,333.15820016712723,35.21565003658205,30.06004758627332,54.79032781065471
861.007620213162,-503.7500964622427,339.28248681567527,35.21565003658205,30.06004758627332,54.79032781065471
858.4125028087046,-500.76871357527773,342.3446301399491,35.21565003658205,30.06004758627332,54.79032781065471
