x,y,z,roll,pitch,yaw
319.6452406519836,-502.5185305996713,362.34754687375636,0.054249846605156436,-0.05390130472292855,44.81446679341029
311.923483463285,-495.58913721570866,356.84233893151605,-1.3021851098763741,-1.2764671396510914,45.70366864455604
302.6666103822663,-488.49799408898616,356.5121859089957,-2.49743246580226,-1.799821088507974,45.85779249916068
