x,y,z,roll,pitch,yaw
319.64524255373635,-502.5185300473589,362.3475437280727,0.05425018414924724,-0.053900978543496805,44.81449666192628
311.50016294424347,-497.003851506023,360.54587818176464,0.05425018414924724,-0.053900978543496805,44.81449666192628
307.4276231394971,-494.2465122353551,359.64504540861054,0.05425018414924724,-0.053900978543496805,44.81449666192628
