x,y,z,roll,pitch,yaw
471.90602140785086,-518.7365892531463,342.63727432215046,-3.5536757089169426,-7.132589277381692,26.79666500470022
467.3680755886854,-509.8350384916289,341.6021037639308,-3.5536757089169426,-7.132589277381692,26.79666500470022
467.41488694959753,-508.61690297568464,342.7351188797878,-3.5536757089169426,-7.132589277381692,26.79666500470022
466.9027284242216,-507.23915135673496,341.6534936715666,-3.5536757089169426,-7.132589277381692,26.79666500470022
466.43939750510776,-505.9035635500709,341.7256238348698,-3.5536757089169426,-7.132589277381692,26.79666500470022
465.9753169646233,-504.5662650527453,341.7879981178688,-3.5536757089169426,-7.132589277381692,26.79666500470022
465.31556574212215,-503.2067391996137,340.7208904059228,-3.5536757089169426,-7.132589277381692,26.79666500470022
464.85188824787423,-501.8715636306732,340.76442242571716,-3.5536757089169426,-7.132589277381692,26.79666500470022
464.42553349814324,-500.62570079647924,341.9513200466057,-3.5536757089169426,-7.132589277381692,26.79666500470022
463.46324811987955,-499.51749836963006,340.932015586689,-3.5536757089169426,-7.132589277381692,26.79666500470022
462.0776517353734,-499.13559304776106,341.17279202138855,-3.5536757089169426,-7.132589277381692,26.79666500470022
