x,y,z,roll,pitch,yaw
471.90602140785086,-518.7365892531463,342.63727432215046,-3.5536757089170328,-7.1325892773818325,26.79666500470043
467.3680755886854,-509.8350384916289,341.6021037639308,93.48596074349024,47.26134348026297,92.62332773016348
467.41488694959753,-508.61690297568464,342.7351188797878,-54.009966930650265,-43.261791964461025,63.65177845957535
466.9027284242216,-507.23915135673496,341.6534936715666,3.033881063585385,8.316911348217129,19.391895723550654
466.43939750510776,-505.9035635500709,341.7256238348698,2.623038848855414,7.194774892087264,19.285977553488113
465.9753169646233,-504.5662650527453,341.7879981178688,-47.47786485879023,-38.918975831308956,60.22409949310944
465.31556574212215,-503.2067391996137,340.7208904059228,1.8472146775189198,5.037108362300489,19.129610092924917
464.85188824787423,-501.8715636306732,340.76442242571716,63.1628344299253,41.51246538022698,71.59153420469303
464.42553349814324,-500.62570079647924,341.9513200466057,-39.57927746042984,-27.045589802071984,61.48738481534334
463.46324811987955,-499.51749836963006,340.932015586689,9.547603522273214,2.4691282836509107,74.83530739053082
462.0776517353734,-499.13559304776106,341.17279202138855,-90.43628230316543,43.56016682622326,-0.49123148112424053
