x,y,z,roll,pitch,yaw
471.0573193878671,-519.79118253185,345.5330932512271,35.21111609806438,30.065355467385555,54.791669507547574
467.61155091487666,-508.4963651162584,342.84844054026325,-1.3285417678088842,7.214225270317529,10.793595089340156
463.6971913280181,-498.53517452613255,343.4894610815759,-1.9422966415210448,7.100286437986325,10.746702836151371
