x,y,z,roll,pitch,yaw
-558.5422522288866,674.3075511127323,914.8882052078253,-90.44141093312928,45.41060956522565,-2.282678698975883
-561.472875266184,670.7912594464239,905.9959310204017,-90.44141093312928,45.41060956522565,-2.282678698975883
-562.9381867848327,669.0331136132696,901.54979392669,-90.44141093312928,45.41060956522565,-2.282678698975883
