x,y,z,roll,pitch,yaw
471.7795264334492,-518.4306486535327,342.2463456123046,35.19145219495305,30.090189092090156,54.81876395145676
467.8915689229176,-509.32271028326477,340.85737295609295,35.19145219495305,30.090189092090156,54.81876395145676
465.94759016765187,-504.7687410981308,340.1628866279872,35.19145219495305,30.090189092090156,54.81876395145676
