x,y,z,roll,pitch,yaw
467.76805337524365,-520.6967191945532,349.34284862227423,-9.049392925467476,-16.760128272155214,28.57820173404226
463.32194483109333,-511.77514732830235,347.4889444729438,93.95910641591419,44.253906948168,92.96104704313937
463.3841044700934,-510.5426585828247,348.74385298870084,-70.00313723982276,-28.559888546289205,79.91031757845724
462.6302631454234,-509.0839215368224,346.35004517911295,3.8811931219446594,10.287802373427711,21.13306861609677
462.1604435471083,-507.8080696874312,346.44126705165957,1.7933686011661205,7.247054923858351,14.277766623658607
461.84541953071965,-506.5280244156707,346.4825416285511,3.0179716427370287,8.086288551462328,20.8808843012992
461.37401140365114,-505.2489658338446,346.5540667788781,2.3943083359937596,6.848766353371393,19.65865120483819
460.9015055146075,-503.8881446085043,346.6142042902725,3.517884007830946,7.081770353202398,26.834483151498283
460.27228764541866,-502.6080882043281,346.70155244564353,-47.24953819005397,-28.81975853162605,65.7281060774064
459.4384925118524,-501.5541985132017,345.57449670601056,9.724653411908447,3.566648690473381,70.32216843344736
458.1883212379786,-501.08671693836567,345.8028650474695,-90.9694234775918,-0.07177426410488963,-0.18759616690807984
