x,y,z,roll,pitch,yaw
-563.5825756952196,670.6213807302906,914.626228778334,-90.05022745489309,36.142704982782284,24.968517007095485
-566.2179814305688,666.7171715240779,905.7506494476127,-90.05022745489309,36.142704982782284,24.968517007095485
-566.9715961921295,667.57127296009,904.5369589190784,-90.05022745489309,36.142704982782284,24.968517007095485
-566.6093532939232,666.4287499622155,903.1581335968568,-90.05022745489309,36.142704982782284,24.968517007095485
-567.0038261623703,666.1587309750068,901.8259510153218,-90.05022745489309,36.142704982782284,24.968517007095485
-567.3921540700974,665.8810993581999,900.4920221389234,-90.05022745489309,36.142704982782284,24.968517007095485
-567.1463504859087,664.6470935875052,899.1324583367716,-90.05022745489309,36.142704982782284,24.968517007095485
-567.5214315518859,664.3560473486255,897.8005712176641,-90.05022745489309,36.142704982782284,24.968517007095485
-568.6540414103779,664.922069127462,896.562507117619,-90.05022745489309,36.142704982782284,24.968517007095485
-568.6576619345597,663.5139881774448,895.4564583114995,-90.05022745489309,36.142704982782284,24.968517007095485
-569.8267942601864,662.7302546501746,895.0847287442875,-90.05022745489309,36.142704982782284,24.968517007095485
