x,y,z,roll,pitch,yaw
467.90236820329136,-520.677471401784,348.10055123587915,-5.353929994683773,-10.55698427320658,26.74592407035145
463.60880450732253,-511.7737350672226,347.9874140529698,-68.25689612260382,-46.297902440136646,73.68701862061819
463.28910988856103,-510.36051398567184,346.7800208269947,66.9683387016848,45.61607621229703,73.32405955580614
462.96381895799215,-509.0464073240774,347.92325339871206,-60.250401460824655,-41.810220508203926,68.9014787179783
462.4908310215625,-507.72373222815,346.73513752586507,-0.8961631137555921,-2.55697173400925,19.655767646847597
462.0126208766483,-506.36482687801896,346.7125076476183,-0.816922133729048,-2.1994731627681614,20.71431699422396
461.5353389448582,-505.08519090869873,346.6929526961584,-0.9036124466009428,-2.434469445955687,20.704137080738718
461.0582135250111,-503.8047942110364,346.6713146884108,-53.468760903392536,-38.15440988335841,65.15883729247108
460.4386534944199,-502.5058671474089,345.5016964057784,1.2715525020217113,1.5042782239406318,40.54822244579622
459.49510046081156,-501.3928179237169,345.53414436525145,4.149534217431851,1.5573348592745784,69.74954773830994
458.2413821702216,-500.9219395437471,345.6313088033264,-90.9694234775918,-0.07177426410488963,-0.18759616690807984
