x,y,z,roll,pitch,yaw
472.931860865346,-520.3813789810363,339.4030582870114,35.20558425685558,30.072508486721766,54.803222553843426
467.93186103713595,-513.3103109902517,344.40305739861196,35.20558379992433,30.07250844851852,54.80322229030979
465.9989632517294,-511.62723784145714,345.3049190657173,10.798861719569627,49.4114396733079,19.579610892496817
462.23532286516865,-503.10739787666455,346.53457212205944,9.75973623678447,49.16910888622816,18.804767942526038
