x,y,z,roll,pitch,yaw
467.90236820329136,-520.677471401784,348.10055123587915,-5.353929994683757,-10.556984273206568,26.745924070351418
463.60880450732253,-511.7737350672226,347.9874140529698,-5.353929994683757,-10.556984273206568,26.745924070351418
463.28910988856103,-510.36051398567184,346.7800208269947,-5.353929994683757,-10.556984273206568,26.745924070351418
462.96381895799215,-509.0464073240774,347.92325339871206,-5.353929994683757,-10.556984273206568,26.745924070351418
462.4908310215625,-507.72373222815,346.73513752586507,-5.353929994683757,-10.556984273206568,26.745924070351418
462.0126208766483,-506.36482687801896,346.7125076476183,-5.353929994683757,-10.556984273206568,26.745924070351418
461.5353389448582,-505.08519090869873,346.6929526961584,-5.353929994683757,-10.556984273206568,26.745924070351418
461.0582135250111,-503.8047942110364,346.6713146884108,-5.353929994683757,-10.556984273206568,26.745924070351418
460.4386534944199,-502.5058671474089,345.5016964057784,-5.353929994683757,-10.556984273206568,26.745924070351418
459.49510046081156,-501.3928179237169,345.53414436525145,-5.353929994683757,-10.556984273206568,26.745924070351418
458.2413821702216,-500.9219395437471,345.6313088033264,-5.353929994683757,-10.556984273206568,26.745924070351418
