x,y,z,roll,pitch,yaw
-563.5826498222306,670.6213794293843,914.6261739198382,-90.41173020997422,45.36073555866597,-1.729462569023075
-566.2502235467895,667.8032320316152,908.1969643850795,-97.40645841883087,8.590103045246307,32.97753773907835
-568.2378043098996,665.7521368510295,898.5805903576199,-98.03533032052283,8.772354429416612,33.03097969589661
