x,y,z,roll,pitch,yaw
471.7794681085279,-518.4305899970647,342.24640219900937,35.19121479986097,30.090237556257343,54.81876688333265
467.5548712499388,-512.6089400753119,341.7921597131883,-1.6692158733335458,9.655733807969595,13.7507349316877
463.99571924120386,-502.8645590404799,341.89762517010104,-2.324470890675299,9.5749709121061,13.706877520342507
