x,y,z,roll,pitch,yaw
472.93186170628167,-520.3813793835203,339.40305776426976,-3.942012235575244,-7.701140003624327,27.339354889832745
467.8858349965545,-513.2996577071626,343.93657022649484,-3.942014798662416,-7.701141570545735,27.33935659854967
466.8719934843553,-511.9742870481458,344.92586915504444,-4.260079999585858,-7.680189607876035,27.990465578870854
462.2908668486866,-500.85029828886206,345.88855600868794,-4.890329990306568,-7.607768476732464,27.77639334495389
