x,y,z,roll,pitch,yaw
339.4802642221058,-496.3969808125014,338.85104781829295,-90.24671259407532,46.6979821812798,45.66435908805525
332.48444433269464,-493.61877168511876,345.4569040243929,-90.24671259407532,46.6979821812798,45.66435908805525
328.98653438798897,-492.22966712142755,348.75983212744273,-90.24671259407532,46.6979821812798,45.66435908805525
