x,y,z,roll,pitch,yaw
780.0974589635334,-505.5744254791766,339.33211998185425,35.217668594645566,30.058160493744666,54.92153274202834
773.5407327213735,-500.10166683405123,344.53387485858343,35.217668594645566,30.058160493744666,54.92153274202834
770.2623696002935,-497.36528751148853,347.1347522969479,35.217668594645566,30.058160493744666,54.92153274202834
