x,y,z,roll,pitch,yaw
-332.518604218912,987.2295330995842,743.0623505862702,-89.32229086501606,25.64576392071867,0.4259994173743051
-338.71096668890493,984.8345921517692,735.570150554485,-89.32229086501606,25.64576392071867,0.4259994173743051
-341.80714792390137,983.6371216778618,731.8240505385925,-89.32229086501606,25.64576392071867,0.4259994173743051
