x,y,z,roll,pitch,yaw
-370.76984529307134,813.3025172814177,904.5136224758755,-89.86510740831868,60.00298689956413,2.3125782455053936
-377.77155779794674,813.576403223038,897.5411293965522,-89.86510740831868,60.00298689956413,2.3125782455053936
-378.70035523825885,814.3216762045861,896.3675040319747,-89.86510740831868,60.00298689956413,2.3125782455053936
-379.7380521804331,814.2349426578334,895.501382545348,-89.86510740831868,60.00298689956413,2.3125782455053936
-380.86431046026524,814.0713385091293,894.687737481559,-89.86510740831868,60.00298689956413,2.3125782455053936
-381.9927302416317,813.9032714783833,893.9823622796855,-89.86510740831868,60.00298689956413,2.3125782455053936
-383.12308516234515,813.728701071053,893.2730711758834,-89.86510740831868,60.00298689956413,2.3125782455053936
-384.25534918017377,813.5476079227426,892.5598698043746,-89.86510740831868,60.00298689956413,2.3125782455053936
-385.3902751216524,813.3626674913338,891.9566328661907,-89.86510740831868,60.00298689956413,2.3125782455053936
