x,y,z,roll,pitch,yaw
665.0691441542799,-510.39226812872033,336.55463490414854,35.6318315453404,24.177605738831293,60.16428569023452
660.0459775023203,-503.3626265828572,341.39022282257486,35.6318315453404,24.177605738831293,60.16428569023452
659.8498175276499,-502.18283912115334,342.5598828144689,35.6318315453404,24.177605738831293,60.16428569023452
659.0199871508958,-501.30798859434884,343.18217468732087,35.6318315453404,24.177605738831293,60.16428569023452
658.0724954367848,-500.4847267713587,343.80622763851886,35.6318315453404,24.177605738831293,60.16428569023452
657.1196179265302,-499.7697041003865,344.4288230280706,35.6318315453404,24.177605738831293,60.16428569023452
656.1610211392058,-499.0507367225853,345.04783577887633,35.6318315453404,24.177605738831293,60.16428569023452
655.1967117921969,-498.3278304489947,345.663234129176,35.6318315453404,24.177605738831293,60.16428569023452
654.2270348452116,-497.7148549196285,346.2779742610287,35.6318315453404,24.177605738831293,60.16428569023452
