x,y,z,roll,pitch,yaw
739.4250163825443,-507.53249631850656,334.5904360122583,-74.91121041095788,8.59669177611608,25.54678333591735
732.9370481719745,-502.3278059666561,339.90202817895334,-74.91121041095788,8.59669177611608,25.54678333591735
732.2137274382558,-501.45263788461557,339.9692974454805,-74.91121041095788,8.59669177611608,25.54678333591735
731.4871793823316,-500.65925708938914,341.0360100343039,-74.91121041095788,8.59669177611608,25.54678333591735
730.7552264509688,-499.7106855827594,342.10062843473395,-74.91121041095788,8.59669177611608,25.54678333591735
730.017636142446,-498.8289980226848,343.16880333872007,-74.91121041095788,8.59669177611608,25.54678333591735
729.2752722687335,-498.01482930174063,344.24616493172283,-74.91121041095788,8.59669177611608,25.54678333591735
728.3942866940152,-497.12457970362857,344.308144239004,-74.91121041095788,8.59669177611608,25.54678333591735
727.5137780202832,-496.4584527204846,344.37628233306083,-74.91121041095788,8.59669177611608,25.54678333591735
726.4680420290169,-496.3098951542831,345.51812194766467,-74.91121041095788,8.59669177611608,25.54678333591735
725.2669209908363,-496.2367368324522,346.6809977550003,-74.91121041095788,8.59669177611608,25.54678333591735
