x,y,z,roll,pitch,yaw
740.8128854553402,-508.8477152312324,338.61470889895014,-89.67704669860127,46.36167777429705,45.05603533695124
734.1067716412126,-503.627344217104,343.88498061744974,-89.67704669860127,46.36167777429705,45.05603533695124
730.7537147341487,-501.01715871003984,346.52011647669946,-89.67704669860127,46.36167777429705,45.05603533695124
