x,y,z,roll,pitch,yaw
161.9000192303845,918.404499957076,744.2648843342178,-60.87315075389537,24.36219805772269,-11.829970607297579
155.1511490949389,923.7781628645812,739.1326669591986,-57.872374123988656,25.467547973754588,-50.08798195761126
154.71633293615105,925.0452349327513,738.2174920572847,-75.42507131134313,19.33361264901058,17.209985140639432
153.92896076135423,925.1346093094855,737.4300429605266,-57.67846982236776,25.709746599875377,-36.55546677855456
153.17275096227888,926.4441737710534,736.5075695089753,-74.1947231146132,19.930171949668612,19.91928931767989
152.2229064823655,926.5300724085062,735.636877007568,-56.20523595880553,26.32852167885738,-35.508993104707656
151.45605114112846,927.8408486151259,734.7822364149396,-75.83350569231608,19.233450070136715,19.510689314360324
150.65978061416263,927.9008051570538,733.9849437061209,-68.57319030048357,21.722209234126524,24.986765784105938
149.70679614575147,927.9809000419791,733.3512213422894,-37.773472977082456,31.319168054548655,-18.44372409647584
148.6143526518838,929.3452690512947,733.2175165491917,44.43406774719347,-20.7644321165049,37.84234922740605
147.34511032017508,929.4738705530624,733.2351344551712,180.0,0.0,0.0
