hook_num,trajectory_process,x_max_work,x_max_local,x_min_work,x_min_local,y_max_work,y_max_local,y_min_work,y_min_local,z_max_work,z_max_local,z_min_work,z_min_local,x_mean_work,x_mean_local,y_mean_work,y_mean_local,z_mean_work,z_mean_local,euclidean_max_work,roll_max,pitch_max,yaw_max
2,2,2.14079959463221,2.26055405384882e-07,-1.77786452745255,-3.54807846612114,1.20506001621834e-07,-5.59377509784286e-08,-5.62943811456364,-5.86430777774647,0.907564960136767,1.93894570287364,-1.89046766227716,-1.31294650223791,1.00503453747153,-2.40155806123365,-4.84049652427909,-4.39587177074915,-0.83339566299742,0.169537343463046,6.14463863231094,-2.59588774634788,-9.80831876516467,8.28097024752455
