hook_num,trajectory_process,x_max_work,x_max_local,x_min_work,x_min_local,y_max_work,y_max_local,y_min_work,y_min_local,z_max_work,z_max_local,z_min_work,z_min_local,x_mean_work,x_mean_local,y_mean_work,y_mean_local,z_mean_work,z_mean_local,euclidean_max_work,roll_max,pitch_max,yaw_max
2,4,1.63749575676775e-07,2.26055405384882e-07,-0.861132011482681,-2.82884926133304,1.20506001621834e-07,-5.59377509784286e-08,-4.03069125803643,-2.89526876246812,-1.18105504043342e-07,3.24723229580044e-08,-0.84135155119202,-1.12809127735257,-0.688514865124327,-2.5706659670177,-3.78289843364048,-2.79853589090076,-0.813844826314898,-1.00322328304649,4.20208987056525,0.692035357789457,0.119733679104254,1.92879708067741
