x,y,z,roll,pitch,yaw
-671.9038103499696,526.7895340370027,897.9749322393474,-89.49884758800776,45.2022990859905,46.01876054046361
-673.8693490194847,516.5450338469902,893.1258014379474,-89.42143330236208,45.85589409789382,47.96821387507437
-678.6084007489133,510.07624963635556,886.509143361943,-89.95750285233804,46.03708218664848,48.79367403423425
