x,y,z,roll,pitch,yaw
-616.742550566172,604.9791828532133,890.4714378038288,-90.5237340130056,45.38784964307037,-4.40940359568662
-623.4606510306744,605.3229193872023,888.5307742824417,-96.82853453686944,68.26329490432582,-5.630691425322109
-633.0009623643733,605.128516939454,884.8493689203572,-97.9131439833716,68.0972625237153,-5.39168426382567
