x,y,z,roll,pitch,yaw
69.17222601442961,-504.94290710542566,334.0747854080525,-90.24671259407532,46.6979821812798,45.66435908805525
64.06989133500542,-498.5522037853707,339.84670846037113,-90.24671259407532,46.6979821812798,45.66435908805525
61.518723995293385,-495.35685212534315,342.7326699865305,-90.24671259407532,46.6979821812798,45.66435908805525
