x,y,z,roll,pitch,yaw
71.95628134028266,-505.36463910252223,335.16428247444964,-90.51442278012252,47.12025683404304,45.69018814324703
69.44226101390768,-499.0146222726303,346.18040057509995,-90.3872346585818,46.003154603792694,45.34104221160648
67.43201163369235,-496.8263004703266,346.7234585686797,-90.06105303713021,45.726488573242044,45.173760834731034
66.73993834562498,-494.6404712188939,348.46918997771326,-90.13299720136006,45.82079832325778,45.14159397597568
64.02329819940553,-490.92279173548593,350.7361628641347,-90.23836347894246,46.09742417999592,45.20105942391384
63.5173252342538,-490.82082541223474,351.21683353836903,-90.83269033250907,46.830268995057274,69.47482178840251
63.83925336608797,-490.1371221158928,350.61485088120963,-90.42670996702246,46.80520248228633,81.28199437489529
