x,y,z,roll,pitch,yaw
669.4023347430901,-508.7003423169407,337.05231882721057,30.774465697665647,19.98443965984786,59.90123211962163
662.8725727905176,-502.81628134838263,342.1986311008934,-0.019047554630035626,-0.5867874071088051,6.283305053050687
662.7588226791335,-501.80424252914383,342.1974689430716,4.1280622434062915,4.038497976764641,45.02723054761666
661.8611139094361,-500.90215892573246,342.28821368600734,51.991233991824764,26.224188343577936,71.05858407752048
661.0410389605553,-499.9768752392139,343.5257021071136,28.93705331227043,21.88921606422692,55.761989807872915
660.1170693349942,-499.026736708023,344.1896915654024,30.552691993104276,19.15074185148896,60.68642647335608
659.1876099666482,-498.2414670358555,344.85413543404877,28.896360043579286,20.78525418522323,57.01277312657063
658.2516245630669,-497.33806751578504,345.51105874306234,30.515861462406455,17.941983176683827,62.15295714890037
657.3101585681577,-496.6009446677681,346.1691911725218,30.197852417592724,3.44662644819834,83.80587505947463
656.1342186413624,-496.4330581561194,346.8584222170713,30.467243128512592,10.300691106500192,72.81708842590874
655.0655511697155,-495.97694375484286,347.5262471417632,-90.33568424566863,41.35533345616059,-0.5585399584291046
