x,y,z,roll,pitch,yaw
-359.8630162521594,818.9184203650435,902.7428826689832,-90.27513223276942,45.430016682231766,-4.5454395124345055
-366.95456409010364,819.4537027052306,895.7323314866268,-90.27513223276942,45.430016682231766,-4.5454395124345055
-371.2371555900436,819.3031152646048,893.1752890552517,-90.27513223276942,45.430016682231766,-4.5454395124345055
