x,y,z,roll,pitch,yaw
747.0587356215174,-509.1910152747499,335.1726506513073,35.33161333069469,29.918076822354802,54.66139415032763
741.1972545691408,-504.3448824271673,339.55746089112927,26.158250072755674,24.80924107049268,53.45958001367199
734.2824748610101,-497.02352265168173,344.23037331820376,25.438295353387407,24.83121478717138,53.38873184520189
