x,y,z,roll,pitch,yaw
741.2061429839912,-506.0423926772408,341.6251761647859,33.48194584034039,19.02406476621991,64.02328987774393
734.5960310267559,-500.78925065476636,347.7138498379817,1.2690639426178953,2.904348590158793,23.954770251300346
734.2785156112259,-500.0647035612854,347.73143073634606,55.155769552675594,27.62373246639721,72.3429359007716
733.5162469436236,-499.1075958878021,349.0300073179627,4.211782319719423,4.24586621168602,45.16570679939801
732.5624819688671,-498.1414569457715,349.12987703464296,3.4780728003536354,3.865680090241082,42.35810832882469
731.7665726053975,-497.25439438227403,349.2022854277827,54.83366117797008,26.012260477634623,73.06078657004626
730.9894796089197,-496.36099368077674,350.48680335315646,54.68754163199532,26.036714984872567,72.95916632496068
730.205270600074,-495.4598774706646,351.7770674156683,3.520033609216879,2.966773668612459,50.23866058017439
729.2420237235015,-494.64681641039664,351.85460663859635,6.931114468611073,0.4115920610247401,90.60993550052204
727.9607043618377,-494.656384982264,352.010258098471,6.5002188097262215,0.4158056528016369,90.60361411318529
726.6786889045388,-494.6657436714626,352.15622009287983,-90.9694234775918,-0.07177426410488963,-0.18759616690807984
