x,y,z,roll,pitch,yaw
-351.39875476593755,856.1182943515831,894.1759070260465,-89.90024230175452,60.68046643158921,2.270852082989131
-360.171330309954,855.8706511495841,889.2316314115196,-91.3402329305273,71.56362014665832,-38.4359698703913
-362.0887368953794,857.32540809323,888.437079067247,-88.65798887866868,59.210351114852116,92.34633784261621
-362.0668832868398,855.877005321176,887.5789288220426,-90.79779580269366,61.33016262883546,-16.369800693078588
-363.4740569342332,856.2700444526688,886.7827174433805,-90.79366854423179,61.214406078378076,-16.198197616713927
-364.8877372870233,856.6604350814706,885.9795952960396,-89.66600455752614,42.16883890279585,39.01918149459431
-365.50843065986265,856.1629396882234,885.1062294231434,-90.84768986105335,63.42589029832168,-15.951813387835498
-366.92893096911524,856.5473158824586,884.372900284787,-89.56906963478032,59.80213741433281,38.03999663934613
-367.6846190913285,855.96307173149,883.8206098405387,-87.27419458178792,86.44151924576275,39.28238422263873
-368.5749255872196,855.299075740195,883.7551723788897,-96.14245563914359,86.86852711139511,-13.239642810469366
-370.2811770950239,855.5124373214569,883.6664984285753,180.0,0.0,0.0
