x,y,z,roll,pitch,yaw
741.2061429839912,-506.0423926772408,341.6251761647859,35.2197226197728,30.05554271023592,54.913516814443106
734.5140955825428,-500.7535823533677,346.8448492325998,35.2197226197728,30.05554271023592,54.913516814443106
731.1680718818187,-498.1091771914311,349.4546857665067,35.2197226197728,30.05554271023592,54.913516814443106
