x,y,z,roll,pitch,yaw
-313.357233244065,862.4163952666378,903.1081367097933,-90.17533175720826,45.54275930074315,-3.7108288388318873
-319.3642016007844,863.157400738447,896.7170683731383,-91.26937928714372,45.304322997050356,-3.747694003402131
-328.5877438327259,862.8824458268318,888.4833837161394,-92.67807381628616,44.995327888925175,-3.6528692976676695
