x,y,z,roll,pitch,yaw
741.2061429839912,-506.0423926772408,341.6251761647859,34.65482444015186,24.366637005106593,59.41320912601195
734.5960310267559,-500.78925065476636,347.7138498379817,34.65482444015186,24.366637005106593,59.41320912601195
734.2785156112259,-500.0647035612854,347.73143073634606,34.65482444015186,24.366637005106593,59.41320912601195
733.5162469436236,-499.1075958878021,349.0300073179627,34.65482444015186,24.366637005106593,59.41320912601195
732.5624819688671,-498.1414569457715,349.12987703464296,34.65482444015186,24.366637005106593,59.41320912601195
731.7665726053975,-497.25439438227403,349.2022854277827,34.65482444015186,24.366637005106593,59.41320912601195
730.9894796089197,-496.36099368077674,350.48680335315646,34.65482444015186,24.366637005106593,59.41320912601195
730.205270600074,-495.4598774706646,351.7770674156683,34.65482444015186,24.366637005106593,59.41320912601195
729.2420237235015,-494.64681641039664,351.85460663859635,34.65482444015186,24.366637005106593,59.41320912601195
727.9607043618377,-494.656384982264,352.010258098471,34.65482444015186,24.366637005106593,59.41320912601195
726.6786889045388,-494.6657436714626,352.15622009287983,34.65482444015186,24.366637005106593,59.41320912601195
