x,y,z,roll,pitch,yaw
746.7840544519612,-501.68146575386027,337.53571768304244,35.21128388775414,30.065369422829704,54.791707860751245
741.0684950299773,-496.41954969795916,342.21546780713095,34.32833834524647,29.89218178683663,54.71941155661453
734.8499014900297,-487.7930792671923,347.38095985141206,33.519892942636204,29.826300665805512,55.04880408681819
