x,y,z,roll,pitch,yaw
-276.59193687693545,702.1124331875208,896.4067074008316,-89.8165152100041,60.48318950546784,2.1737222389144777
-284.9446147268197,701.3597013948096,891.5211815307468,-89.56927604630519,38.55323678636575,37.34475586532047
-285.4499490909377,700.9822160221152,890.7320983369862,-89.53445937117358,44.920281234316704,36.98660844936294
-286.0836465543993,700.5145739110407,889.9446481871673,-90.41986390462989,56.63930103229232,-16.900221480434173
-287.47579156148964,700.926471180334,888.9899993990891,-90.47693646806066,61.252415810821645,-17.01454768922073
-288.87933997074856,701.34347027494,888.188137306689,-89.52601686931224,44.84771833107561,38.18381007269085
-289.5080111119019,700.8591884862338,887.3927293491308,-90.4689715919885,61.02244781161484,-16.680787904088703
-290.91894132618273,701.2696589282415,886.5802785035884,-89.41689645378959,56.246905566279914,37.752116754152254
-291.6798791721072,700.6933424564112,885.9444908251921,-119.38556075767592,89.66382851200464,-37.85723621955949
-293.3812076892905,700.9472610736077,885.9384382396763,-93.1443110702708,87.00300069561462,-11.421214945599303
-295.09177320267975,701.1965910918599,885.8505909761241,180.0,0.0,0.0
