x,y,z,roll,pitch,yaw
-192.32757148295593,973.1581641473756,907.2793590020738,-90.46994766590153,45.39386022942498,-3.8033361504098777
-199.42093664016699,973.5708197934978,900.2659207486495,-90.46994766590153,45.39386022942498,-3.8033361504098777
-202.57557319173173,972.4687901118464,896.5533223350698,-90.46994766590153,45.39386022942498,-3.8033361504098777
