x,y,z,roll,pitch,yaw
904.6106935650848,-514.9525962877578,337.1519426809464,24.533211255723852,23.837844704373595,48.47356388182831
899.6191213591553,-507.88962099942734,342.3159696409409,24.533211255723852,23.837844704373595,48.47356388182831
899.52738871424,-506.6117626615275,345.3630916430353,24.533211255723852,23.837844704373595,48.47356388182831
898.5080719398545,-505.63405702830033,344.43933349319025,24.533211255723852,23.837844704373595,48.47356388182831
897.6095339942171,-504.665552771362,343.5055108112316,24.533211255723852,23.837844704373595,48.47356388182831
896.931191887008,-503.60579146267963,344.5691572612918,24.533211255723852,23.837844704373595,48.47356388182831
896.1417036056334,-502.53515496264487,344.6211697115659,24.533211255723852,23.837844704373595,48.47356388182831
895.3521107100441,-501.52043276711714,344.66993260935647,24.533211255723852,23.837844704373595,48.47356388182831
894.4493391999715,-500.44936996359473,344.71721295922157,24.533211255723852,23.837844704373595,48.47356388182831
