x,y,z,roll,pitch,yaw
857.8985550320971,-305.1321693244578,268.4734077245868,8.165628530780982,11.1319050575939,24.19938532431538
857.8985550320971,-305.1321693244578,268.4734077245868,8.165628530780982,11.1319050575939,24.19938532431538
857.8985550320971,-305.1321693244578,268.4734077245868,8.165628530780982,11.1319050575939,24.19938532431538
