x,y,z,roll,pitch,yaw
-316.30703544639226,964.2322917778457,747.151979396401,-89.76802836137453,45.97710824331931,-44.90087681704019
-321.11661179274256,968.3448171750736,741.3781078956897,-89.86510394831775,45.57476025645155,-44.46595456591677
-326.28327898078356,972.8965378564844,734.050559202325,-89.70252834878642,44.96656484387104,-43.98307553350667
