x,y,z,roll,pitch,yaw
-78.27304081718461,976.8318871390013,740.7846472762658,-89.76802864492885,45.97710869277021,-44.90087747352258
-69.08858707224243,975.3756065031359,737.1383512703992,-89.76802864492885,45.97710869277021,-44.90087747352258
-64.49636019977136,974.6474661852033,735.3152032674659,-89.76802864492885,45.97710869277021,-44.90087747352258
