hook_num,trajectory_process,x_max_work,x_max_local,x_min_work,x_min_local,y_max_work,y_max_local,y_min_work,y_min_local,z_max_work,z_max_local,z_min_work,z_min_local,x_mean_work,x_mean_local,y_mean_work,y_mean_local,z_mean_work,z_mean_local,euclidean_max_work,roll_max,pitch_max,yaw_max
1,4,0.920792312394212,0.00896439663246751,-4.7010164827003,-2.4488841471645,4.61162720385551,6.02559608408708,-1.93551629287992,-2.14334317382091,0.875324466195821,0.870252242665861,-1.6740635461166,-1.67408788235048,-4.42349261344771,-2.16994611969862,4.3246444665492,5.79369905325382,0.743497732191659,0.73846166510267,6.40186361633661,1.04304699793402e-07,0.0648460989915656,0.21786971259078
