x,y,z,roll,pitch,yaw
941.1152356046875,-504.9221178441703,340.87524525140805,48.14002468219141,18.60360287886099,74.19220389476013
936.0466585018586,-497.8783513440851,345.39603395081315,48.14002468219141,18.60360287886099,74.19220389476013
936.2335905801277,-496.6976733796963,347.18470600653404,48.14002468219141,18.60360287886099,74.19220389476013
935.3680370473584,-495.7734941572155,348.58600640545967,48.14002468219141,18.60360287886099,74.19220389476013
934.355411043107,-495.12659379097795,349.39424632864245,48.14002468219141,18.60360287886099,74.19220389476013
933.3348939704081,-494.4168749458273,350.19735835674976,48.14002468219141,18.60360287886099,74.19220389476013
932.4376763270308,-493.76129663279517,351.61860415727426,48.14002468219141,18.60360287886099,74.19220389476013
931.3987655477027,-493.1007954437648,352.4236121387455,48.14002468219141,18.60360287886099,74.19220389476013
930.3610589963428,-492.4900718700925,353.87773369129286,48.14002468219141,18.60360287886099,74.19220389476013
