x,y,z,roll,pitch,yaw
938.5079413478873,-504.9003595698657,340.8029973178645,-55.58495938775521,-0.9611322702846035,25.243653109118362
930.4520310457648,-501.04673808857046,344.64565978672306,-55.58495938775521,-0.9611322702846035,25.243653109118362
929.865720626872,-500.43006584602983,346.9986129151832,-55.58495938775521,-0.9611322702846035,25.243653109118362
929.0180499143125,-499.796207967545,348.2326938397357,-55.58495938775521,-0.9611322702846035,25.243653109118362
928.0732439367638,-499.1520351705947,348.304527897436,-55.58495938775521,-0.9611322702846035,25.243653109118362
927.1279896086628,-498.58828596231683,348.38507194970964,-55.58495938775521,-0.9611322702846035,25.243653109118362
926.1074443293887,-497.94327811294994,349.6612593298611,-55.58495938775521,-0.9611322702846035,25.243653109118362
925.3163663427214,-497.2948276472445,349.727333257063,-55.58495938775521,-0.9611322702846035,25.243653109118362
924.209250713635,-497.13248307117124,349.86529867989304,-55.58495938775521,-0.9611322702846035,25.243653109118362
922.9426372385209,-497.13261589573915,350.03828057051805,-55.58495938775521,-0.9611322702846035,25.243653109118362
921.83389410515,-497.05099584245954,350.19240845732907,-55.58495938775521,-0.9611322702846035,25.243653109118362
