x,y,z,roll,pitch,yaw
938.5079413478873,-504.9003595698657,340.8029973178645,-55.584959387755184,-0.9611322702850036,25.243653109118338
930.4520310457648,-501.04673808857046,344.64565978672306,-40.361608663902196,50.94171285540149,32.95682537419754
929.865720626872,-500.43006584602983,346.9986129151832,-51.17602339800205,29.298655522626245,27.601939273808693
929.0180499143125,-499.796207967545,348.2326938397357,-68.94315709919059,-23.993740516266442,21.79520347630427
928.0732439367638,-499.1520351705947,348.304527897436,-66.46239031452546,-25.272210624776797,22.332890204208912
927.1279896086628,-498.58828596231683,348.38507194970964,-50.84483008302506,24.019548618630242,27.548245615585763
926.1074443293887,-497.94327811294994,349.6612593298611,-72.13117279295936,-20.777122155725216,20.840548450277254
925.3163663427214,-497.2948276472445,349.727333257063,-49.27562427980474,-32.82110872189317,22.797498124299167
924.209250713635,-497.13248307117124,349.86529867989304,43.52965816107043,-35.84960689840869,-20.688168973714077
922.9426372385209,-497.13261589573915,350.03828057051805,-45.92792134060456,-33.1551655015526,22.475514800986872
921.83389410515,-497.05099584245954,350.19240845732907,179.99248669182361,-1.5192048908233755,0.4681055756042892
