x,y,z,roll,pitch,yaw
938.4922366035172,-500.1247023484798,342.6193733957447,35.217669497881445,30.05816064461453,54.921533921644766
927.0047055398975,-497.74880259826796,345.8260228889783,22.71539613055605,23.69785914675005,56.07194389922135
921.0229818672422,-492.400149367161,350.50909125329804,26.345104977672563,25.462005712394614,56.531925471807874
