x,y,z,roll,pitch,yaw
122.95895920973025,920.0622963727,743.153823765434,-89.90016147614439,45.78618745498898,-45.10528790597034
115.24159617002572,925.0231457968274,736.5482181735109,-93.13517557718771,52.18065905070208,-36.547206338178114
110.8157436421221,927.0626282605332,732.9476747870743,-93.80028381367497,52.323057443735,-36.57130285259288
108.0989743685974,929.3725453590326,729.927921650297,-94.38302021020569,52.427006856337755,-36.50084273611861
105.84025359011115,930.0887238781726,730.2891853397243,-106.73585893805465,80.41370599507943,-49.49953279577586
