x,y,z,roll,pitch,yaw
700.4124931279528,-506.2452166044803,336.5382806458395,-90.24671259407532,46.6979821812798,45.66435908805525
693.1593755364644,-501.6295464387759,341.6693344482181,-90.24671259407532,46.6979821812798,45.66435908805525
689.5328167407202,-499.3217113559237,344.23486134940737,-90.24671259407532,46.6979821812798,45.66435908805525
