x,y,z,roll,pitch,yaw
702.0364437988701,-503.12827789155085,340.721467578075,35.217668594645566,30.058160493744666,54.92153274202834
695.0222777599035,-498.7610115898884,346.3542697074039,35.217668594645566,30.058160493744666,54.92153274202834
691.5151947404203,-496.57737843905716,349.1706707720683,35.217668594645566,30.058160493744666,54.92153274202834
