x,y,z,roll,pitch,yaw
-611.3642107838167,628.0966707095796,891.7359691933322,-89.64492632441454,36.27099569560835,49.490240770759144
-612.1611154494301,626.8640496617296,886.9611083309915,-89.64492632441454,36.27099569560835,49.490240770759144
-611.8857074091984,626.0766569858122,885.3815250203425,-89.64492632441454,36.27099569560835,49.490240770759144
-612.6670317272981,625.6185700956895,883.9847566334802,-89.64492632441454,36.27099569560835,49.490240770759144
-613.4437095629526,625.1532886541245,882.5869357608484,-89.64492632441454,36.27099569560835,49.490240770759144
-614.2154282877297,624.6812823820613,881.2521346278822,-89.64492632441454,36.27099569560835,49.490240770759144
-615.0917259500075,624.1349430197918,879.8527888575901,-89.64492632441454,36.27099569560835,49.490240770759144
-615.3319935691264,623.0079825069473,878.6196734647422,-89.64492632441454,36.27099569560835,49.490240770759144
-615.6738325954552,621.81329342148,877.2680284540011,-89.64492632441454,36.27099569560835,49.490240770759144
