x,y,z,roll,pitch,yaw
346.8753632628295,-495.1697394940828,360.4661227447301,-1.8653359779439787,-3.971647760016829,25.471044044892295
345.50548463833405,-490.3860924215753,360.02871915692003,-1.8653359779439787,-3.971647760016829,25.471044044892295
345.21610354026353,-488.80745584606404,359.2450575059315,-1.8653359779439787,-3.971647760016829,25.471044044892295
344.33499767352816,-487.4033173162794,359.3996419304384,-1.8653359779439787,-3.971647760016829,25.471044044892295
343.45276666021766,-485.99815241029944,359.5457352197237,-1.8653359779439787,-3.971647760016829,25.471044044892295
342.569466383305,-484.6560344484735,359.683753504581,-1.8653359779439787,-3.971647760016829,25.471044044892295
341.55885381156844,-483.24835707081945,359.8330765136635,-1.8653359779439787,-3.971647760016829,25.471044044892295
340.6541474383577,-482.011208832065,359.1283653154684,-1.8653359779439787,-3.971647760016829,25.471044044892295
339.6291127612968,-480.6545556070448,358.43779737067155,-1.8653359779439787,-3.971647760016829,25.471044044892295
