x,y,z,roll,pitch,yaw
281.4965728564864,914.6713579401445,743.6770946826973,-90.06901746942987,45.95286101531392,-45.262379859521126
276.17163553295234,921.4678327641301,738.7296805589012,-90.06901746942987,45.95286101531392,-45.262379859521126
273.5091668711853,924.8660701761229,736.2559734970032,-90.06901746942987,45.95286101531392,-45.262379859521126
