x,y,z,roll,pitch,yaw
-594.8087155341058,643.5652428164507,897.175794335124,-89.71755384230332,25.243199158056377,41.648775524094575
-598.0382372482111,640.7349876554654,888.144743331374,-89.71755384230332,25.243199158056377,41.648775524094575
-601.0750821878638,637.4058905524239,885.971689617242,-89.71755384230332,25.243199158056377,41.648775524094575
