x,y,z,roll,pitch,yaw
888.9122035463513,-504.3609590552896,351.3548849403386,0.0612023045904366,-0.028288978649777145,24.81295804020633
884.6860209289443,-495.297881184923,351.3548849403386,0.0612023045904366,-0.028288978649777145,24.81295804020633
880.2001996029103,-493.1023319315854,351.11619998675496,0.0612023045904366,-0.028288978649777145,24.81295804020633
