x,y,z,roll,pitch,yaw
845.5971918122901,-507.54407912445015,365.6238253694477,-10.557683137144819,-14.085412281256795,37.42086130146279
844.3592053596394,-502.73419564252026,366.23462393369437,-10.557683137144819,-14.085412281256795,37.42086130146279
844.2295284363124,-501.07355309042714,365.4977172789954,-10.557683137144819,-14.085412281256795,37.42086130146279
843.3351368106898,-499.5204181801587,363.2966341012451,-10.557683137144819,-14.085412281256795,37.42086130146279
842.3124350280714,-498.1506066032474,362.66865050913714,-10.557683137144819,-14.085412281256795,37.42086130146279
841.2953094036798,-496.66019294218574,362.03800920407946,-10.557683137144819,-14.085412281256795,37.42086130146279
840.381776573548,-495.24908511589945,362.9198086273318,-10.557683137144819,-14.085412281256795,37.42086130146279
839.4616325426575,-493.8281630708284,363.79775439721436,-10.557683137144819,-14.085412281256795,37.42086130146279
838.4482735833683,-492.40917434514677,363.1336218026257,-10.557683137144819,-14.085412281256795,37.42086130146279
