x,y,z,roll,pitch,yaw
845.5971918162351,-507.54407913274736,365.6238261115449,0.020677357702995107,-0.005531885289075689,14.939305345315878
841.9412999404936,-506.1349451847494,361.7806653257941,-0.6001460434563373,-1.083036587479203,14.415792498391133
837.2021811100557,-496.76897362370687,362.38298883835125,-1.5446788158708997,-1.2594749984642077,14.003064571807776
