x,y,z,roll,pitch,yaw
623.0036993565643,-498.92432910760584,343.1711229484499,35.2197226197728,30.05554271023592,54.913516814443106
615.5896521994737,-495.71850924213,349.06642817740624,35.2197226197728,30.05554271023592,54.913516814443106
611.8826286209285,-494.11559930939205,352.01408079188434,35.2197226197728,30.05554271023592,54.913516814443106
