x,y,z,roll,pitch,yaw
623.0036993565504,-498.9243291077526,343.1711229898317,35.21972214748528,30.055542841964087,54.91351780822168
614.9418619943048,-495.87966176339916,346.8252307454228,36.323677110302526,24.38635817427834,62.22687539739835
609.0187046093712,-492.3169945611699,352.2789329441134,35.65492173249369,24.506375228628276,61.12631121152753
