x,y,z,roll,pitch,yaw
625.3000367292778,-516.9198739803455,337.4826772363225,30.502631480487523,30.730772016438095,49.04512623910697
620.326008941254,-509.8001497156163,342.73912062643797,30.502631480487523,30.730772016438095,49.04512623910697
620.0729360227917,-508.4628390011972,344.6329577522822,30.502631480487523,30.730772016438095,49.04512623910697
619.4386690899158,-507.29851852658845,344.0217992514308,30.502631480487523,30.730772016438095,49.04512623910697
618.9345094308194,-506.0360541129249,344.66785710612805,30.502631480487523,30.730772016438095,49.04512623910697
618.3652085209465,-504.8510986771408,344.6745008796951,30.502631480487523,30.730772016438095,49.04512623910697
617.8029561691795,-503.5456932713483,345.9502777468257,30.502631480487523,30.730772016438095,49.04512623910697
617.230002665138,-502.2965451302053,345.9473027232086,30.502631480487523,30.730772016438095,49.04512623910697
616.6003486358019,-501.06454369731404,346.585492293901,30.502631480487523,30.730772016438095,49.04512623910697
