x,y,z,roll,pitch,yaw
589.0852636107543,-505.3407168198927,344.03226041432276,35.211254932204604,30.065362116112606,54.79169542062193
582.6099165475405,-498.7812408574579,344.15168226588605,23.516934417181417,24.74311820819588,47.34951364144237
576.6174790663674,-489.9272513523166,348.9589956356032,22.675838767957867,24.76519690513156,47.35653377775666
