x,y,z,roll,pitch,yaw
129.5107552234916,973.243353942017,746.1932504659109,-89.57263894205288,45.96452978247605,-45.22339904555549
117.74262227688558,977.2997934600292,741.1876056953028,-106.45620431033507,48.73218821687353,-49.95396999112869
110.18684895865668,981.3197211551159,733.8085324614752,-107.31810728758096,48.43307875204054,-50.03998588624791
