x,y,z,roll,pitch,yaw
591.792364852646,-506.19886355313463,346.585648248824,19.567186683083666,14.587813032404789,54.922947518760076
584.556867051699,-500.0390111324042,349.8191860591281,19.567186683083666,14.587813032404789,54.922947518760076
583.9207747136068,-498.9849959884385,349.8508562779572,19.567186683083666,14.587813032404789,54.922947518760076
583.12577949754,-498.0128241392804,349.9081533896099,19.567186683083666,14.587813032404789,54.922947518760076
582.3579614424175,-497.03664397166756,351.2485936734664,19.567186683083666,14.587813032404789,54.922947518760076
581.583099596799,-496.1335175844057,352.5927487684428,19.567186683083666,14.587813032404789,54.922947518760076
580.780204074635,-495.2332233532736,352.6409921695082,19.567186683083666,14.587813032404789,54.922947518760076
579.8163998233266,-494.25078924706213,352.6935879625503,19.567186683083666,14.587813032404789,54.922947518760076
578.8397068942462,-493.36903766381045,351.4526098153955,19.567186683083666,14.587813032404789,54.922947518760076
577.7280055051607,-493.19011346857485,352.84830776518754,19.567186683083666,14.587813032404789,54.922947518760076
576.4426126093172,-493.11306044723744,352.97340187095756,19.567186683083666,14.587813032404789,54.922947518760076
