x,y,z,roll,pitch,yaw
589.697940963757,-511.4784309637899,340.8907250431398,35.212705855109704,30.063699902510795,54.793292981445894
585.5874295712108,-504.6011113991321,344.6139722482535,34.133540038825245,30.190208090423642,54.51270673587921
578.5519656852352,-495.9053514448221,349.4937684791522,32.72306004978306,30.290235789680114,54.01865341634938
