x,y,z,roll,pitch,yaw
-431.6947000290438,753.8482221218235,906.3754932553168,-89.93976045091274,45.540151194426805,-3.1619919948612707
-439.8605589040911,754.8468551092208,900.6547794075535,-89.93976045091274,45.540151194426805,-3.1619919948612707
-443.94348834161474,755.3461716029193,897.794422483672,-89.93976045091274,45.540151194426805,-3.1619919948612707
