x,y,z,roll,pitch,yaw
591.792364852646,-506.19886355313463,346.585648248824,19.567186683083698,14.587813032404801,54.92294751876009
584.556867051699,-500.0390111324042,349.8191860591281,1.471769107405896,2.441250190934977,31.36881171185082
583.9207747136068,-498.9849959884385,349.8508562779572,2.6122005183628336,3.190165446317909,39.614338350669634
583.12577949754,-498.0128241392804,349.9081533896099,55.85852143922917,27.67406889185055,72.71897528705972
582.3579614424175,-497.03664397166756,351.2485936734664,56.27849110177943,25.894501594400865,73.94759009044105
581.583099596799,-496.1335175844057,352.5927487684428,2.289346419601899,2.5664036095614535,42.02415001236891
580.780204074635,-495.2332233532736,352.6409921695082,2.187642827002635,2.2301545796908218,44.73136832148344
579.8163998233266,-494.25078924706213,352.6935879625503,-47.98714269888269,-22.476063894560156,70.78592545659048
578.8397068942462,-493.36903766381045,351.4526098153955,51.3217812505716,4.488646181752762,86.58954652830136
577.7280055051607,-493.19011346857485,352.84830776518754,5.548725743533725,0.3304870207667415,86.79083477969526
576.4426126093172,-493.11306044723744,352.97340187095756,-91.03308930277737,-0.5327222854552203,-0.12679785889928485
