x,y,z,roll,pitch,yaw
119.92560065622382,970.7718521609194,747.2210782801315,-89.29996953281415,48.7077243218836,-26.81581164330556
112.30458843299863,972.3834293507858,741.0120941555494,-89.29996953281415,48.7077243218836,-26.81581164330556
111.62641009537839,971.155622634021,740.0173982306146,-89.29996953281415,48.7077243218836,-26.81581164330556
110.82900756142698,971.2283924345936,739.063715623316,-89.29996953281415,48.7077243218836,-26.81581164330556
110.05988768567778,972.5775592349028,738.1355999111071,-89.29996953281415,48.7077243218836,-26.81581164330556
109.09878794254854,972.6534634867603,737.0977853511779,-89.29996953281415,48.7077243218836,-26.81581164330556
108.29661864683743,972.7069982777272,736.1373730946818,-89.29996953281415,48.7077243218836,-26.81581164330556
107.33587768182196,972.7733896553303,735.1789198069265,-89.29996953281415,48.7077243218836,-26.81581164330556
106.20592989765834,971.5765662938467,734.3744117812887,-89.29996953281415,48.7077243218836,-26.81581164330556
105.10667814327809,972.957126783823,734.1587791698913,-89.29996953281415,48.7077243218836,-26.81581164330556
103.83809059409867,973.0736087069373,734.0974753288583,-89.29996953281415,48.7077243218836,-26.81581164330556
