x,y,z,roll,pitch,yaw
-479.2477864804996,754.2211314793914,899.7131696097073,-90.41158138574174,45.360751184554665,-1.729452948042229
-482.8665580023461,748.7083411656688,894.3414940271639,-90.89187865896434,43.289292863276785,16.474578221301027
-490.6363904103964,746.2957411591719,886.6301387510468,-91.57455118758098,43.17412330521865,16.56281668852211
