x,y,z,roll,pitch,yaw
119.48218254091586,969.9691876252375,747.06232630149,-89.39549937479956,48.85848999788428,-31.00190080924636
112.06469741614268,972.6462312017761,740.8829564711695,-89.39549937479956,48.85848999788428,-31.00190080924636
111.57949568503585,972.6515907221524,739.9192261524938,-89.39549937479956,48.85848999788428,-31.00190080924636
110.77860120051872,972.6869989500481,738.9600611656667,-89.39549937479956,48.85848999788428,-31.00190080924636
109.9488669720227,973.904881633109,738.0250729244949,-89.39549937479956,48.85848999788428,-31.00190080924636
109.11273456528698,975.1335320490682,737.082119534951,-89.39549937479956,48.85848999788428,-31.00190080924636
108.18299940096773,973.9980807877257,736.0987887804081,-89.39549937479956,48.85848999788428,-31.00190080924636
107.34018945980023,975.2319508777998,735.1470802208876,-89.39549937479956,48.85848999788428,-31.00190080924636
106.37572905460758,975.2986832533676,734.26141108503,-89.39549937479956,48.85848999788428,-31.00190080924636
105.10034788252182,975.4237398236269,734.1156405258112,-89.39549937479956,48.85848999788428,-31.00190080924636
103.8247876151483,975.5539052068841,733.9695335568304,-89.39549937479956,48.85848999788428,-31.00190080924636
