x,y,z,roll,pitch,yaw
129.51075454822677,973.2433524499475,746.1932502824544,-89.57263933771121,45.964530347120665,-45.22339995421918
122.31075998484283,976.6386717673633,740.1678666466091,-89.57263933771121,45.964530347120665,-45.22339995421918
118.71076270315079,978.3363314260713,737.1551748286865,-89.57263933771121,45.964530347120665,-45.22339995421918
