x,y,z,roll,pitch,yaw
119.48218254091586,969.9691876252375,747.06232630149,-89.02297010467025,51.739871302998175,-17.10292414497038
112.06469741614268,972.6462312017761,740.8829564711695,-88.95809205990373,26.934504268036235,1.5524047191863537
111.57949568503585,972.6515907221524,739.9192261524938,-88.8693093318457,40.107259292941016,-0.8856529306340324
110.77860120051872,972.6869989500481,738.9600611656667,-90.01293951859518,57.61910533354861,-55.52796675441237
109.9488669720227,973.904881633109,738.0250729244949,-90.01382440507267,57.617982425410375,-55.55870877683282
109.11273456528698,975.1335320490682,737.082119534951,-88.73979108933563,56.12176481918094,52.407280631095006
108.18299940096773,973.9980807877257,736.0987887804081,-90.01097344736746,57.51981567001854,-55.45631123140284
107.34018945980023,975.2319508777998,735.1470802208876,-88.77427260966796,47.72593718644093,-2.41358435324425
106.37572905460758,975.2986832533676,734.26141108503,-83.6827303543786,83.66871406916962,0.5592419805227606
105.10034788252182,975.4237398236269,734.1156405258112,-83.71991935921427,83.65628048345242,0.29603844500487164
103.8247876151483,975.5539052068841,733.9695335568304,180.0,0.0,0.0
