x,y,z,roll,pitch,yaw
584.904187817956,-508.08336991705306,346.90888638791944,20.876575707706387,17.95625155597377,51.330538136590924
577.3204211332644,-501.79299413057885,348.43632340998545,20.876575707706387,17.95625155597377,51.330538136590924
576.6558791639006,-500.8143245410832,347.19369847750386,20.876575707706387,17.95625155597377,51.330538136590924
575.8650970501014,-499.85379866708985,347.2525265913621,20.876575707706387,17.95625155597377,51.330538136590924
575.0958185865362,-498.8974498181129,348.58795906301464,20.876575707706387,17.95625155597377,51.330538136590924
574.1419409895466,-497.85156788820353,348.648951797436,20.876575707706387,17.95625155597377,51.330538136590924
573.3465408068216,-496.88460435088945,348.68844640345833,20.876575707706387,17.95625155597377,51.330538136590924
572.3924894292126,-495.9182337438803,348.7412704279923,20.876575707706387,17.95625155597377,51.330538136590924
571.2746275147767,-495.1259244000917,347.5341031068559,20.876575707706387,17.95625155597377,51.330538136590924
570.1698354355309,-494.87901627884133,348.91391071214593,20.876575707706387,17.95625155597377,51.330538136590924
568.9011054947296,-494.8065665417942,349.0328700973703,20.876575707706387,17.95625155597377,51.330538136590924
