x,y,z,roll,pitch,yaw
584.4660817171693,-507.935011135524,346.10485919532266,13.97560314027311,11.13489160529156,52.48465208624154
577.0801213628647,-501.65769595677926,348.6975752781906,13.97560314027311,11.13489160529156,52.48465208624154
576.6019593961689,-500.69052500736615,348.68796218466616,13.97560314027311,11.13489160529156,52.48465208624154
575.8079184796218,-499.72512437118036,348.7093498921049,13.97560314027311,11.13489160529156,52.48465208624154
574.9787544636031,-498.7636859217468,349.9135655937456,13.97560314027311,11.13489160529156,52.48465208624154
574.1431950943241,-497.7940552078472,351.1284306895425,13.97560314027311,11.13489160529156,52.48465208624154
573.2265380106743,-496.82336511045713,349.9790428728743,13.97560314027311,11.13489160529156,52.48465208624154
572.3843383751223,-495.84484406735766,351.1989973401428,13.97560314027311,11.13489160529156,52.48465208624154
571.4260323512979,-494.9512125686114,351.2534053472516,13.97560314027311,11.13489160529156,52.48465208624154
570.1510836616329,-494.7941162031257,351.3795267584236,13.97560314027311,11.13489160529156,52.48465208624154
568.8759319615519,-494.636595772195,351.51075119514087,13.97560314027311,11.13489160529156,52.48465208624154
