hook_num,trajectory_process,x_max_work,x_max_local,x_min_work,x_min_local,y_max_work,y_max_local,y_min_work,y_min_local,z_max_work,z_max_local,z_min_work,z_min_local,x_mean_work,x_mean_local,y_mean_work,y_mean_local,z_mean_work,z_mean_local,euclidean_max_work,roll_max,pitch_max,yaw_max
18,4,0.0218645151543342,0.0506977780593576,-1.04699559359028,-1.02032290070615,1.78522441274254e-09,0.0679394023955582,-0.892056633400557,-0.125667238438098,-2.39525888900971e-07,-1.90016143152778e-07,-0.500840979827899,-1.00241387712087,-0.512092023303713,-0.476244915810595,-0.423709071044045,-0.0297292457603697,-0.316435370785627,-0.560426077120139,1.4306209143251,3.18439769900603,12.0096238473925,-9.15323183463984
