hook_num,trajectory_process,x_max_work,x_max_local,x_min_work,x_min_local,y_max_work,y_max_local,y_min_work,y_min_local,z_max_work,z_max_local,z_min_work,z_min_local,x_mean_work,x_mean_local,y_mean_work,y_mean_local,z_mean_work,z_mean_local,euclidean_max_work,roll_max,pitch_max,yaw_max
12,4,0.042126395589662,0.226371875456248,-0.00303688533051627,-0.00160958149853265,0.15822128961338,-8.07036478850475e-07,-0.0347196543766586,-0.0597885926059654,-1.85993690138275e-06,-1.56777266834212e-06,-0.302984176170185,-0.254548764356593,0.0191688990304285,0.110222447606945,0.0605633034501042,-0.0543478337416742,-0.205902650449076,-0.176966270159487,0.344395151972009,13.4788003964635,15.901019053571,-3.55236578929019
