hook_num,trajectory_process,x_max_work,x_max_local,x_min_work,x_min_local,y_max_work,y_max_local,y_min_work,y_min_local,z_max_work,z_max_local,z_min_work,z_min_local,x_mean_work,x_mean_local,y_mean_work,y_mean_local,z_mean_work,z_mean_local,euclidean_max_work,roll_max,pitch_max,yaw_max
17,4,0.249773644171455,1.90813683656984e-07,-8.99376573215704e-10,-0.995322190017123,0.00534967332419001,0.21227285350754,-0.900883659386011,-5.36408168683797e-07,0.71795956485596,0.537997285605989,-6.57882196719584e-07,-3.29723418215216e-07,0.110413216150263,-0.504062152104545,-0.424127439596958,0.158602333393487,0.427463873526152,0.308922966624574,1.13716467560244,-22.8673214807675,13.8151507789074,-25.6161229291724
