hook_num,trajectory_process,x_max_work,x_max_local,x_min_work,x_min_local,y_max_work,y_max_local,y_min_work,y_min_local,z_max_work,z_max_local,z_min_work,z_min_local,x_mean_work,x_mean_local,y_mean_work,y_mean_local,z_mean_work,z_mean_local,euclidean_max_work,roll_max,pitch_max,yaw_max
12,1,1.2862207265722,1.47609809106495,-2.94685446533549e-06,6.42897953361173e-07,0.921887425380135,7.58365519909422e-06,-0.0258985244756786,-0.859068242761883,0.514799219160125,0.958846804049584,-0.708022215819938,-0.236714120889122,1.00999942585161,0.992825647967726,0.543909979234741,-0.485859444369162,-0.121539406312794,0.328482676507082,1.60137942223116,48.6099871073664,28.2530903503245,26.0484021571675
