x,y,z,roll,pitch,yaw
214.97393710791192,-505.24993845515326,331.91429354018953,-66.57481395109664,48.532348573012335,20.865627371175933
212.092160991504,-498.08564000320814,338.69307331313365,-66.57481395109664,48.532348573012335,20.865627371175933
211.94595040799913,-497.2816582774076,338.67103547209774,-66.57481395109664,48.532348573012335,20.865627371175933
211.79898470139574,-496.4777504143574,338.6439616470989,-66.57481395109664,48.532348573012335,20.865627371175933
211.47827667532135,-495.6607635591032,340.6697152939199,-66.57481395109664,48.532348573012335,20.865627371175933
211.33056688665937,-494.77653783361995,340.6410824104292,-66.57481395109664,48.532348573012335,20.865627371175933
211.02112150436056,-493.9538751832295,341.6573892219565,-66.57481395109664,48.532348573012335,20.865627371175933
210.72919048481452,-493.140987959659,341.65212060883465,-66.57481395109664,48.532348573012335,20.865627371175933
210.04759934553863,-492.5165546697318,339.6650314789072,-66.57481395109664,48.532348573012335,20.865627371175933
209.5679852870581,-491.88948421318463,341.72546265567354,-66.57481395109664,48.532348573012335,20.865627371175933
209.22695605780945,-491.25171293948335,343.7992080431292,-66.57481395109664,48.532348573012335,20.865627371175933
