x,y,z,roll,pitch,yaw
-362.6954670200997,910.7472893957167,746.467196735362,-89.90016204503854,45.78618838350094,-45.105289243483405
-365.63439860904816,917.3968712264842,739.6038532202534,-89.90016204503854,45.78618838350094,-45.105289243483405
-367.1038644035224,920.721662141868,736.1721814626992,-89.90016204503854,45.78618838350094,-45.105289243483405
