x,y,z,roll,pitch,yaw
216.24789952836375,-506.70615973355564,329.61781982684164,-89.67704669860127,46.36167777429705,45.05603533695124
213.34360005260896,-499.74577018456654,336.18425126876315,-89.67704669860127,46.36167777429705,45.05603533695124
211.89145031473163,-496.2655754100721,339.4674669897239,-89.67704669860127,46.36167777429705,45.05603533695124
