x,y,z,roll,pitch,yaw
346.67556463376786,-510.94137973353855,345.20826028152794,15.355497287078942,12.834780164754424,50.5633976778991
341.6924116522686,-503.8038537882199,350.43499600664677,15.355497287078942,12.834780164754424,50.5633976778991
341.1846959953558,-502.6608018463888,351.16564163488704,15.355497287078942,12.834780164754424,50.5633976778991
340.24777444813526,-501.72759963235416,351.2026691119821,15.355497287078942,12.834780164754424,50.5633976778991
339.31052422888206,-500.79442365979554,351.2321985449929,15.355497287078942,12.834780164754424,50.5633976778991
338.4414804463031,-499.81373592256904,351.9689415465185,15.355497287078942,12.834780164754424,50.5633976778991
337.50061563074627,-498.87762646096786,351.9838682707017,15.355497287078942,12.834780164754424,50.5633976778991
336.50452614137214,-497.8286745054731,352.71563701355944,15.355497287078942,12.834780164754424,50.5633976778991
335.56019140861713,-496.88982775891844,352.71510501190573,15.355497287078942,12.834780164754424,50.5633976778991
