x,y,z,roll,pitch,yaw
620.9535912772562,-500.8933482824906,334.73881277283124,-90.24671259407532,46.6979821812798,45.66435908805525
613.7361212051749,-497.6779601229906,340.89146163440205,-90.24671259407532,46.6979821812798,45.66435908805525
610.1273861691344,-496.07026604324045,343.96778606518745,-90.24671259407532,46.6979821812798,45.66435908805525
