x,y,z,roll,pitch,yaw
-754.05599551798,512.2472081391605,895.9355456412405,-89.70316177995694,42.46441156085949,33.48168043896964
-755.5946036032819,510.73269547232314,891.3941611230091,-89.70316177995694,42.46441156085949,33.48168043896964
-756.5248878834211,510.80811542991864,890.0974224780351,-89.70316177995694,42.46441156085949,33.48168043896964
-756.9222593962947,509.7257276153247,888.9441017919348,-89.70316177995694,42.46441156085949,33.48168043896964
-755.7788754125341,507.6968620134488,887.6801145721215,-89.70316177995694,42.46441156085949,33.48168043896964
-757.5978193849954,507.82010395190787,886.4352796458074,-89.70316177995694,42.46441156085949,33.48168043896964
-759.4250746808141,507.9349679612411,885.1778858466871,-89.70316177995694,42.46441156085949,33.48168043896964
-760.4809339913968,507.5731292319325,883.859534188,-89.70316177995694,42.46441156085949,33.48168043896964
-760.7957053437926,506.60135792531844,882.6340302208828,-89.70316177995694,42.46441156085949,33.48168043896964
