x,y,z,roll,pitch,yaw
-754.0559965767646,512.2472093477701,895.9355454407525,-89.70773967784767,25.218637755822424,40.70679653532369
-757.991347945113,505.5239379009312,887.8551287029056,-90.19705309159333,25.340616815704635,40.988568662535286
-762.5579140933095,502.66674523340885,879.402163722018,-90.72695247194135,25.382427389363137,41.076104395835486
