x,y,z,roll,pitch,yaw
169.29133857554294,-500.4736359871312,358.1283634006393,-1.0774998769185153,-1.3211110563349493,42.09997755426159
165.11973943069566,-491.3929179179059,358.30046573354366,-1.0774998769185153,-1.3211110563349493,42.09997755426159
164.17015397688132,-490.4254655111395,358.4445254408457,-1.0774998769185153,-1.3211110563349493,42.09997755426159
163.08230684202434,-489.6442693304488,357.9014030338202,-1.0774998769185153,-1.3211110563349493,42.09997755426159
162.01506771900938,-488.85697504639774,358.0556894674746,-1.0774998769185153,-1.3211110563349493,42.09997755426159
160.94592574789095,-488.0698773692631,358.2024904646365,-1.0774998769185153,-1.3211110563349493,42.09997755426159
159.86736755083837,-487.35706742038866,357.64029994960435,-1.0774998769185153,-1.3211110563349493,42.09997755426159
158.79856263839935,-486.572019046373,357.7705232091174,-1.0774998769185153,-1.3211110563349493,42.09997755426159
157.72740114109664,-485.92558920813093,357.1988046950953,-1.0774998769185153,-1.3211110563349493,42.09997755426159
