x,y,z,roll,pitch,yaw
169.29133857554294,-500.4736359871312,358.1283634006393,-2.8938006972215753,-1.7818996188468919,59.40342449272168
165.11973943069566,-491.3929179179059,358.30046573354366,-2.8938006972215753,-1.7818996188468919,59.40342449272168
164.17015397688132,-490.4254655111395,358.4445254408457,-2.8938006972215753,-1.7818996188468919,59.40342449272168
163.08230684202434,-489.6442693304488,357.9014030338202,-2.8938006972215753,-1.7818996188468919,59.40342449272168
162.01506771900938,-488.85697504639774,358.0556894674746,-2.8938006972215753,-1.7818996188468919,59.40342449272168
160.94592574789095,-488.0698773692631,358.2024904646365,-2.8938006972215753,-1.7818996188468919,59.40342449272168
159.86736755083837,-487.35706742038866,357.64029994960435,-2.8938006972215753,-1.7818996188468919,59.40342449272168
158.79856263839935,-486.572019046373,357.7705232091174,-2.8938006972215753,-1.7818996188468919,59.40342449272168
157.72740114109664,-485.92558920813093,357.1988046950953,-2.8938006972215753,-1.7818996188468919,59.40342449272168
