x,y,z,roll,pitch,yaw
702.8006565467128,-504.76343979320774,346.67200790148706,35.219722437848205,30.055542664161617,54.91351657211405
693.8382228756817,-501.1871147970049,348.9925539269093,20.376104158296876,26.615914278069916,47.667179657829806
686.8311196696143,-494.24599277626993,352.2037975741639,19.47924673432749,26.664035609894764,47.42836265319327
