x,y,z,roll,pitch,yaw
134.37105193290893,-504.37660653180444,356.88994419580496,0.05425018414924724,-0.053900978543496805,44.81449666192628
126.99476600859253,-497.6734214253289,357.7009407377553,0.05425018414924724,-0.053900978543496805,44.81449666192628
123.30662304643431,-494.32182887209126,358.10643900873043,0.05425018414924724,-0.053900978543496805,44.81449666192628
