x,y,z,roll,pitch,yaw
-822.1808748597662,363.62930779847636,903.0712273494453,-89.49885793841122,45.20251490347251,46.01877680504076
-827.9581784667555,358.9017266359281,896.4232424505295,-89.49885793841122,45.20251490347251,46.01877680504076
-830.8468302702502,356.537936054654,893.0992500010717,-89.49885793841122,45.20251490347251,46.01877680504076
