x,y,z,roll,pitch,yaw
-237.33407855543493,919.1814107192641,903.3869328877057,-89.65405966170589,58.7291960752694,7.350257657110807
-244.1681840295272,919.3851901215011,896.4203506876084,-89.65450203171477,58.72913752250096,7.349871221000396
-253.29314027658873,920.5948427351409,888.7532357607481,-92.05321057612312,58.63306572350671,6.525377111971175
