x,y,z,roll,pitch,yaw
614.6699392558535,-485.8347135966294,362.5156525441373,-31.575774844032384,-16.31078771297858,65.14763575770905
607.5694251598993,-480.8606035717712,357.8750892541681,-34.17203133096935,-31.753225163575305,51.90743677318163
606.5958558059463,-479.3296751965513,356.8916374411674,1.8470037841254292,2.997724987866798,32.03159850715071
605.6155190770646,-477.7413098806576,356.9519503865163,-27.41003818853239,-23.70315924328317,51.89777779283526
604.3271518404565,-476.2241092866186,356.0287347681435,-52.71207025294681,-26.156800635277015,71.17703719051535
603.0696363170771,-474.79153127195684,354.08803846151045,-25.93240146533315,-18.033239149310003,57.20397629545948
601.6416935538205,-473.544067315396,353.2223929807758,-22.262147951742385,-10.19993315203992,66.30350284046139
599.9012075586058,-472.6333802068365,352.4336496947709,-45.477754205489994,-10.769444413906758,79.33561492602044
598.2096017300767,-471.97594812484147,350.6534737048445,-40.066306259946444,0.03648936309514527,90.25281719800374
596.2208787500642,-471.97841349682926,348.98083575220846,-40.04225878417174,0.031908158145102804,90.2473844440919
594.2561056430889,-471.9805294313072,347.32974874694276,-90.6083622832676,-0.08223353053437796,-0.16667081476494286
