x,y,z,roll,pitch,yaw
-407.4882086113656,798.5761855109004,886.0726434665604,-89.70200025924568,15.362221535317842,40.59476014753626
-410.99379222696996,795.7009144255024,875.8455480964437,-89.77378485508166,15.245672504216847,40.69119243877736
-415.7874513202784,792.150482100074,864.8281748903715,-98.18109702434685,53.84439680064077,39.73613837354014
-420.66954155857695,788.1561592255732,862.961507898075,-126.42461929116939,79.978070055911,15.54698942447438
