x,y,z,roll,pitch,yaw
615.4572750494276,-491.1608230930185,358.22122503531614,0.015354733434500403,-0.004113599882272236,14.954952923717647
612.8690845984024,-481.5015648301279,358.22122503531625,0.015354733434500403,-0.004113599882272236,14.954952923717647
608.7288106741003,-478.6996381506377,358.3068913326815,0.015354733434500403,-0.004113599882272236,14.954952923717647
