x,y,z,roll,pitch,yaw
341.48192009190495,-498.2082588461685,340.17637457223776,-89.67704669860127,46.36167777429705,45.05603533695124
333.9642190255972,-495.3434787278582,346.11583629459676,-89.67704669860127,46.36167777429705,45.05603533695124
330.2053684924432,-493.9110886687031,349.08556715577635,-89.67704669860127,46.36167777429705,45.05603533695124
