x,y,z,roll,pitch,yaw
-237.49946134925557,921.0842143424538,737.0250560808047,-49.36774947601173,27.260877631982492,-6.471474335289431
-245.0652927273598,927.0117644737675,734.3227377769451,-40.88625978419696,33.83604928436737,-54.97932662723165
-245.49082769173998,929.3949601204638,733.6864369652078,-60.066507025332044,23.012164199936805,27.890645249226477
-246.44285527192085,929.5140902161473,733.2940502244157,-47.40960392297518,29.540420161552102,-30.52005441442944
-247.2195263319531,930.7807007817815,732.814870255652,-66.13010083632847,22.22283268757209,26.25382514953169
-248.17804245028884,930.8686105298398,732.2568102165819,-42.82930376487494,30.984955001187448,-28.71808142903839
-248.9639415386702,932.1419412397222,731.9347100806788,-63.47228260057858,22.591730052455862,28.15548651242797
-249.92606325194083,932.2297061845728,731.4556822366035,-50.16461901808247,22.417380908782345,34.87274189061171
-250.88571589762228,932.3280923846374,731.3041082643462,44.31989543351828,-20.806465289505468,37.54527642903532
-252.00403818379795,932.4464108401842,731.3182742626534,47.473168951695556,-21.538925017961834,36.13926454803554
-253.1219617504497,932.5681015912927,731.4142963604255,180.0,0.0,0.0
