x,y,z,roll,pitch,yaw
341.4819200841605,-498.2082588527676,340.17637550737584,-89.67704674817546,46.36167717050524,45.05603580422027
335.0381494221208,-493.80424731450603,347.20638264675694,-84.1681604205579,40.240500979719805,58.58145454463895
330.47495521472666,-490.66609931737366,351.2129444781792,-80.61190881200052,36.184938877165465,68.04599877455182
327.28358417545354,-489.4054766313077,352.821032635757,-81.44528580221431,37.06821255981588,68.34759746116221
326.8963739415633,-490.09874512282533,353.0789744808667,-37.08165896443821,-8.351249189291579,86.20695458146278
