x,y,z,roll,pitch,yaw
339.95339290221244,-496.74972507416123,340.9135877200333,-49.099512992829204,11.561157829558237,28.084040117901253
332.81928471251473,-493.92470086442677,347.8894263303545,-126.6575899000443,-24.644618404380143,27.034580240512803
332.0825803909886,-493.3405113299268,346.89080828226895,-48.14773522461083,24.200606724696268,29.051348848385594
331.1862434466826,-492.8758916431297,348.04513666947264,-48.41964433160762,29.709288974533173,29.202977103837277
330.431586268498,-492.40623053425213,349.18502749601294,-50.39679981148646,24.774582135395526,28.356799311905
329.5218692533516,-491.85712184640977,350.34633016760466,-66.35914194763112,-25.588552930072048,23.155689695859596
328.62362763954627,-491.32824039783713,350.4219838303355,-48.409383795283055,23.75604796412648,28.947942666026208
327.70318281738736,-490.8491437075012,351.58896388378736,-52.49515788622186,-32.961855172593495,23.665506872633436
326.65321102984154,-490.62556813220624,351.6979841865388,-35.21311240596923,15.118117541138593,31.652555689229864
325.57243474111954,-490.60530741758885,352.9088052997172,37.20925976281374,18.36991328019033,-31.171929394171865
324.63423524437235,-490.66144189674753,354.1107953709409,180.00253275997252,-1.6264641057383158,-0.6588454444620488
