x,y,z,roll,pitch,yaw
-237.49946134925557,921.0842143424538,737.0250560808047,-89.90016204503854,45.78618838350094,-45.105289243483405
-245.01933923682515,927.0735421742704,734.289141069564,-89.90016204503854,45.78618838350094,-45.105289243483405
-248.7792781806099,930.0682060901787,732.9211835639437,-89.90016204503854,45.78618838350094,-45.105289243483405
