x,y,z,roll,pitch,yaw
339.95339290221244,-496.74972507416123,340.9135877200333,-49.09951299282926,11.561157829558315,28.084040117901225
332.81928471251473,-493.92470086442677,347.8894263303545,-49.09951299282926,11.561157829558315,28.084040117901225
332.0825803909886,-493.3405113299268,346.89080828226895,-49.09951299282926,11.561157829558315,28.084040117901225
331.1862434466826,-492.8758916431297,348.04513666947264,-49.09951299282926,11.561157829558315,28.084040117901225
330.431586268498,-492.40623053425213,349.18502749601294,-49.09951299282926,11.561157829558315,28.084040117901225
329.5218692533516,-491.85712184640977,350.34633016760466,-49.09951299282926,11.561157829558315,28.084040117901225
328.62362763954627,-491.32824039783713,350.4219838303355,-49.09951299282926,11.561157829558315,28.084040117901225
327.70318281738736,-490.8491437075012,351.58896388378736,-49.09951299282926,11.561157829558315,28.084040117901225
326.65321102984154,-490.62556813220624,351.6979841865388,-49.09951299282926,11.561157829558315,28.084040117901225
325.57243474111954,-490.60530741758885,352.9088052997172,-49.09951299282926,11.561157829558315,28.084040117901225
324.63423524437235,-490.66144189674753,354.1107953709409,-49.09951299282926,11.561157829558315,28.084040117901225
