x,y,z,roll,pitch,yaw
-270.2866558847194,925.1106677013287,900.0969412608363,-89.55525290971697,57.59002410985216,57.50153145690367
-273.62654925741816,922.3555037413544,891.0386356934416,-89.55525290971697,57.59002410985216,57.50153145690367
-274.0857206726927,921.261939026553,890.0890198163966,-89.55525290971697,57.59002410985216,57.50153145690367
-274.9746679902171,920.6826136073596,889.0418301778703,-89.55525290971697,57.59002410985216,57.50153145690367
-275.4200038430168,919.5849057368595,888.1578717445564,-89.55525290971697,57.59002410985216,57.50153145690367
-276.2972310802026,918.9937699943239,887.1705829383156,-89.55525290971697,57.59002410985216,57.50153145690367
-276.8255646758312,917.8271381117914,886.3527769397458,-89.55525290971697,57.59002410985216,57.50153145690367
-277.69085653238807,917.2241400333936,885.4254675624009,-89.55525290971697,57.59002410985216,57.50153145690367
-278.20447397060724,916.053941178051,884.7307780565857,-89.55525290971697,57.59002410985216,57.50153145690367
