x,y,z,roll,pitch,yaw
414.3793031940536,-479.9657257398268,364.7610334533721,-89.4620256904843,1.0877420592090217,16.319004472279918
414.3793031940536,-479.9657257398268,364.7610334533721,-89.4620256904843,1.0877420592090217,16.319004472279918
412.42898503455706,-477.6616773884417,368.7469612338539,-89.4620256904843,1.0877420592090217,16.319004472279918
