x,y,z,roll,pitch,yaw
453.21939122428796,-493.96012430227904,363.1439319776463,0.02066520295651213,-0.005526850607842395,14.939318058306746
451.92529599877537,-489.1304951708338,363.1439319776465,0.02066520295651213,-0.005526850607842395,14.939318058306746
448.77728819653777,-485.4461214224151,361.912901125468,0.02066520295651213,-0.005526850607842395,14.939318058306746
