x,y,z,roll,pitch,yaw
-448.525047925037,732.6154855390224,906.0716046322303,-90.27536139110887,45.42998638107152,-4.545478836877673
-458.0944164880483,733.7375675135082,898.9464520087981,-92.89615869140096,45.92757782143917,-9.413457825875227
-465.57116358940345,735.1392456100809,891.7148445919618,-94.05828469041475,46.02927536390007,-9.365692701336313
