x,y,z,roll,pitch,yaw
44.34323578655233,918.0032358187156,736.7253493884192,-90.06901746942987,45.95286101531392,-45.262379859521126
37.21999737701799,924.210966269078,733.6389727434647,-90.06901746942987,45.95286101531392,-45.262379859521126
33.65837817225073,927.3148314942592,732.0957844209875,-90.06901746942987,45.95286101531392,-45.262379859521126
