x,y,z,roll,pitch,yaw
387.4361360381514,-502.3237435376054,343.7654313594762,35.21137067476738,30.0653250421352,54.79168859214349
380.1229662602475,-497.2055896201846,348.2734296155918,35.21137067476738,30.0653250421352,54.79168859214349
376.46638137129554,-494.6465126614743,350.5274287436498,35.21137067476738,30.0653250421352,54.79168859214349
