x,y,z,roll,pitch,yaw
-323.0692930280848,893.6301539609509,883.4049369233444,-89.60981434698485,60.01192993945558,40.58628797190467
-323.0692930280848,893.6301539609509,883.4049369233444,-89.60981434698485,60.01192993945558,40.58628797190467
-323.0692930280848,893.6301539609509,883.4049369233444,-89.60981434698485,60.01192993945558,40.58628797190467
-323.0692930280848,893.6301539609509,883.4049369233444,-89.60981434698485,60.01192993945558,40.58628797190467
-323.0692930280848,893.6301539609509,883.4049369233444,-89.60981434698485,60.01192993945558,40.58628797190467
-323.0692930280848,893.6301539609509,883.4049369233444,-89.60981434698485,60.01192993945558,40.58628797190467
-323.0692930280848,893.6301539609509,883.4049369233444,-89.60981434698485,60.01192993945558,40.58628797190467
-323.0692930280848,893.6301539609509,883.4049369233444,-89.60981434698485,60.01192993945558,40.58628797190467
-323.0692930280848,893.6301539609509,883.4049369233444,-89.60981434698485,60.01192993945558,40.58628797190467
