x,y,z,roll,pitch,yaw
766.6137646584134,-487.47013558622245,368.8261157664872,0.047317294996722895,-0.012559837262461687,14.86207290143209
755.2330994610446,-483.28456177085866,366.46761249652616,-0.3089083173034469,-2.269935063691596,22.703382152180534
749.2202616371492,-473.74327751494013,367.16376165778604,-7.110429061523502,-2.2795510966919323,50.29360959484871
742.7738600425289,-469.3473912117398,366.08179110549906,-14.559811769125357,1.6966271924925684,83.07352381638817
