x,y,z,roll,pitch,yaw
759.2358603005671,-487.2057579783442,364.77397574431143,-0.00021939312962980853,5.142314231603133e-05,15.254268955992542
754.2453326842467,-488.4472076062384,362.9095004387674,0.2020285084102612,-0.7379959319014179,15.419480039290208
748.9099095919433,-478.39213831630843,364.51415106171396,-7.864283445473614,0.1230652115442006,57.042172138264185
743.7880953796025,-473.875252533654,362.3990317297644,-11.802871469287618,2.6749239058992353,81.34249031871067
