x,y,z,roll,pitch,yaw
634.888249700811,-501.5704732845192,360.6287365420188,-0.000651648377958086,0.00030520215707069155,25.202661412351556
633.9267330953198,-501.57641300045753,357.4914662474265,0.3585557675491413,-0.5677202925855684,25.47659268663558
629.8548216139643,-489.9086085255174,356.64447590614395,-0.3754203250651097,-0.43109591054571045,25.59242744768132
