x,y,z,roll,pitch,yaw
167.9090920677632,993.2597867866427,742.1078658792774,-89.32229086501606,25.64576392071867,0.4259994173743051
163.44149180884523,991.158750592091,733.4036814074892,-89.32229086501606,25.64576392071867,0.4259994173743051
161.2076916793862,990.1082324948151,729.0515891715951,-89.32229086501606,25.64576392071867,0.4259994173743051
