x,y,z,roll,pitch,yaw
-253.47535113675767,988.3889486368934,740.1464416549844,-88.67808799017918,45.52050478862693,0.9030588602915923
-258.53152744173104,983.769284668303,737.6784556550507,-88.64510564547841,44.91182277589163,1.4211696891562164
-268.42741035828215,982.9841337087701,731.0352061486493,-88.92717693842788,44.995570095877035,1.5710293726621145
