x,y,z,roll,pitch,yaw
-736.8471811350945,524.8739695414997,888.9241694709306,-89.68048189105858,42.64674005400387,45.0901081683433
-739.3697778857528,522.2750195639048,885.4339846385051,-89.68048189105858,42.64674005400387,45.0901081683433
-739.2103376514716,521.5050548102353,883.9122037552391,-89.68048189105858,42.64674005400387,45.0901081683433
-739.555429054046,520.3967133529675,882.5883237849437,-89.68048189105858,42.64674005400387,45.0901081683433
-740.4804714739694,519.7727386971452,881.3133793109573,-89.68048189105858,42.64674005400387,45.0901081683433
-741.401893839964,519.1432281360189,880.0369994343462,-89.68048189105858,42.64674005400387,45.0901081683433
-741.8214262534618,517.9523241330273,878.7897711269114,-89.68048189105858,42.64674005400387,45.0901081683433
-742.7265496852751,517.3048792980092,877.4554225924416,-89.68048189105858,42.64674005400387,45.0901081683433
-743.6241215567884,516.6478875752443,876.1817336683557,-89.68048189105858,42.64674005400387,45.0901081683433
