x,y,z,roll,pitch,yaw
8.879249280460215,983.8348387773794,726.557740061838,-89.77817493178226,48.284135511365065,-24.575043070048004
2.186124193341527,987.5540443801527,719.8873161107011,-89.44037355979354,37.150198147393084,52.19827263939568
1.3221717145825664,986.4920736355325,718.0868187383448,-90.31517964026894,39.16012671275657,-54.804784500575536
0.5075305568917656,987.6427679310655,716.3515250945875,-90.30201783700193,37.518053828644966,-54.290710226737836
-0.31363138276338987,988.7817173112228,714.5180063588957,-89.34169916136965,43.589693118799865,41.34702209598897
-1.497945232854704,987.7822591230547,712.8993511028076,-90.14961405283414,47.47972761950008,-43.31706643927518
-2.81927197012908,989.0289986771079,711.2255828253572,-89.40180716482301,48.494374998692905,-6.622474129145231
-4.317652700034898,989.221396252193,709.8768074249681,-90.14337954554138,65.0385809146727,-39.5522259831324
-5.981233155127427,990.5912722152017,708.8694692818556,-90.19080623387694,75.90964123055087,-37.81502196491782
-7.821602313927087,992.0097521194217,708.2844518974653,-88.22526855292868,81.03358070315703,-7.468263371222948
-9.827163449399166,992.3297605960687,707.9568807251798,180.0,0.0,0.0
