x,y,z,roll,pitch,yaw
8.879249280460215,983.8348387773794,726.557740061838,-89.40491077686839,15.67518827531166,0.07883013143414164
2.1454791800194357,986.9627036138136,719.8866828362461,-89.40491077686839,15.67518827531166,0.07883013143414164
-1.221405870200945,988.5266360320306,716.5511542234501,-89.40491077686839,15.67518827531166,0.07883013143414164
