x,y,z,roll,pitch,yaw
-361.17982559033715,912.7127749907563,745.6269988488589,-90.06901746942987,45.95286101531392,-45.262379859521126
-364.3542292851854,918.6160678803939,738.239448684061,-90.06901746942987,45.95286101531392,-45.262379859521126
-365.9414311326095,921.5677143252127,734.5456736016621,-90.06901746942987,45.95286101531392,-45.262379859521126
