x,y,z,roll,pitch,yaw
185.12163460284034,-502.2883430241342,336.8609466732124,35.242236305602226,30.027302346125296,54.82363097628492
178.15462283573186,-497.047441026427,341.759282440328,35.242236305602226,30.027302346125296,54.82363097628492
174.67111695217756,-494.4269900275734,344.2084503238856,35.242236305602226,30.027302346125296,54.82363097628492
