x,y,z,roll,pitch,yaw
541.2924834059595,-507.38500092299284,335.606983608905,-90.24671259407532,46.6979821812798,45.66435908805525
534.4913741358708,-501.84583318346193,340.43132460855173,-90.24671259407532,46.6979821812798,45.66435908805525
531.0908195008265,-499.0762493136965,342.84349510837507,-90.24671259407532,46.6979821812798,45.66435908805525
