x,y,z,roll,pitch,yaw
259.86444681194445,-479.1470246151406,357.91877599303797,-89.46202567711904,1.0877420595833625,16.319004662525757
260.34091470676697,-477.51446852574304,359.37806239658715,-86.0235948670245,4.817940241325702,25.850374821651418
252.46800168632979,-467.40160758083437,360.474449530995,-84.41279967939904,2.6934919699201227,51.379925561534044
249.4789664019982,-466.73003259824,360.50747814738645,-83.37365466953156,1.047269079874827,58.76931095693651
245.8883638728097,-466.6973969198493,360.5397613032914,-61.460601052042314,-22.157941878777493,83.04838572715924
