x,y,z,roll,pitch,yaw
204.62106328111577,-496.28109059352795,362.2946702652439,0.057781981682434765,-0.026714737385656957,24.819277692243805
202.5079719724123,-491.7495516583447,362.2946702652439,0.057781981682434765,-0.026714737385656957,24.819277692243805
199.1340567823774,-488.29130037438136,363.58199087310254,0.057781981682434765,-0.026714737385656957,24.819277692243805
