x,y,z,roll,pitch,yaw
204.62106328111577,-496.28109059352795,362.2946702652439,15.476020981485643,14.199414122245923,48.02679712402497
202.48537787145267,-491.7347600239372,362.4325284928266,15.476020981485643,14.199414122245923,48.02679712402497
201.55792729926324,-490.43012101986955,363.97449461415806,15.476020981485643,14.199414122245923,48.02679712402497
200.85883925487454,-489.30450198119644,362.5336946286043,15.476020981485643,14.199414122245923,48.02679712402497
199.5556000178711,-487.98373235399964,363.8527044392147,15.476020981485643,14.199414122245923,48.02679712402497
198.23747640052088,-486.64562334077146,365.18200939572864,15.476020981485643,14.199414122245923,48.02679712402497
197.3799718193028,-485.4251916139253,364.6614767025334,15.476020981485643,14.199414122245923,48.02679712402497
196.04755204994882,-484.1335799436676,365.9793033640053,15.476020981485643,14.199414122245923,48.02679712402497
194.88629201241372,-482.7994077053758,366.3298242503863,15.476020981485643,14.199414122245923,48.02679712402497
