x,y,z,roll,pitch,yaw
204.6210632808416,-496.2810905847679,362.2946709943295,0.057781883882161954,-0.02671466235170297,24.819277411840133
197.11279126517272,-488.89568074343293,363.23403740075776,-0.45419729578973284,-0.18106426797484604,24.698798589233103
191.59279556425992,-479.32272104732345,364.45102264683226,-1.073463212737743,-0.2306998658667528,24.7005510581713
