x,y,z,roll,pitch,yaw
379.6234705425257,988.5721577937281,747.9155577099039,-89.32229086501606,25.64576392071867,0.4259994173743051
373.395236034839,988.125816204006,740.1018608412978,-89.32229086501606,25.64576392071867,0.4259994173743051
370.28111878099566,987.902645409145,736.1950124069947,-89.32229086501606,25.64576392071867,0.4259994173743051
