x,y,z,roll,pitch,yaw
197.97469650536692,965.2521961570685,743.7666029824873,-89.76802864492885,45.97710869277021,-44.90087747352258
190.87330146737048,970.0681605693197,738.6839458902944,-89.76802864492885,45.97710869277021,-44.90087747352258
187.32260394837226,972.4761427754454,736.1426173441979,-89.76802864492885,45.97710869277021,-44.90087747352258
