x,y,z,roll,pitch,yaw
665.0691441542799,-510.39226812872033,336.55463490414854,35.194149689806736,30.086821278119288,54.814089850340046
660.06914415428,-503.3212003168549,341.55463490414866,35.194149689806736,30.086821278119288,54.814089850340046
656.7313364532458,-500.79576385492004,344.2898150495224,35.194149689806736,30.086821278119288,54.814089850340046
