x,y,z,roll,pitch,yaw
599.713548963532,-505.3003383724982,352.8535258824727,-1.4405656272239251,-1.7752329160168905,41.05937948969036
595.4249764568282,-496.2914626077433,352.4342666518579,-1.4405656272239251,-1.7752329160168905,41.05937948969036
594.3871573034794,-495.23522265306264,352.60578011956886,-1.4405656272239251,-1.7752329160168905,41.05937948969036
593.3226580089852,-494.2935997250352,352.03601778345194,-1.4405656272239251,-1.7752329160168905,41.05937948969036
592.2856006342568,-493.41366065750964,352.19394407540653,-1.4405656272239251,-1.7752329160168905,41.05937948969036
591.1313680960748,-492.47448931381626,352.3602625272713,-1.4405656272239251,-1.7752329160168905,41.05937948969036
590.0912898584191,-491.71009024861763,352.5036731984294,-1.4405656272239251,-1.7752329160168905,41.05937948969036
588.9241371809283,-490.95455262372894,351.9252282544992,-1.4405656272239251,-1.7752329160168905,41.05937948969036
587.7688948012399,-490.13364128773225,352.065599416018,-1.4405656272239251,-1.7752329160168905,41.05937948969036
