x,y,z,roll,pitch,yaw
597.6294822863669,-496.4811861246563,358.010622367707,1.879441147474139,2.8332947069747623,33.88310968975086
593.7691113259414,-490.70971797365956,358.3310639629028,0.49827976579650246,1.4518966553531927,19.270902530547747
593.2766185988897,-489.2839564185197,358.34426126032906,-50.66144982913623,-31.232135012578826,66.75524231506259
592.3840684203069,-487.9890863355036,356.9604950768087,61.929778944175524,39.22317596383907,71.56902656714959
591.8018373099343,-486.51647208000435,358.4477430724728,2.31808175157898,3.794861268029532,31.753510568560035
590.9823037583593,-485.173841552183,358.51146345749703,-50.963208781791245,-32.395187095926836,66.29826856382037
590.0983707708773,-483.8120083120006,357.1038743427804,1.8121293203406839,2.971437048705858,31.70259904517549
589.2814995778834,-482.47416435603367,357.1535493791231,60.44605652793136,39.7072553984711,70.29338113165124
588.6828004991113,-480.97300041846535,358.6132606826433,3.030524675967596,3.8747657874236756,38.37359712452465
587.6985764671058,-479.7118462882558,358.6979440257337,8.272224552363651,2.3225292380014495,74.66633195302644
586.2246668391876,-479.29301611757666,358.92058416852103,-90.658479015042,0.1322888197086393,-0.24372007297330572
