x,y,z,roll,pitch,yaw
704.625843927568,-484.97216347550443,359.1374646248345,-89.46202565806253,1.0877420578414383,16.319002574136235
703.1445672960974,-481.4998708424597,357.59082769704406,-87.52500189007006,1.2498737280847358,33.17804516051616
700.9242813569894,-477.2220696785281,357.18631505150046,-87.40033010176715,1.0787084188583937,33.29886558955089
697.4358925527594,-473.08287021383745,357.0653515869421,-86.89170925884127,0.2632746223638448,48.68775426639966
694.7378956168042,-471.3225536371599,355.59253166118924,-85.3692826829012,-0.8727575091826657,61.23754068182568
693.1911120265203,-471.6684950687357,355.49450128234434,-78.93099878368369,-5.864860584043955,71.08560073232047
691.8814365758705,-471.27978400189374,355.27041066263524,-73.00202015425319,-12.108678960209216,77.72368702740427
