x,y,z,roll,pitch,yaw
461.28689157809094,-502.1178027415598,355.341851711706,-5.665773663751821,-3.6744672991929264,57.339953418831165
457.7009943345328,-498.53877098564794,355.1511087718226,-5.665773663751821,-3.6744672991929264,57.339953418831165
457.08441644399653,-497.1511104293828,354.52264135562973,-5.665773663751821,-3.6744672991929264,57.339953418831165
455.6478719858949,-495.883180226254,354.03898836283724,-5.665773663751821,-3.6744672991929264,57.339953418831165
454.2179166989619,-494.978406478211,353.5538418733688,-5.665773663751821,-3.6744672991929264,57.339953418831165
452.7942640919203,-494.13817122842806,353.06166018325973,-5.665773663751821,-3.6744672991929264,57.339953418831165
451.38243572088754,-493.11823572245055,353.23766753626626,-5.665773663751821,-3.6744672991929264,57.339953418831165
449.96701802564394,-492.2266425105888,352.71792730015636,-5.665773663751821,-3.6744672991929264,57.339953418831165
448.3281645752447,-491.7622689353375,351.55238875353837,-5.665773663751821,-3.6744672991929264,57.339953418831165
