x,y,z,roll,pitch,yaw
-549.12305711508,694.2269831125525,886.4921174131206,-89.65048494206057,44.83782486951256,56.61252015563105
-549.41858649917,688.0391305825644,883.2950364127546,-89.99395682541903,44.4462453375408,56.28460623920986
-555.3416068042949,682.3270319193095,873.3712953715578,-90.73140986057179,44.7384900687537,56.21855842987825
