x,y,z,roll,pitch,yaw
460.95979915141385,-501.9781053185707,362.6126514196336,-0.00021858603469911904,0.00018860931041756653,45.09410465824103
452.41469845755296,-497.00835863697495,361.10173380025594,-0.00021858603469911904,0.00018860931041756653,45.09410465824103
448.1421481106225,-494.52348529617694,360.34627499056705,-0.00021858603469911904,0.00018860931041756653,45.09410465824103
