x,y,z,roll,pitch,yaw
-668.3703974392376,572.0520164161971,884.659608234312,-89.63663809831887,15.215926371916803,40.910394164503856
-678.0138963431592,571.9435709444707,878.3862189068487,-88.29170747154294,22.97656575142449,41.08410076498509
-684.7675223833204,568.7909232577675,867.9154475002096,-88.43961615175441,34.293000370658746,40.245070430347276
-689.2795855846801,564.931978913954,862.8645021144422,-161.56041128427574,88.77363529322335,-25.945295249366833
