x,y,z,roll,pitch,yaw
-192.8863685761271,980.8558182771469,725.5489147553894,-89.40491077686839,15.67518827531166,0.07883013143414164
-199.82665142804012,985.7121044591961,720.2905931488635,-89.40491077686839,15.67518827531166,0.07883013143414164
-203.29679285399666,988.1402475502207,717.6614323456007,-89.40491077686839,15.67518827531166,0.07883013143414164
