x,y,z,roll,pitch,yaw
270.9716664202608,-485.8187801240059,353.70744899559645,-0.00021895261766035061,5.0535703948809376e-05,15.254268809983705
264.0420003569328,-480.4583838166385,358.52884709974876,-0.00021895261766035061,5.0535703948809376e-05,15.254268809983705
260.57716732526876,-477.7781856629549,360.93954615182486,-0.00021895261766035061,5.0535703948809376e-05,15.254268809983705
