x,y,z,roll,pitch,yaw
84.79644839789705,915.7036903307127,743.13336776712,-90.06901746942987,45.95286101531392,-45.262379859521126
77.96783452138448,920.9256745301025,738.1188904507587,-90.06901746942987,45.95286101531392,-45.262379859521126
74.55352758312819,923.5366666297973,735.6116517925781,-90.06901746942987,45.95286101531392,-45.262379859521126
