x,y,z,roll,pitch,yaw
356.70716919889026,963.8218856451219,744.1207505319464,-89.91443518092045,45.81140935520082,-45.182745652509695
348.8147364013337,971.3053189146,740.0398057809024,-90.33939768122818,44.80749672861389,-44.44039966731426
342.91753907571996,976.442086511962,732.0935303982229,-91.73891009354615,44.63385035867998,-44.4621768614483
