x,y,z,roll,pitch,yaw
183.7441078563557,-501.69313899702854,336.7618189201055,-60.89289601428182,13.834842948198684,24.797455450193425
177.14017238509297,-496.5158853234233,342.86030051263936,-56.84151141257066,47.08649247569403,25.808227641860057
176.70081584279615,-495.76935358062633,343.9421937514525,-59.88641172377451,34.72284760684291,24.824987159123133
175.96453015746886,-494.8692802397883,345.06049652218996,-56.37273705425075,33.25091456588518,26.301687787602074
175.22305104717117,-494.11232375559325,346.1910704947743,-121.2920920995843,-21.736593676153117,25.084817361089584
174.3463385619408,-493.3070860132235,345.1781986844648,-59.55310512198886,28.57012012375778,25.107738141614448
173.45077381563982,-492.39352636058635,346.3129641549089,-76.00401062929467,-18.72282456692956,20.115842184842506
172.71235758761907,-491.6452002669695,346.36064316223104,-68.79046362447642,-23.955897408512943,22.650052223843364
171.82731221729637,-491.04835990118636,346.4319484604246,-45.76099674682932,-35.74511972162186,22.685733073072747
170.6492115121912,-490.98145777665104,346.5577930454013,-36.32299697181827,39.55534273739327,34.32459506938663
169.71009780612656,-490.70897153437,348.81570222157154,180.00253275997252,-1.6264641057383158,-0.6588454444620488
