x,y,z,roll,pitch,yaw
698.3787431037935,-503.42423972813447,345.4959146293886,35.24223647591621,30.02730236867052,54.823631199202985
691.0674610729584,-500.26291084733793,346.157572044454,34.88605506274956,29.89434971370542,55.041987649283094
684.2620533046752,-494.3257901071811,349.44331758642875,33.855844338268426,29.848343141606374,55.04568608373048
