x,y,z,roll,pitch,yaw
235.4160607577178,970.820565481844,739.9637274186035,-89.91443513462288,45.81140924184189,-45.18274552254724
227.96696389498823,975.775106870846,735.5280568766761,-89.91443513462288,45.81140924184189,-45.18274552254724
224.24241546362342,978.252377565347,733.3102216057125,-89.91443513462288,45.81140924184189,-45.18274552254724
