x,y,z,roll,pitch,yaw
207.09755735886245,921.9775451533105,739.8631193512554,-90.14614277185945,45.878464345584646,-45.25878656639379
201.04402023040325,928.3406312830482,735.1488552099734,-90.14614277185945,45.878464345584646,-45.25878656639379
198.01725166617356,931.522174347917,732.7917231393324,-90.14614277185945,45.878464345584646,-45.25878656639379
