x,y,z,roll,pitch,yaw
-760.4403767069495,490.88392288679205,898.5035044119692,-90.27513288107295,45.43001668505552,-4.54543836781821
-769.4829717796026,491.97931887971623,890.9453015146609,-87.41688146585464,53.380344590457156,48.0753836233461
-775.2916477072462,487.0831112251918,887.1699993596828,-87.87371826145655,53.20965688285908,48.19830205789165
