x,y,z,roll,pitch,yaw
-215.60127608500352,960.5736376953021,885.9062579518613,-89.63663814892294,15.2159280830932,40.91039369410749
-223.7936259226899,958.1687187682398,880.7255404510493,-89.63663814892294,15.2159280830932,40.91039369410749
-227.88980084153312,956.9662593047086,878.1351817006432,-89.63663814892294,15.2159280830932,40.91039369410749
