x,y,z,roll,pitch,yaw
-213.83616719865748,954.0797440716323,889.4083650288442,-89.70200000499803,15.362221175882118,40.59476028459748
-218.76868947961515,952.6939305906375,880.6616465764872,-89.76001965465008,15.227515787689962,40.60238343139677
-222.99509923951533,950.7463119937452,873.1663207758194,-95.26377688224217,40.25198914813957,39.408594489361455
-225.06234581836043,949.7851077824905,870.8605740355107,-96.5423947964884,60.4685347092983,38.075251862062615
-229.83055964634923,946.3399793649382,867.4743908860156,-149.26659948212867,84.03017361210439,-11.803474624643755
