x,y,z,roll,pitch,yaw
859.1952318963372,-493.8246870906359,352.8655356840809,0.06525077992430522,-0.0172469567160385,14.813116716082943
856.6070414453119,-484.1654288277452,352.865535684081,0.06525077992430522,-0.0172469567160385,14.813116716082943
852.4973935124278,-481.46183011959175,353.7607160530639,0.06525077992430522,-0.0172469567160385,14.813116716082943
