x,y,z,roll,pitch,yaw
862.4796398568077,-489.60805791233497,346.04095944411745,41.1452823756386,15.645694020739153,73.11144051642137
855.801593793295,-485.7352072902461,352.84977680747727,41.1452823756386,15.645694020739153,73.11144051642137
854.8427250215349,-484.0264313716167,354.2885862890263,41.1452823756386,15.645694020739153,73.11144051642137
853.5507038681837,-482.3853325700492,355.7805153709372,41.1452823756386,15.645694020739153,73.11144051642137
852.0831717429528,-480.64441486079477,357.30322057637795,41.1452823756386,15.645694020739153,73.11144051642137
850.448406582497,-479.31009062104977,357.41403825240184,41.1452823756386,15.645694020739153,73.11144051642137
848.7961733611792,-478.0488069643595,359.00211352244685,41.1452823756386,15.645694020739153,73.11144051642137
846.9634321113576,-477.1979282898898,360.6463668875417,41.1452823756386,15.645694020739153,73.11144051642137
844.9108042205223,-476.8339537822807,363.85768209602634,41.1452823756386,15.645694020739153,73.11144051642137
842.6976846877685,-476.73661065295096,365.6204530012707,41.1452823756386,15.645694020739153,73.11144051642137
840.4623745995434,-476.72316962934804,367.4126152241271,41.1452823756386,15.645694020739153,73.11144051642137
