x,y,z,roll,pitch,yaw
870.9450545763056,-491.7109495870611,351.0931771817992,0.047316872791422875,-0.01255847724551184,14.862077774568284
863.1968218115871,-486.4626519542255,354.6174162458972,0.047316872791422875,-0.01255847724551184,14.862077774568284
859.3227054292279,-483.8385031378077,356.37953577794633,0.047316872791422875,-0.01255847724551184,14.862077774568284
