x,y,z,roll,pitch,yaw
635.318764728375,-502.5917464553264,358.2153698552301,0.054250036717785506,-0.05390124258536046,44.814471813844904
631.346391949424,-499.33170326535105,355.19594038221834,-0.4638027534236765,-0.6176318839496129,45.05690926678007
621.5645416459996,-492.7497068060561,354.6189201954348,-1.510008044271629,-1.4121270004160695,45.34828878349028
