x,y,z,roll,pitch,yaw
-474.2200963958378,723.9881340971082,897.9026536441568,-89.49885793841122,45.20251490347251,46.01877680504076
-478.60380899482084,716.3371790038658,893.1605071054946,-89.49885793841122,45.20251490347251,46.01877680504076
-480.79566529431236,712.5117014572446,890.7894338361635,-89.49885793841122,45.20251490347251,46.01877680504076
