x,y,z,roll,pitch,yaw
201.50336408018038,915.2345586142944,743.704160284177,-90.06901767204289,45.952861082779954,-45.262379983338704
197.44099019789073,921.7407176676704,738.2338463370033,-90.41532092107668,45.73594586682554,-45.18045183693952
193.94297637899498,924.755481849222,736.067389537554,-90.31871614419086,46.112724504796006,-47.110146677047474
191.3888267856777,926.5504981441777,732.7293581432695,-90.57525656203586,45.99494681736626,-47.13697834676826
190.21031241073,926.767820196493,731.1616830016125,-91.35106115593196,59.68872384503341,-47.93944069868187
188.8768378480573,927.30984920255,730.0279778019085,-97.86717756747097,82.8570167795025,-54.628185680313315
