x,y,z,roll,pitch,yaw
-191.8561766780523,934.3305412626132,739.9589930684917,-90.06901746942987,45.95286101531392,-45.262379859521126
-182.94041924319106,932.1875282225362,736.0378667571483,-90.06901746942987,45.95286101531392,-45.262379859521126
-178.4825405257604,931.1160217024977,734.0773036014766,-90.06901746942987,45.95286101531392,-45.262379859521126
