x,y,z,roll,pitch,yaw
536.795884503986,-503.4799168111648,353.9365771144363,0.029062575100637672,-0.028945280560379278,44.888596015259886
534.1902927585733,-501.2351889178293,355.28927936810646,-0.19121757499170308,0.05725009069906389,44.681949001701206
524.730947156269,-492.9242948646988,354.65126089874366,-0.9132782990097082,0.03938092057855253,44.5478095519771
