x,y,z,roll,pitch,yaw
40.88704332390156,962.9725276492131,743.868248175345,-89.9144353144344,45.81140932656145,-45.18274558242497
32.36305171130349,970.182702382186,738.7511255662514,-90.61368383481118,45.46092117601455,-44.34037297001315
26.537533793810464,974.4183797351977,733.1004760400579,-91.53985344108908,45.37076162177432,-44.138809032016674
