x,y,z,roll,pitch,yaw
378.9410448493725,-505.2322014420712,340.11427529672466,-90.29485577192696,46.518308778684684,45.689618162306495
374.46742332825283,-498.97021167626724,344.48113762911674,-90.25396049637942,46.01922687691267,45.26993572370633
371.8324396028146,-496.35016935301223,346.06749264177796,-90.805318394123,45.92734717799953,45.272322562805606
370.6597828847816,-494.9783683482341,347.4193109161856,-89.651242635973,45.389915629490595,44.797844699865855
367.44625816272764,-492.85482895254086,348.460190279041,-90.17281850401191,45.26925151598599,44.83266418389515
366.6619113768531,-493.3723162174665,348.77300577286934,-90.54019814972675,45.89192845458389,79.81413294130643
