x,y,z,roll,pitch,yaw
742.3435005454024,-507.34964986997596,350.2108088631717,-2.1366285506021505,-2.6134078748275456,40.52660393660564
738.0550446024895,-498.321125336374,349.70987032550954,-2.1366285506021505,-2.6134078748275456,40.52660393660564
737.0302685704239,-497.279983731114,349.8802937296407,-2.1366285506021505,-2.6134078748275456,40.52660393660564
736.0037810346032,-496.23803492907103,350.04168247725124,-2.1366285506021505,-2.6134078748275456,40.52660393660564
734.97565798384,-495.25323395562515,350.19474097897717,-2.1366285506021505,-2.6134078748275456,40.52660393660564
733.8172018976843,-494.3229583976336,349.6428287139355,-2.1366285506021505,-2.6134078748275456,40.52660393660564
732.7896407894109,-493.39743109589875,349.77940320107575,-2.1366285506021505,-2.6134078748275456,40.52660393660564
731.6465096498821,-492.47076761842726,349.9238714952354,-2.1366285506021505,-2.6134078748275456,40.52660393660564
730.4987722833603,-491.7231662740649,349.35159154510256,-2.1366285506021505,-2.6134078748275456,40.52660393660564
