x,y,z,roll,pitch,yaw
-322.1362910957172,874.9698408349574,900.9457484394118,-89.6583753129571,40.897584782973546,45.12647551098871
-325.08111557834116,871.7221242318927,891.9477259109722,-89.6583753129571,40.897584782973546,45.12647551098871
-325.96722011000145,871.1660861470356,890.9149858944345,-89.6583753129571,40.897584782973546,45.12647551098871
-326.84864101081723,870.6021245855057,889.8814156444375,-89.6583753129571,40.897584782973546,45.12647551098871
-327.72530722160985,870.030934238275,888.9049703293164,-89.6583753129571,40.897584782973546,45.12647551098871
-328.23313929993185,868.8438511079052,887.9812245410059,-89.6583753129571,40.897584782973546,45.12647551098871
-329.0980070491977,868.2607768198319,887.063981041139,-89.6583753129571,40.897584782973546,45.12647551098871
-330.05436244586895,867.6067229710779,886.1464996672313,-89.6583753129571,40.897584782973546,45.12647551098871
-330.53922821096836,866.4118442089183,885.4052601739818,-89.6583753129571,40.897584782973546,45.12647551098871
