x,y,z,roll,pitch,yaw
742.3435005454024,-507.34964986997596,350.2108088631717,-5.582758992881841,-3.7842811508142575,56.32134942315965
738.0550446024895,-498.321125336374,349.70987032550954,-5.582758992881841,-3.7842811508142575,56.32134942315965
737.0302685704239,-497.279983731114,349.8802937296407,-5.582758992881841,-3.7842811508142575,56.32134942315965
736.0037810346032,-496.23803492907103,350.04168247725124,-5.582758992881841,-3.7842811508142575,56.32134942315965
734.97565798384,-495.25323395562515,350.19474097897717,-5.582758992881841,-3.7842811508142575,56.32134942315965
733.8172018976843,-494.3229583976336,349.6428287139355,-5.582758992881841,-3.7842811508142575,56.32134942315965
732.7896407894109,-493.39743109589875,349.77940320107575,-5.582758992881841,-3.7842811508142575,56.32134942315965
731.6465096498821,-492.47076761842726,349.9238714952354,-5.582758992881841,-3.7842811508142575,56.32134942315965
730.4987722833603,-491.7231662740649,349.35159154510256,-5.582758992881841,-3.7842811508142575,56.32134942315965
