x,y,z,roll,pitch,yaw
920.6388668834225,-500.0925845448481,353.0126269792139,4.018201612230907,2.8110030064630522,52.41148889511134
916.6555797276635,-490.34554018314867,353.4585000417036,3.98511375918281,2.8386032623192743,52.471583354133855
906.3154039820496,-490.5498576453986,354.40005325540506,1.6471861908822012,1.1761898729240177,63.027733206526804
