x,y,z,roll,pitch,yaw
620.9282250221489,-500.4585074834604,336.0801672138624,-90.24671259407532,46.6979821812798,45.66435908805525
613.9284906439949,-497.3242688791744,342.51990952955225,-90.24671259407532,46.6979821812798,45.66435908805525
610.4286234549178,-495.7571495770313,345.73978068739706,-90.24671259407532,46.6979821812798,45.66435908805525
