x,y,z,roll,pitch,yaw
66.33942134641427,-502.3199877488586,359.7959996917843,0.05425018414924724,-0.053900978543496805,44.81449666192628
58.7335332485892,-495.836866564043,360.14184061816496,0.05425018414924724,-0.053900978543496805,44.81449666192628
54.93058919967683,-492.5953059716352,360.31476108135536,0.05425018414924724,-0.053900978543496805,44.81449666192628
