x,y,z,roll,pitch,yaw
745.4159507071596,-508.02627087074734,337.6181322197899,32.745351480549026,18.062884806442565,63.956454866244336
740.3940861945401,-500.93361560892936,342.8116765492566,32.74533233614275,18.062956751265492,63.956473923898095
734.1111864369594,-491.83903401421344,350.3490359034216,30.842679578036208,18.660847883373133,64.0711502797726
