x,y,z,roll,pitch,yaw
-297.7231148658784,867.3412104354699,902.6809590729782,-89.68073000064838,59.08217492768957,4.0175998841815765
-304.95706646848225,868.0093964335837,895.6500457922612,-89.68087278871361,59.082151721520965,4.017462685844258
-314.68448634245465,869.6360541194825,886.6385383868645,-92.55683178873606,58.85095278200714,2.925193875365934
