x,y,z,roll,pitch,yaw
6.606590891351321,920.0195590642945,746.6985747790517,-90.06901785291485,45.952861162530894,-45.2623800992199
-0.21080214597968272,924.1583468654808,740.0848604273344,-85.24477456657044,42.074009029437114,-25.32499925769157
-1.7398411895517412,925.6388675212709,738.0330130376277,-85.37902410945807,41.94338646524699,-25.286887218053334
-3.250794543877167,926.4689330836817,735.6759592823873,-85.61305757556698,41.9239508622341,-25.343815205902374
-5.595923123220686,928.0719771768057,733.16110218729,-85.92612387618415,41.87114954265333,-25.21310022343344
-6.636080843163472,928.5767266611668,733.0620123844263,-83.18510758720036,64.03982603177597,-21.835075806837
-7.077300651525717,928.2063570582211,732.4266296934336,-78.94888986901378,81.00261822253827,-17.882242188864698
