x,y,z,roll,pitch,yaw
582.860261354766,-509.1920964587092,340.1487081787678,-90.24671259407532,46.6979821812798,45.66435908805525
575.5363318978386,-503.1034308471246,343.2202747418298,-90.24671259407532,46.6979821812798,45.66435908805525
571.8743671693749,-500.05909804133245,344.7560580233607,-90.24671259407532,46.6979821812798,45.66435908805525
