x,y,z,roll,pitch,yaw
322.6689897041301,918.1464707029281,746.4334646187049,-90.06901746942987,45.95286101531392,-45.262379859521126
316.8659068762332,923.2604740927115,740.1580653606816,-90.06901746942987,45.95286101531392,-45.262379859521126
313.9643654622849,925.8174757876033,737.0203657316699,-90.06901746942987,45.95286101531392,-45.262379859521126
