x,y,z,roll,pitch,yaw
504.8064918630742,-505.01586545842866,341.23521258526375,32.41034563312206,23.271269499329268,58.344640558048354
497.7289561360753,-499.7165469707168,345.9126030792421,32.41034563312206,23.271269499329268,58.344640558048354
497.25515677165663,-498.7573496833841,345.9028781799112,32.41034563312206,23.271269499329268,58.344640558048354
496.46874084594475,-497.9603599312498,345.9315596730189,32.41034563312206,23.271269499329268,58.344640558048354
495.653637734048,-497.0802413638773,347.1813335660348,32.41034563312206,23.271269499329268,58.344640558048354
494.8635853695719,-496.19853801814253,347.2065621958624,32.41034563312206,23.271269499329268,58.344640558048354
494.03866535477573,-495.38756737154887,348.4724396247253,32.41034563312206,23.271269499329268,58.344640558048354
493.20705192257765,-494.48789009821434,349.74819385467333,32.41034563312206,23.271269499329268,58.344640558048354
492.2531314127524,-493.9236208125698,349.8115409938448,32.41034563312206,23.271269499329268,58.344640558048354
491.09390611785375,-493.83210618466245,351.1712353465973,32.41034563312206,23.271269499329268,58.344640558048354
489.9786354958539,-493.7554836044257,351.2842802526974,32.41034563312206,23.271269499329268,58.344640558048354
