x,y,z,roll,pitch,yaw
508.9337761545148,-508.08563824811256,340.09570823620004,35.2055860749739,30.072508653835104,54.803223031604496
503.9337761545148,-501.01457043624714,345.0957082361999,35.2055860749739,30.072508653835104,54.803223031604496
500.05614887485063,-498.23806318382935,346.59737869181777,35.2055860749739,30.072508653835104,54.803223031604496
