x,y,z,roll,pitch,yaw
-534.218977263439,694.5341102768461,898.0786054827188,-90.41145006196885,45.360763045405974,-1.7294021620331042
-542.5738190429629,692.6095464842072,892.9729391199369,-90.41145006196885,45.360763045405974,-1.7294021620331042
-546.7512399327248,691.6472645878877,890.4201059385459,-90.41145006196885,45.360763045405974,-1.7294021620331042
