x,y,z,roll,pitch,yaw
504.54140559247514,-504.97021850237564,341.312540216844,35.2197226197728,30.05554271023592,54.913516814443106
497.66878765808707,-499.7767322083078,346.39140060488955,35.2197226197728,30.05554271023592,54.913516814443106
494.232478690893,-497.1799890612737,348.9308307989122,35.2197226197728,30.05554271023592,54.913516814443106
