x,y,z,roll,pitch,yaw
39.5130991026096,964.9956644564431,744.5920529462617,-89.40972154547312,59.642749766778664,-36.02384771149856
32.62276063557334,969.7274499031099,739.5468155434651,-91.98395253870356,79.2791981096502,-89.02252889310545
32.44281263134127,973.449069899824,738.8258331944827,-88.60331294439331,58.73012948378225,49.31049735640737
31.43946450186712,972.3535876107164,737.9260350944271,-90.15946474012644,60.777762460126,-60.40157895710303
30.680568074180087,973.6921659131365,737.0663803097539,-88.5973553366025,59.073487816289806,49.98074632224754
29.682327970444476,972.5764840975537,736.1716072405418,-90.13891065420036,60.34722099433692,-59.757566472076135
28.914572806234446,973.897055625332,735.3028802933113,-88.8150282707652,47.93373463926172,-4.6519872282244314
27.950882047852588,974.0008733519996,734.4213466603471,-88.29866735631296,64.07999813421017,-4.833827247840339
26.99112346593563,974.1117653207632,733.9474998589917,60.222892187542534,88.69514783638739,142.67303886476842
25.717593337202857,974.2753570029154,733.9690380360071,-89.86761653751608,82.14563512483649,-54.83399146513268
24.774778841017962,975.6256578827807,733.7447400777536,180.0,0.0,0.0
