x,y,z,roll,pitch,yaw
-490.4267317474192,699.9803405726298,905.2056827165043,-89.9397605008178,45.540151169023964,-3.161991920053417
-498.210720606887,700.4615920857533,899.3724300378923,-90.90100029034018,45.591886483809944,-2.7898276541132967
-507.49630090228794,700.0414005546015,893.2435814410245,-92.0101119057418,45.7541408844821,-2.3618060109972614
