x,y,z,roll,pitch,yaw
503.87589007208516,-505.9000288273211,337.242367464939,35.242236305602226,30.027302346125296,54.82363097628492
497.14423684162455,-500.93147542323425,342.71943984492134,35.242236305602226,30.027302346125296,54.82363097628492
493.7784102263942,-498.44719872119083,345.45797603491246,35.242236305602226,30.027302346125296,54.82363097628492
