x,y,z,roll,pitch,yaw
509.78216882624025,-502.4518097029787,339.5357881623428,26.976764884806606,15.18201633170687,62.37389312088179
502.43045273461655,-497.31284781942475,344.25999563778043,67.37704691041893,29.50857629587811,78.52024695587919
501.9919460189099,-496.5127840313289,345.49425363313287,4.228024348379055,4.140379325497222,44.67240277214515
501.2074720710659,-495.7158489006962,345.57551708057724,4.616366378112546,3.760455398285876,49.89875434398209
500.2658255930693,-494.9194411831485,345.67366833575056,4.082950728029617,3.591007706183981,47.655807558050896
499.48033365838523,-494.2017373555875,345.7483963432877,54.48183840559794,26.39624277143136,72.54620615304574
498.711836315533,-493.3052197848755,347.00942045416116,3.626175701889917,2.943360548598609,49.76384316345085
497.76477889483783,-492.50378345507784,347.08675210350793,4.936012764295503,2.378265149749638,63.193550879280934
496.81814181351035,-492.0249636021125,347.17751499130975,50.69277263695112,2.548173364587565,88.05463743744134
495.71982109838433,-491.92788552899344,348.521242987249,5.895902077217587,0.7150341555184,81.89975989029382
494.61090750835154,-491.7721212812104,348.63657443363763,-90.43628230316543,43.56016682622326,-0.49123148112424053
