x,y,z,roll,pitch,yaw
39.778099119041144,964.9183465802416,744.6344803639965,-89.32915826874472,58.571353090688305,-32.812198484789555
32.68713271648619,969.6640922097713,739.4659064949603,-88.95788508963523,26.914138246877563,1.5762859294485712
32.206350602948135,969.6692177362856,738.5101152236714,-88.7976954170354,45.302057265599366,-1.3051669882743102
31.414338905972897,969.7090920848894,737.719400910118,-90.05539207186091,60.40465985004844,-57.00207289467015
30.599494863195503,970.9711911593083,736.8663865534597,-88.83894659284061,42.53954099945701,-1.1151342429065099
29.803215170129818,971.0090355534962,735.9909408458336,-90.05646068126694,62.710917748894786,-57.02591358376622
28.97914035844849,972.2860375062444,735.2074051163127,-90.05581624600273,60.365567053465824,-57.016099453892075
28.14778222413088,973.574395754204,734.335392587994,-88.42000516222728,60.12984525836735,-2.4999608109725444
27.190139374348348,973.6445074410279,733.7791493237537,-87.29915750469395,87.95664417850168,-46.91877063572341
26.037474902830866,975.002171261136,733.718936030956,-77.98937129343344,86.71471671477434,6.133426092172673
24.92228058326475,975.1132558572891,733.6522564003997,180.0,0.0,0.0
