x,y,z,roll,pitch,yaw
507.8059771391097,-502.9754458641256,336.10596244004114,35.21108614458787,30.065355886292085,54.79165917052617
502.62030181087687,-496.58849652147546,341.3935172447268,34.0285016104089,29.918468542846,54.79963452094532
496.96164802238036,-490.110241296043,346.5303576975448,32.81456810255538,29.73152266272589,54.90093706849908
