x,y,z,roll,pitch,yaw
509.1440915387791,-502.7218582191862,332.9704056898021,35.19145219495305,30.090189092090156,54.81876395145676
502.6652356691192,-496.8838509021896,337.8634719254941,35.19145219495305,30.090189092090156,54.81876395145676
499.42580773428944,-493.9648472436912,340.3100050433401,35.19145219495305,30.090189092090156,54.81876395145676
