x,y,z,roll,pitch,yaw
39.778099119041144,964.9183465802416,744.6344803639965,-89.76802864492885,45.97710869277021,-44.90087747352258
32.70451724405177,969.6276347703339,739.4135177251342,-89.76802864492885,45.97710869277021,-44.90087747352258
29.167726306557114,971.98227886538,736.803036405703,-89.76802864492885,45.97710869277021,-44.90087747352258
