x,y,z,roll,pitch,yaw
509.78216882624025,-502.4518097029787,339.5357881623428,26.9767648848066,15.182016331706834,62.37389312088184
502.43045273461655,-497.31284781942475,344.25999563778043,26.9767648848066,15.182016331706834,62.37389312088184
501.9919460189099,-496.5127840313289,345.49425363313287,26.9767648848066,15.182016331706834,62.37389312088184
501.2074720710659,-495.7158489006962,345.57551708057724,26.9767648848066,15.182016331706834,62.37389312088184
500.2658255930693,-494.9194411831485,345.67366833575056,26.9767648848066,15.182016331706834,62.37389312088184
499.48033365838523,-494.2017373555875,345.7483963432877,26.9767648848066,15.182016331706834,62.37389312088184
498.711836315533,-493.3052197848755,347.00942045416116,26.9767648848066,15.182016331706834,62.37389312088184
497.76477889483783,-492.50378345507784,347.08675210350793,26.9767648848066,15.182016331706834,62.37389312088184
496.81814181351035,-492.0249636021125,347.17751499130975,26.9767648848066,15.182016331706834,62.37389312088184
495.71982109838433,-491.92788552899344,348.521242987249,26.9767648848066,15.182016331706834,62.37389312088184
494.61090750835154,-491.7721212812104,348.63657443363763,26.9767648848066,15.182016331706834,62.37389312088184
