x,y,z,roll,pitch,yaw
509.14403982301246,-502.72178771283313,332.97046839405107,35.19122401581895,30.09024428749625,54.818769764046664
502.9849951361635,-498.9901021276853,339.10416523059575,33.8410549033901,29.674606035582652,54.50200923972621
496.4522856029292,-492.93809723976653,344.64837854700704,32.51791825325719,29.395881341323644,54.36384947481862
