x,y,z,roll,pitch,yaw
-341.3396357716048,859.9968327613536,894.7766688002687,-89.7428452004137,15.374229168057955,40.585656502165605
-342.1958019548227,856.8610334491225,892.033327378691,-90.00099297725569,15.129595067026168,40.73965966493821
-348.5016944032837,852.981132188452,880.3462065537516,-90.73702079612433,15.271037655313368,40.99350955441114
