x,y,z,roll,pitch,yaw
504.1036255907277,-507.69021891993884,337.3275447065789,-60.73448832269046,10.103228327690871,24.113154684115823
497.1927250845309,-502.6166411317123,342.8110336666288,-42.475836613697474,62.3634232152353,32.365234023336576
496.9679064609567,-501.77687523990767,345.2187020845438,-55.66041745291843,37.195981648094914,25.925850341397645
496.22743625077425,-500.9136530342646,346.5231498958579,-75.46693626790766,-15.246961759690146,19.345309155387334
495.4434761402518,-500.11404295211014,346.6164664950617,-72.36108342336534,-18.25355944720079,20.694847436670734
494.50177082212485,-499.3146190442043,346.7259245473439,-75.7271855546798,-16.65339592140526,19.29868512992582
493.5589985842373,-498.3530927708109,346.8158196350426,-54.605522530606876,35.455322434803946,26.369291789595774
492.7984722164073,-497.5500435374247,348.09990656933803,-65.68572722495412,-24.067352950873435,22.503185594608272
491.69289862896454,-496.9078712370273,348.22129364992054,-45.90726558021828,-34.2606336857138,22.26818701855456
490.58647766404005,-496.83219704500925,348.35869039691386,-45.75482228529467,-35.552360517097796,22.00442179023366
489.32092507058735,-496.75685342036076,348.49486868478886,179.99248669182361,-1.5192048908233755,0.4681055756042892
