x,y,z,roll,pitch,yaw
-74.81448282731412,917.7237761776132,745.0978818786152,-89.90016234176757,45.786188944842024,-45.10528845419677
-80.18593014281761,921.0810342485306,739.056625829786,-88.79157657020212,44.82474126660004,-44.41496902002915
-84.71002725994359,923.9091627998496,734.7246605291623,-88.68401380803463,51.4201375824237,-43.921183974642524
-86.56579721684481,925.1572461202766,732.5152564414165,-88.46584376008477,53.513893790212755,-43.695919868962115
-88.42281460414131,925.192909890808,731.8270188498915,-81.53988625955022,83.76699252214677,-36.72984520965748
