x,y,z,roll,pitch,yaw
472.9318617042886,-520.3813793810825,339.40305667464645,10.874141190411594,14.709033479479464,37.40792479943719
467.8858364944686,-513.2996593716838,343.9365695014741,10.874141190411594,14.709033479479464,37.40792479943719
467.5249963810238,-511.8377635922012,342.77410558092777,10.874141190411594,14.709033479479464,37.40792479943719
467.0831070044707,-510.5295219732834,343.4663317248402,10.874141190411594,14.709033479479464,37.40792479943719
466.5122744212569,-509.241202270847,342.94833208212435,10.874141190411594,14.709033479479464,37.40792479943719
465.9492585946265,-507.88551558265806,343.03599964167677,10.874141190411594,14.709033479479464,37.40792479943719
465.49782557706294,-506.5294481632799,343.1000633993832,10.874141190411594,14.709033479479464,37.40792479943719
464.9340446969607,-505.1726002750769,343.1757533299383,10.874141190411594,14.709033479479464,37.40792479943719
464.2576608419003,-503.8148214924638,343.2618159199784,10.874141190411594,14.709033479479464,37.40792479943719
