x,y,z,roll,pitch,yaw
167.27132949280758,989.0311174424231,739.209053526353,-89.3222910006106,25.645765235473082,0.42599893268293737
166.3059397770895,985.8882449466331,739.1865044614478,-88.68612176083545,25.910706959537883,1.0608066403147
162.1423076260517,985.1506634913229,727.5415524571041,-89.48493550950987,26.03009198477801,0.9108533723824189
