x,y,z,roll,pitch,yaw
62.64128157352059,-502.2191310665698,357.1481149172338,-9.113025673135633,-6.821985989108673,53.55990629009668
58.45267325478454,-493.12991127859715,357.3913891204762,-9.113025673135633,-6.821985989108673,53.55990629009668
57.356244370842944,-492.168326455383,356.83740402943397,-9.113025673135633,-6.821985989108673,53.55990629009668
56.41482757112931,-491.20662023416054,356.99239361146124,-9.113025673135633,-6.821985989108673,53.55990629009668
55.35397033327064,-490.1239446557544,357.158119781899,-9.113025673135633,-6.821985989108673,53.55990629009668
54.26641565457152,-489.1733261607408,356.5826573318483,-9.113025673135633,-6.821985989108673,53.55990629009668
53.32355939065417,-488.2129582463853,356.7140093875588,-9.113025673135633,-6.821985989108673,53.55990629009668
52.24328758082771,-487.27067532724965,356.12595467197457,-9.113025673135633,-6.821985989108673,53.55990629009668
51.16864428857298,-486.33410929048165,355.53346853215635,-9.113025673135633,-6.821985989108673,53.55990629009668
