x,y,z,roll,pitch,yaw
70.49868201122337,-501.321920353275,353.3648205507644,7.887553447961748,6.275710182006402,51.152644152134215
65.4645610570592,-494.2589152180042,358.5090700215454,7.887553447961748,6.275710182006402,51.152644152134215
65.33429616992083,-492.98005631208446,359.17167071054655,7.887553447961748,6.275710182006402,51.152644152134215
64.36226477801625,-492.0002784638291,359.2593097376425,7.887553447961748,6.275710182006402,51.152644152134215
63.28048675229252,-491.0297814179297,358.6654958324797,7.887553447961748,6.275710182006402,51.152644152134215
62.309703184064574,-490.2349841923567,358.7438284900783,7.887553447961748,6.275710182006402,51.152644152134215
61.337854515880565,-489.2577609761249,358.8077528390837,7.887553447961748,6.275710182006402,51.152644152134215
60.24415452495316,-488.401367648822,358.880719736369,7.887553447961748,6.275710182006402,51.152644152134215
59.17530905381528,-487.7472502169843,358.26966099716685,7.887553447961748,6.275710182006402,51.152644152134215
