x,y,z,roll,pitch,yaw
274.7724115902007,-494.5523911074025,362.1054510373227,0.02066520295651213,-0.005526850607842395,14.939318058306746
273.4783163646881,-489.72276197595716,362.1054510373227,0.02066520295651213,-0.005526850607842395,14.939318058306746
270.39429020518855,-485.82499517062536,361.5612115874702,0.02066520295651213,-0.005526850607842395,14.939318058306746
