x,y,z,roll,pitch,yaw
139.96303531087545,-504.5042809031769,362.4891868349784,0.05425018414924724,-0.053900978543496805,44.81449666192628
132.44684140359215,-498.0981307663369,360.91817774131215,0.05425018414924724,-0.053900978543496805,44.81449666192628
128.68874444995043,-494.895055697917,360.1326731944792,0.05425018414924724,-0.053900978543496805,44.81449666192628
