x,y,z,roll,pitch,yaw
386.0833016592037,-503.35173572157356,349.9791164289497,-89.67704669860127,46.36167777429705,45.05603533695124
395.02662503440547,-499.5097638549521,347.6864718462331,-89.67704669860127,46.36167777429705,45.05603533695124
399.49828672200624,-497.5887779216414,346.54014955487463,-89.67704669860127,46.36167777429705,45.05603533695124
