x,y,z,roll,pitch,yaw
-192.82057927374805,930.7180670950437,741.8975182740816,-89.9001621685643,45.78618895319121,-45.10528847862894
-186.230615184198,931.383030360918,735.9305348813299,100.46126994266184,59.95731859561034,-165.7421384570809
-182.14807472957523,931.3034186350416,733.2243990871615,100.24010517415802,60.07059350174435,-167.18527770321822
-178.0442170768627,930.3523803831316,731.9090026725934,100.07926476979985,60.224868764183135,-168.1413511271779
-175.7975867777857,929.9276423856877,730.7670243306573,-105.52783547180451,73.60096537930418,-13.019042572990614
