x,y,z,roll,pitch,yaw
-192.82057926952325,930.7180661597242,741.8975182572954,-89.90016204503854,45.78618838350094,-45.105289243483405
-183.9184105424373,928.445258732127,737.9551199670536,-89.90016204503854,45.78618838350094,-45.105289243483405
-179.4673261788943,927.3088550183282,735.9839208219328,-89.90016204503854,45.78618838350094,-45.105289243483405
