x,y,z,roll,pitch,yaw
-437.86717525161305,770.1665744696721,899.8316526075663,-89.49678306041703,50.5679230897895,51.46208613061654
-440.4979045777344,767.7023822786194,896.3474896723692,-89.49678306041703,50.5679230897895,51.46208613061654
-440.1372953215448,766.2354104387053,894.8776380964869,-89.49678306041703,50.5679230897895,51.46208613061654
-440.93854068734436,764.936390749583,893.5544483527508,-89.49678306041703,50.5679230897895,51.46208613061654
-442.06606380074095,764.2531643885272,892.2446129552741,-89.49678306041703,50.5679230897895,51.46208613061654
-442.7431332693334,763.002465072546,891.050195501663,-89.49678306041703,50.5679230897895,51.46208613061654
-443.50922152440046,761.684991925779,889.8619597825453,-89.49678306041703,50.5679230897895,51.46208613061654
-443.8206395513681,759.8249040167418,888.8619856786797,-89.49678306041703,50.5679230897895,51.46208613061654
-444.6670121323515,758.4556723393456,888.1599704752798,-89.49678306041703,50.5679230897895,51.46208613061654
