x,y,z,roll,pitch,yaw
824.1464340480002,-507.92165381283667,339.4683515756393,37.53760536711579,24.676981401416853,61.676503661075216
819.1985081271876,-500.85625268850265,344.74244270913505,37.53760536711579,24.676981401416853,61.676503661075216
818.9358813306758,-499.58336116863836,346.70933726001215,37.53760536711579,24.676981401416853,61.676503661075216
817.9042742850405,-498.6619925080902,346.80378552325897,37.53760536711579,24.676981401416853,61.676503661075216
816.9692839074362,-497.9197907953924,347.54539659928207,37.53760536711579,24.676981401416853,61.676503661075216
815.9123500171108,-497.1145767286042,348.2945896879288,37.53760536711579,24.676981401416853,61.676503661075216
814.8475175503311,-496.304799930425,349.037797799647,37.53760536711579,24.676981401416853,61.676503661075216
813.8641802761076,-495.489407843918,350.44772110960605,37.53760536711579,24.676981401416853,61.676503661075216
812.7815303201239,-494.72533747871944,351.1896111581011,37.53760536711579,24.676981401416853,61.676503661075216
