x,y,z,roll,pitch,yaw
824.1464340480002,-507.92165381283667,339.4683515756393,35.2055860749739,30.072508653835104,54.803223031604496
819.1464340480002,-500.85058600097113,344.4683515756393,35.2055860749739,30.072508653835104,54.803223031604496
815.9307602814059,-498.443531279206,347.44585552916556,35.2055860749739,30.072508653835104,54.803223031604496
