x,y,z,roll,pitch,yaw
-250.35003032410384,918.1828592720285,903.3749557392109,-90.45080790117115,45.42247354725151,-3.962538698086766
-258.15243670938867,917.1531680139416,897.2263232458391,-90.45080790117115,45.42247354725151,-3.962538698086766
-262.053639902031,916.6383223848981,894.1520069991533,-90.45080790117115,45.42247354725151,-3.962538698086766
