x,y,z,roll,pitch,yaw
-35.21618270637805,917.3883388400554,744.1816619468732,-90.06901746942987,45.95286101531392,-45.262379859521126
-41.877985563263906,922.5121543792714,738.8474803660076,-90.06901746942987,45.95286101531392,-45.262379859521126
-45.208886991706756,925.0740621488793,736.1803895755748,-90.06901746942987,45.95286101531392,-45.262379859521126
