x,y,z,roll,pitch,yaw
-681.4051111298922,556.7076208891758,898.5383839373571,-89.94643978832087,59.61982306145913,16.57568636768826
-688.5357064977802,557.1380906271365,891.5484839276177,-89.94643978832087,59.61982306145913,16.57568636768826
-689.3156119180026,557.3731832781098,890.4084239084148,-89.94643978832087,59.61982306145913,16.57568636768826
-690.1285018104363,556.6436485438201,889.637155438078,-89.94643978832087,59.61982306145913,16.57568636768826
-690.511677634734,555.3505237502287,889.3562587535619,-89.94643978832087,59.61982306145913,16.57568636768826
-691.8449832121112,555.1200916123049,888.9986533697493,-89.94643978832087,59.61982306145913,16.57568636768826
-692.7376236510017,554.3065242420896,888.7114100225604,-89.94643978832087,59.61982306145913,16.57568636768826
-694.157338256066,553.9768924652022,888.535006666643,-89.94643978832087,59.61982306145913,16.57568636768826
-695.1356328212205,553.0769593438937,888.4904801580599,-89.94643978832087,59.61982306145913,16.57568636768826
