x,y,z,roll,pitch,yaw
-366.37687103212585,830.4922512165169,902.9963598254463,-89.49885793841122,45.20251490347251,46.01877680504076
-371.6720235592885,824.3570355574481,897.1334829478781,-89.49885793841122,45.20251490347251,46.01877680504076
-374.31959982286986,821.2894277279136,894.2020445090939,-89.49885793841122,45.20251490347251,46.01877680504076
