x,y,z,roll,pitch,yaw
-731.070470985848,501.4383565115248,903.5236083062459,-89.79723459073018,57.9048462928574,12.367111306235566
-742.650678489259,505.6649963289812,893.5929501255112,-92.94386336797805,62.483577559550326,24.930497583886837
-752.4926375682878,500.7971764580055,886.8259701225527,-93.71051579637044,62.32817307996129,25.126588133505003
