x,y,z,roll,pitch,yaw
504.8071941103596,-504.3172233817387,338.23778145161566,35.21308007541614,30.063971636070367,54.94063193795647
497.99237982689823,-499.34160771162317,343.60448947285465,35.21308007541614,30.063971636070367,54.94063193795647
494.5849726851676,-496.8537998765654,346.28784348347415,35.21308007541614,30.063971636070367,54.94063193795647
