x,y,z,roll,pitch,yaw
71.79585131012493,-505.55399804356216,340.69051929108707,35.1989753671801,30.08190290892322,54.994539958130055
69.92314394532673,-499.2678558849327,339.869057134841,34.96798641256435,30.542919467729266,55.0560962830473
64.24125616631056,-490.56280812604825,345.57484318715285,33.534802809420206,30.536479197158517,54.588852079547074
