x,y,z,roll,pitch,yaw
-393.6179587564318,961.9195056463797,747.9003965661647,-89.76802864492885,45.97710869277021,-44.90087747352258
-398.81552485988504,967.7993557493724,741.7417850008255,-89.76802864492885,45.97710869277021,-44.90087747352258
-401.4143079116117,970.7392808008688,738.662479218156,-89.76802864492885,45.97710869277021,-44.90087747352258
