x,y,z,roll,pitch,yaw
71.40533059082304,-505.1936810684579,339.4977053236473,35.2197226197728,30.05554271023592,54.913516814443106
66.22258046171123,-498.8990196655198,345.2870350708247,35.2197226197728,30.05554271023592,54.913516814443106
63.631205397155384,-495.75168896405086,348.1816999444136,35.2197226197728,30.05554271023592,54.913516814443106
