x,y,z,roll,pitch,yaw
347.99096517080613,-509.6099598170665,346.65533577250085,5.102943100186748,4.510903705160544,47.89633909780359
342.99402429836647,-502.52397979968475,352.0796622407788,5.102943100186748,4.510903705160544,47.89633909780359
342.6200010068066,-501.5238381151546,350.1262299195205,5.102943100186748,4.510903705160544,47.89633909780359
341.65150230756,-500.4926979914868,350.8290597622157,5.102943100186748,4.510903705160544,47.89633909780359
340.79406347291416,-499.5723820202429,351.522914430618,5.102943100186748,4.510903705160544,47.89633909780359
339.8544170576794,-498.63528899529103,351.55735276439816,5.102943100186748,4.510903705160544,47.89633909780359
338.91440220970964,-497.6982586761003,351.5842348116438,5.102943100186748,4.510903705160544,47.89633909780359
337.92713917907236,-496.6493019522311,352.26369804568264,5.102943100186748,4.510903705160544,47.89633909780359
336.9836695100031,-495.70969228234844,352.2750823207107,5.102943100186748,4.510903705160544,47.89633909780359
