x,y,z,roll,pitch,yaw
566.2305786198634,-506.1338476871006,354.2980376841582,-2.653015975466308,-3.308237406056975,39.652852900927115
561.9701766536307,-497.0841039757608,354.3773765686717,-2.653015975466308,-3.308237406056975,39.652852900927115
560.8941165973926,-496.12348828783337,353.8761838930194,-2.653015975466308,-3.308237406056975,39.652852900927115
559.9924660650303,-495.0679568145403,354.72557755173716,-2.653015975466308,-3.308237406056975,39.652852900927115
558.9192872044271,-494.11206568502786,354.20759493046285,-2.653015975466308,-3.308237406056975,39.652852900927115
557.8711934128853,-493.04601236853404,354.37000385878434,-2.653015975466308,-3.308237406056975,39.652852900927115
556.93811158629,-492.09779721830665,354.50668964030183,-2.653015975466308,-3.308237406056975,39.652852900927115
555.7573490165463,-491.20969773181156,353.9878545843932,-2.653015975466308,-3.308237406056975,39.652852900927115
554.6985326760916,-490.4446238015185,353.4482682537064,-2.653015975466308,-3.308237406056975,39.652852900927115
