x,y,z,roll,pitch,yaw
566.2305786077113,-506.1338476762957,354.2980383275583,-2.6530160117994934,-3.3082374138527304,39.652852871421985
561.9701161980523,-497.08400404219555,354.37743857330656,-2.6532896801544954,-3.3081929480569903,39.652863817231534
553.1099930641685,-490.2340692774614,355.19908457353677,-3.29067819138125,-3.489764826286626,39.803100433855285
