x,y,z,roll,pitch,yaw
-186.94974897260022,974.563980919135,894.4882533042877,-89.60587489059388,45.30920372744346,40.779493240565834
-192.03381771560584,976.418619995218,891.8600046467637,-89.81386677463948,45.42558000211253,40.85722500540804
-200.1301875869074,969.1619747341329,886.268776285882,-90.16593637551836,45.48909361927402,41.291596503097345
