x,y,z,roll,pitch,yaw
110.3119948484898,-502.73389796220556,341.7902675049795,35.19897579102366,30.081902993492665,54.994540515874085
107.00835411400442,-497.5496888298619,343.19083437821564,34.64495522970764,30.178267091542594,54.87482790875147
101.37558574196134,-491.41982006538626,348.29944001183844,33.49207871137256,29.95543207148121,54.44083816756539
