x,y,z,roll,pitch,yaw
-356.36126348180596,969.0653237368134,744.9951713788196,-90.0624789442166,45.90323131194114,-44.75929064377037
-362.972119056736,973.8923631930688,739.3161234369854,-90.0624789442166,45.90323131194114,-44.75929064377037
-366.277546844201,976.3058829211965,736.4765994660684,-90.0624789442166,45.90323131194114,-44.75929064377037
