x,y,z,roll,pitch,yaw
-789.8784680479273,452.0919606881467,903.4886219580906,-90.46994766590153,45.39386022942498,-3.8033361504098777
-796.9718332051384,452.5046163342689,896.4751837046663,-90.46994766590153,45.39386022942498,-3.8033361504098777
-800.5708332883842,450.4756021848052,893.6671971001035,-90.46994766590153,45.39386022942498,-3.8033361504098777
