x,y,z,roll,pitch,yaw
111.82387429452052,-505.18043900939955,345.80615101681633,10.135849117235187,6.817265243319209,55.79865983314171
104.80707226882242,-495.5507213376297,355.83359079262766,9.640391992755704,6.838765751314707,55.55361028768152
95.51293044604961,-489.7576979284847,355.3410420725296,8.986565599199961,6.789707022850425,55.47012006101854
