x,y,z,roll,pitch,yaw
-467.3250584685812,920.2658798866044,744.9624807997325,-90.06901746942987,45.95286101531392,-45.262379859521126
-474.40443653505207,923.7244463905206,738.8572392583648,-90.06901746942987,45.95286101531392,-45.262379859521126
-477.9441255682875,925.4537296424787,735.804618487681,-90.06901746942987,45.95286101531392,-45.262379859521126
