x,y,z,roll,pitch,yaw
584.1956728144164,-510.07225002518703,334.4130756669829,35.2055860749739,30.072508653835104,54.803223031604496
579.1956728144164,-503.0011822133215,339.4130756669829,35.2055860749739,30.072508653835104,54.803223031604496
576.4688373122863,-500.1730803332414,342.5060043600196,35.2055860749739,30.072508653835104,54.803223031604496
