x,y,z,roll,pitch,yaw
713.3960138587415,-503.1509748898279,355.62778426277896,-6.678236796666966,-5.352655767276134,51.632143157919394
709.8563749147058,-499.6449013101935,355.5284115985045,-6.678236796666966,-5.352655767276134,51.632143157919394
709.182970330996,-498.17338645147504,353.53125330262014,-6.678236796666966,-5.352655767276134,51.632143157919394
707.8910839111865,-496.85407987285373,353.73570152028697,-6.678236796666966,-5.352655767276134,51.632143157919394
706.3439667496875,-495.8270168768082,353.28886911505515,-6.678236796666966,-5.352655767276134,51.632143157919394
704.8032010416642,-494.8645811264655,352.8298414551583,-6.678236796666966,-5.352655767276134,51.632143157919394
703.3939142655872,-493.7864222307036,353.0157662349178,-6.678236796666966,-5.352655767276134,51.632143157919394
701.8577511918991,-492.89870701597124,351.85935481469403,-6.678236796666966,-5.352655767276134,51.632143157919394
700.2182849133306,-492.29544379176843,352.06052469323504,-6.678236796666966,-5.352655767276134,51.632143157919394
