x,y,z,roll,pitch,yaw
-592.1532222154964,597.8502451233726,899.9053499291697,-89.49885801912492,45.20251425021848,46.018776648109316
-598.993263210262,593.5485576154373,894.6101838574518,-90.12640654116628,45.042303906202136,46.416698901867754
-604.5676672494236,585.8169122344126,888.0363004161713,-90.59621364543773,45.09154404573954,47.53615826722188
