x,y,z,roll,pitch,yaw
500.6790203805595,-506.9627278303825,361.38208866220685,0.05425018414924724,-0.053900978543496805,44.81449666192628
492.7975464052854,-500.99211363465065,359.887386650834,0.05425018414924724,-0.053900978543496805,44.81449666192628
488.85680941764844,-498.00680653678467,359.1400356451475,0.05425018414924724,-0.053900978543496805,44.81449666192628
