hook_num,trajectory_process,x_max_work,x_max_local,x_min_work,x_min_local,y_max_work,y_max_local,y_min_work,y_min_local,z_max_work,z_max_local,z_min_work,z_min_local,x_mean_work,x_mean_local,y_mean_work,y_mean_local,z_mean_work,z_mean_local,euclidean_max_work,roll_max,pitch_max,yaw_max
12,1,0.721522738775654,0.299737825022361,-6.59689317957433,-2.59987803925449,2.05984935927461,9.79856745009464,-2.68564701116327,-2.30861560367603,2.18895866307003,2.09941646246934,-7.7082332846328,-2.66381739412869,-3.61591989714629,-0.613752341878304,-0.381202798239422,7.09119004220479,-6.13530432969368,-0.390307543652501,10.3527213512168,269.750937283479,53.0355877423709,57.7802057434533
