hook_num,trajectory_process,x_max_work,x_max_local,x_min_work,x_min_local,y_max_work,y_max_local,y_min_work,y_min_local,z_max_work,z_max_local,z_min_work,z_min_local,x_mean_work,x_mean_local,y_mean_work,y_mean_local,z_mean_work,z_mean_local,euclidean_max_work,roll_max,pitch_max,yaw_max
15,1,0.46583434227621,0.399851304974817,-4.80588972765433,-1.24206779649864,3.57351002288067,8.3869668802855,-4.72230613194165,-2.49453203046654,2.498531087591,3.61193682556953,-7.00453307051998,-4.69646235261321,-2.02987516699116,-0.0761695191109559,1.58197862387931,4.46902025083565,-3.9842316689442,1.57940135613028,9.21574920958736,269.947561145242,48.5551686701803,77.8949322637577
