hook_num,trajectory_process,x_max_work,x_max_local,x_min_work,x_min_local,y_max_work,y_max_local,y_min_work,y_min_local,z_max_work,z_max_local,z_min_work,z_min_local,x_mean_work,x_mean_local,y_mean_work,y_mean_local,z_mean_work,z_mean_local,euclidean_max_work,roll_max,pitch_max,yaw_max
25,2,0.873471625719617,-0.962756478673851,-7.77071449348699,-4.62311983770171,0.978086629300947,8.3449026360687,-2.30695710558246,-4.02844768942703,4.05889475528693,1.01928501714284,-5.52306997634992,-2.28467082506282,-6.09741782401262,-3.52009752822718,-0.49846439050367,6.75242417725832,-4.56033658519104,-0.511317600798474,9.75930409011781,0.505984297310704,7.55867081634164,8.01338662046632
