x,y,z,roll,pitch,yaw
541.5611104606797,-507.911539264083,336.2833415092324,-90.24671259407532,46.6979821812798,45.66435908805525
534.5685633407264,-502.23922768659344,340.6567543382037,-90.24671259407532,46.6979821812798,45.66435908805525
531.0722897807497,-499.40307189784863,342.8434607526892,-90.24671259407532,46.6979821812798,45.66435908805525
