x,y,z,roll,pitch,yaw
-630.9243210114764,607.2657997710977,898.2323661325223,-89.53816663276075,50.46364880004646,44.68857780651038
-633.8624700787975,605.3399570336722,894.720784053539,-89.53816663276075,50.46364880004646,44.68857780651038
-634.1321919049064,604.2912645904705,893.2599436850977,-89.53816663276075,50.46364880004646,44.68857780651038
-635.1726659444455,603.6565828585179,892.0468666396694,-89.53816663276075,50.46364880004646,44.68857780651038
-635.8463937378178,602.3618201686068,890.8981068725147,-89.53816663276075,50.46364880004646,44.68857780651038
-636.6159352845654,601.0083288487915,889.9365579382804,-89.53816663276075,50.46364880004646,44.68857780651038
-637.3718762227718,599.648642696076,888.9206162876146,-89.53816663276075,50.46364880004646,44.68857780651038
-638.1155678196476,598.2861307405814,887.970695762994,-89.53816663276075,50.46364880004646,44.68857780651038
-638.954144156902,596.8668653098946,887.325229805971,-89.53816663276075,50.46364880004646,44.68857780651038
