hook_num,trajectory_process,x_max_work,x_max_local,x_min_work,x_min_local,y_max_work,y_max_local,y_min_work,y_min_local,z_max_work,z_max_local,z_min_work,z_min_local,x_mean_work,x_mean_local,y_mean_work,y_mean_local,z_mean_work,z_mean_local,euclidean_max_work,roll_max,pitch_max,yaw_max
11,1,1.20590492090452,1.49851593666408,-4.06675295535882,-3.00835626866236,3.65855801358578,4.60156367965475,-0.544777627337567,-0.490329418928968,1.76336610522901,1.76410894324418,-2.50000114126055,-2.50048438670899,-0.468314713095812,-0.273064541802072,0.718263589986851,0.826140841967491,-0.872112487814079,-0.859574417943445,5.83328377195399,35.2211587374616,40.7213684387691,46.2983562804851
