hook_num,trajectory_process,x_max_work,x_max_local,x_min_work,x_min_local,y_max_work,y_max_local,y_min_work,y_min_local,z_max_work,z_max_local,z_min_work,z_min_local,x_mean_work,x_mean_local,y_mean_work,y_mean_local,z_mean_work,z_mean_local,euclidean_max_work,roll_max,pitch_max,yaw_max
21,1,3.58254268977612,4.05652425600578,-0.892465372549623,0.45131100494521,5.22525142055349,5.2023860646855,1.29409522912408,0.59035314134574,5.65190609649221,5.59686659582612,-2.50000091774757,-2.50048462799348,2.58600456229829,3.18831837282655,2.49776573346351,1.71636044460608,3.4764454057386,3.45143140428462,6.94433311006901,35.2211300576069,41.8453224964693,53.445043849517
