x,y,z,roll,pitch,yaw
-723.0194989675584,533.2884369268726,893.1048647762472,-89.74284475545734,15.37423082404623,40.58565732013335
-724.0430544244475,532.4378426334465,888.2852352297461,-89.74284475545734,15.37423082404623,40.58565732013335
-726.9440620980668,530.9608333556456,884.4914696466252,-89.74284475545734,15.37423082404623,40.58565732013335
