x,y,z,roll,pitch,yaw
628.5305543984506,-495.3457076137744,333.48637806220336,35.19145219495305,30.090189092090156,54.81876395145676
621.985559114303,-491.8544360463892,340.19264823072865,35.19145219495305,30.090189092090156,54.81876395145676
618.7130614722292,-490.1088002626965,343.54578331499135,35.19145219495305,30.090189092090156,54.81876395145676
