x,y,z,roll,pitch,yaw
149.1840697558348,-505.18127424753766,338.1903343271048,-90.51442269734207,47.120256841654744,45.69018809399683
142.397354273848,-499.3542829386852,345.6592761927634,-90.07282295463293,47.54170711134671,45.940220990575625
140.99583785692596,-496.7891864662605,347.23270439527073,-90.09089054498152,47.39194464901549,45.78955746461237
139.89567248229554,-493.87841067055757,348.9810000760359,-90.1359755568789,47.44698646531852,45.698337190272596
137.46829959629764,-492.5528894216367,350.11486359499935,-90.63799721750571,47.64272418079149,45.8385366519504
135.49456813131883,-490.66312052531623,350.8941102630018,-90.7606788699712,47.89869287413819,49.39292982117803
135.4472471967615,-491.0759947924088,351.3781984999122,-92.24350587971706,49.79206588323638,79.27821519678386
