x,y,z,roll,pitch,yaw
-277.8873930013595,963.347896444475,742.7583574885352,-89.61928216519448,59.17847331946395,-35.028193830704545
-284.8815208427517,968.0699154178725,737.6122857393214,-90.70274422462232,60.54829540784271,-77.58904021430394
-285.1629166750648,969.2811786421813,736.9122445450597,-90.25859560721788,59.812906379794676,-59.56489864518978
-285.9152713115402,970.5522562579547,736.0533747603383,-88.65427164963829,59.45590763011523,50.379264582467066
-286.8852512680637,969.4468369484157,735.1866525141451,-90.24292749743599,59.46047839414695,-59.03531585760238
-287.6455252766363,970.7054514708605,734.3194098518752,-89.10940197225756,47.64745766764027,-3.8454033039403424
-288.58913743559106,970.7879650027542,733.4526612027882,-90.25328138683257,61.672626126933245,-58.874291011706894
-289.3592584879351,972.0542352131392,732.6541034704522,-88.83153197319076,59.998704200074904,-3.585411062888607
-290.30431694514436,972.1347405685364,732.1041709115768,41.9099046697564,88.97095447047808,125.46805178576513
-291.5579749995586,972.2737112459436,732.1212561544581,-90.56506987940249,84.26733574279264,-54.90478650232386
-292.4956426512468,973.582638636409,731.9611103278826,180.0,0.0,0.0
