x,y,z,roll,pitch,yaw
27.251654896223837,940.6957546957402,717.63391683081,-89.25480946187326,15.992542881678824,-0.06275537584193058
26.186039428096727,939.5702222651554,714.5396379262786,-88.30896695438416,28.970461452106367,-0.536060991995279
20.762867350447653,939.5386093853023,707.4607040138583,-86.50501432022367,48.03087704136199,-0.149123273073295
23.247928135336757,939.0810391723501,710.271263678986,-89.88466798204188,47.09522353329728,-2.0423481015266614
17.829436881855422,938.661761780847,706.3503656893322,-86.0235802505608,57.355736257631,-1.7547840781144959
15.667728687542827,939.1233756686881,704.2353430770694,-78.67289738137201,79.67797392724378,4.3553137261802926
