x,y,z,roll,pitch,yaw
-74.11538150457324,913.8325821300134,743.6052359246654,-73.71231174323569,25.696069608487445,-7.786227843316198
-80.60742120307088,919.7192419375799,738.9295335821341,-73.71231174323569,25.696069608487445,-7.786227843316198
-81.02414055178991,920.7630674795666,738.0820449998441,-73.71231174323569,25.696069608487445,-7.786227843316198
-81.89492931664279,920.8787607514962,737.2921911363005,-73.71231174323569,25.696069608487445,-7.786227843316198
-82.60469438443431,921.9696663535857,736.5141163734844,-73.71231174323569,25.696069608487445,-7.786227843316198
-83.46612604522255,923.0780180003114,735.6584578073944,-73.71231174323569,25.696069608487445,-7.786227843316198
-84.34581497725344,923.1683732939423,734.7857042207349,-73.71231174323569,25.696069608487445,-7.786227843316198
-85.22527099198066,923.254159400668,733.9865264144064,-73.71231174323569,25.696069608487445,-7.786227843316198
-85.94610266704478,925.3659721435421,733.4159717391718,-73.71231174323569,25.696069608487445,-7.786227843316198
-87.11306302756924,925.5110517158882,733.3635467084796,-73.71231174323569,25.696069608487445,-7.786227843316198
-88.28470990754164,926.6747028608402,733.3153246735513,-73.71231174323569,25.696069608487445,-7.786227843316198
