x,y,z,roll,pitch,yaw
224.785543435495,-504.4377279149017,340.5988324860185,61.90701520506544,32.66831319836598,74.0604558471739
218.92584287766752,-494.9877731906286,347.853195233052,61.539923584044736,32.71758868634742,73.96781542683986
215.3345168435844,-487.17545075279503,355.9460897114153,60.071793249582015,32.53065301185367,74.13310301966735
