x,y,z,roll,pitch,yaw
571.1024005510817,-504.5923008335501,355.6706086009624,-17.685529357721133,-11.768367744956642,57.33872719685317
567.5276628931274,-501.0826057517346,355.4950726067673,-17.685529357721133,-11.768367744956642,57.33872719685317
566.8625666376079,-499.614462516048,354.13944077255417,-17.685529357721133,-11.768367744956642,57.33872719685317
565.4203165915771,-498.2829389743986,353.66829154856487,-17.685529357721133,-11.768367744956642,57.33872719685317
564.1284881944827,-496.962539356432,353.87706556571527,-17.685529357721133,-11.768367744956642,57.33872719685317
562.8111767143374,-495.7609242991132,353.3624075752448,-17.685529357721133,-11.768367744956642,57.33872719685317
561.382752058625,-494.56463933356895,352.85503134548753,-17.685529357721133,-11.768367744956642,57.33872719685317
559.9476270281255,-493.5600425218189,351.6407091399674,-17.685529357721133,-11.768367744956642,57.33872719685317
558.4209361915009,-492.8491998624985,351.1486970856886,-17.685529357721133,-11.768367744956642,57.33872719685317
