x,y,z,roll,pitch,yaw
-437.86717525161305,770.1665744696721,899.8316526075663,-89.60590486324428,45.30932551427837,40.779511344688885
-440.58211173797883,767.8615725330976,896.3222250839949,-89.60590486324428,45.30932551427837,40.779511344688885
-442.5644786680594,764.219766502781,893.5201235961325,-89.60590486324428,45.30932551427837,40.779511344688885
