x,y,z,roll,pitch,yaw
-364.7972774610163,838.1389087683107,900.6382569160253,-89.74284475545734,15.37423082404623,40.58565732013335
-365.82083291790536,837.2883144748846,895.8186273695242,-89.74284475545734,15.37423082404623,40.58565732013335
-366.8101189268846,836.1139311919609,891.0600753297638,-89.74284475545734,15.37423082404623,40.58565732013335
