x,y,z,roll,pitch,yaw
-364.79727780314954,838.1389091900206,900.6382569122816,-89.74284531803882,15.374230293474383,40.58565673944942
-365.7688153410201,834.7348285902383,897.9105939615533,-90.01681663086057,14.958492000709223,40.782944144711244
-370.01495602268216,835.0670466633967,886.0476650252873,-90.85105549772129,14.822827693324832,40.79789689057767
