x,y,z,roll,pitch,yaw
670.7017494926281,-506.53331603373874,359.64606808706833,0.02066479410220156,-0.005526292824197243,14.939317525174012
667.7744226884353,-503.7913618297781,357.6813968042609,-0.3044015256027119,-0.19778625894558358,14.524296236612873
664.8494344592816,-491.89368001236596,360.64710824805627,-1.1420683654792336,-0.21290341683735442,14.388264466776082
