x,y,z,roll,pitch,yaw
670.7017494792717,-506.53331603959873,359.64606754423744,0.02066520295651213,-0.005526850607842395,14.939318058306746
669.4076542537589,-501.7036869081534,359.6460675442373,0.02066520295651213,-0.005526850607842395,14.939318058306746
667.9290675145265,-496.93483205874554,359.37810359172465,0.02066520295651213,-0.005526850607842395,14.939318058306746
