x,y,z,roll,pitch,yaw
502.2300950308628,-505.42002986759405,333.97242846680217,-90.24671259407532,46.6979821812798,45.66435908805525
495.5496502739257,-500.343832822071,339.434944275188,-90.24671259407532,46.6979821812798,45.66435908805525
492.2094278954571,-497.8057342993095,342.1662021793809,-90.24671259407532,46.6979821812798,45.66435908805525
