x,y,z,roll,pitch,yaw
501.3696802882971,-506.8809107303407,334.7326939327443,-90.23470013874241,46.410597355255064,45.70678326308389
497.5508808223599,-501.7499104790828,338.8314361155594,-86.7170402587288,45.0680387942492,43.69835538743748
493.84092498061807,-497.52606355768205,342.1149028016403,-86.64183069111732,44.7239794699911,43.34393934686617
492.0642173356464,-494.5367295458989,344.6426894914732,-86.66863618583133,43.931327946129194,54.46975978454157
490.6194423726636,-493.92949091801347,344.7251950457437,-77.62007817552409,34.25411587877412,81.09155944679986
