x,y,z,roll,pitch,yaw
507.48936842103626,-510.67632074888553,337.741230273704,29.110092773650248,16.821099273452326,62.16345501212117
502.4555857023161,-503.59339136033685,342.70042855419035,29.110092773650248,16.821099273452326,62.16345501212117
502.0240771341499,-502.47090546149406,343.73990325419084,29.110092773650248,16.821099273452326,62.16345501212117
501.1173002484806,-501.57043325334183,343.76694943734856,29.110092773650248,16.821099273452326,62.16345501212117
500.22314871960964,-500.7160974482487,344.8300740710139,29.110092773650248,16.821099273452326,62.16345501212117
499.2588319689268,-499.88912406286676,345.3716195125719,29.110092773650248,16.821099273452326,62.16345501212117
498.2898600178407,-499.17204761414,345.91089722068045,29.110092773650248,16.821099273452326,62.16345501212117
497.3159078933365,-498.45160933406993,346.4456278631245,29.110092773650248,16.821099273452326,62.16345501212117
496.33697013708985,-497.67043124307423,346.97608441333875,29.110092773650248,16.821099273452326,62.16345501212117
