hook_num,trajectory_process,x_max_work,x_max_local,x_min_work,x_min_local,y_max_work,y_max_local,y_min_work,y_min_local,z_max_work,z_max_local,z_min_work,z_min_local,x_mean_work,x_mean_local,y_mean_work,y_mean_local,z_mean_work,z_mean_local,euclidean_max_work,roll_max,pitch_max,yaw_max
15,4,7.25650011190737e-08,8.78544569484803e-08,-5.64544106284399,-2.42068107445348,4.5465911394607,6.52301136607804,-8.37763764138799e-07,4.00574378021316e-08,-7.06854734744411e-08,4.92589861349717,-5.68235913408341,-8.38324063905327e-07,-4.56981381556516,-2.09124167181058,4.26744474500974,6.01672480217892,-4.52587001176251,4.42864462450264,8.06824295649207,3.59749206887591,-1.56476458457178e-07,9.20157954900636e-07
