hook_num,trajectory_process,x_max_work,x_max_local,x_min_work,x_min_local,y_max_work,y_max_local,y_min_work,y_min_local,z_max_work,z_max_local,z_min_work,z_min_local,x_mean_work,x_mean_local,y_mean_work,y_mean_local,z_mean_work,z_mean_local,euclidean_max_work,roll_max,pitch_max,yaw_max
20,4,0.915583100111689,-0.639024754200684,-4.41028292838604,-1.27290894623463,0.588930614746232,7.5441827174323,-0.0930598319932869,-3.44575995671642,3.38203430594422,0.515377836637164,-6.3712276928602,-0.0591124042204507,-4.1573724230514,-1.10088107370376,0.359175040452529,7.32272480714674,-6.1247854842072,0.308081454934427,7.65092160886471,1.45408236562616e-07,0.103589792131203,1.21778481299017e-07
