hook_num,trajectory_process,x_max_work,x_max_local,x_min_work,x_min_local,y_max_work,y_max_local,y_min_work,y_min_local,z_max_work,z_max_local,z_min_work,z_min_local,x_mean_work,x_mean_local,y_mean_work,y_mean_local,z_mean_work,z_mean_local,euclidean_max_work,roll_max,pitch_max,yaw_max
13,4,-9.71691633822047e-08,-1.00289263058096e-07,-3.72420698501722,-0.65078258945921,2.99649710032361,6.72058431306887,-9.22921458368364e-07,-2.62823011722079e-09,2.03989429792273e-08,3.02516025961658,-6.38451688560656,-9.22809372311297e-07,-2.82223639926388,-0.392612790390276,2.87175621192981,6.28082048812574,-5.58968373975224,2.86470798194209,7.28370868436473,1.27704876386201,-2.06716493167391e-06,0.77240754414559
