hook_num,trajectory_process,x_max_work,x_max_local,x_min_work,x_min_local,y_max_work,y_max_local,y_min_work,y_min_local,z_max_work,z_max_local,z_min_work,z_min_local,x_mean_work,x_mean_local,y_mean_work,y_mean_local,z_mean_work,z_mean_local,euclidean_max_work,roll_max,pitch_max,yaw_max
5,4,-1.31922774926352e-08,1.30981035031161,-3.82234649231108,-1.80176969426463,1.99735382120286,5.21767459822215,-9.35220327846764e-07,-2.3114012470908e-09,-3.62490482075373e-09,2.05769457484539,-5.37445706332051,-9.35227728926544e-07,-1.88060285836977,-0.213156678515581,1.1580405297761,4.63457162621021,-4.1489184524498,1.1506607739718,5.38630962488418,0.717536029650404,1.61007369878824,-2.10904349262631e-08
