hook_num,trajectory_process,x_max_work,x_max_local,x_min_work,x_min_local,y_max_work,y_max_local,y_min_work,y_min_local,z_max_work,z_max_local,z_min_work,z_min_local,x_mean_work,x_mean_local,y_mean_work,y_mean_local,z_mean_work,z_mean_local,euclidean_max_work,roll_max,pitch_max,yaw_max
7,3,8.59395669294827e-07,1.7080267391854,-5.70765461680013,-2.69617055078018,1.16398058228867,5.20223919281702,-3.10129728677748,-1.7613168113026e-07,0.585088216789472,1.17894717936963,-4.31967301391842,-2.88201105648094,-1.77282451118495,0.566445638883351,-0.380267949622864,3.70663808542497,-2.77635943309252,-0.317924887722717,6.48059463874188,7.48344358333277,16.6760870664173,4.40381543998386
