hook_num,trajectory_process,x_max_work,x_max_local,x_min_work,x_min_local,y_max_work,y_max_local,y_min_work,y_min_local,z_max_work,z_max_local,z_min_work,z_min_local,x_mean_work,x_mean_local,y_mean_work,y_mean_local,z_mean_work,z_mean_local,euclidean_max_work,roll_max,pitch_max,yaw_max
8,1,3.59955265594181e-09,2.19890479870386,-5.19379366416035,-1.68922045389551,11.516841364529,5.18723813981618,-9.36639935389394e-07,-5.23084807542593e-10,0.312814232404548,12.038517354083,-5.21853440195559,-9.36689090519193e-07,-1.68723446894745,1.00795543335207,5.5365961789428,3.16004435809677,-3.14625770656507,5.78351827184518,12.6338538659576,285.311466824274,46.4486056050848,7.82253061797296
