x,y,z,roll,pitch,yaw
865.6957686467105,-510.8252406089281,332.2464841208076,47.85016197716442,27.263354746812727,67.62644086198571
860.7138858483756,-503.7349564571914,337.325808903277,47.85016197716442,27.263354746812727,67.62644086198571
860.6424053348446,-502.59672376215326,340.0897561998554,47.85016197716442,27.263354746812727,67.62644086198571
859.8270997717129,-501.73283647027176,340.6926500324446,47.85016197716442,27.263354746812727,67.62644086198571
859.0066949121184,-500.8087229796124,341.29022312911104,47.85016197716442,27.263354746812727,67.62644086198571
858.2931835247034,-499.93542109991745,341.8789170995243,47.85016197716442,27.263354746812727,67.62644086198571
857.5303239402601,-498.95893416986655,343.0438284213013,47.85016197716442,27.263354746812727,67.62644086198571
856.6936346299781,-498.0168002633926,343.6359325646338,47.85016197716442,27.263354746812727,67.62644086198571
855.8520773419536,-497.0694998901947,344.22474097278166,47.85016197716442,27.263354746812727,67.62644086198571
