x,y,z,roll,pitch,yaw
-203.17317172728252,941.8605788671412,904.6735890980566,-90.34997951173537,50.55139687432527,-8.812022946350703
-210.30267775116653,942.4680288672345,897.6441494366635,-90.34997951173537,50.55139687432527,-8.812022946350703
-212.16118468187614,944.5233645151552,896.5218926969551,-90.34997951173537,50.55139687432527,-8.812022946350703
-213.17714275941296,944.4490944769212,895.6666735353771,-90.34997951173537,50.55139687432527,-8.812022946350703
-214.19402158449685,944.3674483563176,894.751233523671,-90.34997951173537,50.55139687432527,-8.812022946350703
-215.1237936462162,944.3489037151286,893.885863753975,-90.34997951173537,50.55139687432527,-8.812022946350703
-216.46594318969738,944.7363303134549,892.9208568604182,-90.34997951173537,50.55139687432527,-8.812022946350703
-217.4917508332752,944.6398837406646,891.9874715680124,-90.34997951173537,50.55139687432527,-8.812022946350703
-218.5191472949537,944.5377496911373,891.0489329635768,-90.34997951173537,50.55139687432527,-8.812022946350703
