x,y,z,roll,pitch,yaw
865.6957686660326,-510.8252406056639,332.24648472532033,47.850139401016165,27.263426638311287,67.62648419684157
861.7801590942186,-502.9991817207043,341.21114924276424,45.31243370007387,33.500332343288406,60.852489710139
854.431418765648,-495.1290039691328,348.4130599921524,43.63566733278774,33.622935116310465,60.48049681625974
