x,y,z,roll,pitch,yaw
-14.297500374692882,982.0963793331318,734.4794064557107,-89.25210651958577,45.63528736619643,1.1985343334191916
-14.297500374692882,982.0963793331318,734.4794064557107,-89.25210651958577,45.63528736619643,1.1985343334191916
-14.297500374692882,982.0963793331318,734.4794064557107,-89.25210651958577,45.63528736619643,1.1985343334191916
