x,y,z,roll,pitch,yaw
-686.2015417029448,565.4017687278848,897.9568699702703,-89.60590542861466,45.309325363731,40.77951056919695
-687.8404677830237,560.2638132636246,896.7941983973351,-89.63692237525642,45.2775179678664,41.006337266135745
-694.5663478775332,552.8084262772884,889.5409429623455,-90.33631608555282,45.26318066010573,41.14117585305758
