x,y,z,roll,pitch,yaw
-686.2015401262935,565.4017675389445,897.9568694820227,-89.40291802855046,54.29362330609396,55.588192621006755
-688.7833223475286,562.9765460545811,894.4733805095997,-89.40291802855046,54.29362330609396,55.588192621006755
-686.4429679869535,558.0049217520425,893.3611735594545,-89.40291802855046,54.29362330609396,55.588192621006755
-687.5921841868943,557.3267024957329,892.0304237440366,-89.40291802855046,54.29362330609396,55.588192621006755
-688.3743434075922,555.9755806603487,891.0680719070692,-89.40291802855046,54.29362330609396,55.588192621006755
-689.1455913027183,554.6216943895159,890.0515865810676,-89.40291802855046,54.29362330609396,55.588192621006755
-690.3753767741139,553.8599591154767,889.0863762602258,-89.40291802855046,54.29362330609396,55.588192621006755
-691.5961225528564,553.0819800655137,888.0605936303411,-89.40291802855046,54.29362330609396,55.588192621006755
-692.4413269679404,551.6532365642527,887.4150189823263,-89.40291802855046,54.29362330609396,55.588192621006755
