x,y,z,roll,pitch,yaw
-806.3707327009847,461.98330533119537,900.5332000944729,-89.76447668739576,25.46944820277117,35.64281988897607
-807.033936916248,460.59577263786275,895.6931934316617,-89.76447668739576,25.46944820277117,35.64281988897607
-808.1418335126699,461.96979157148235,894.1085789471404,-89.76447668739576,25.46944820277117,35.64281988897607
-809.3726528291502,462.25970345886935,892.7638552801219,-89.76447668739576,25.46944820277117,35.64281988897607
-809.7291279585748,461.04078909271317,891.3487118026924,-89.76447668739576,25.46944820277117,35.64281988897607
-810.515096459826,460.5652960653877,889.9996845994189,-89.76447668739576,25.46944820277117,35.64281988897607
-811.4072472657418,460.01477247470365,888.585732005818,-89.76447668739576,25.46944820277117,35.64281988897607
-811.6300189170038,458.85416796261194,887.2517631275473,-89.76447668739576,25.46944820277117,35.64281988897607
-812.5083746678496,458.2898878044165,885.8411064262342,-89.76447668739576,25.46944820277117,35.64281988897607
