x,y,z,roll,pitch,yaw
-767.6679403524296,492.3888492067658,901.588982414779,-89.54936347233232,48.70200709149427,45.90197289811364
-770.6963102533134,490.5944884241411,898.0897858646653,-89.54936347233232,48.70200709149427,45.90197289811364
-770.6088700843619,488.83443959027545,896.6621263915112,-89.54936347233232,48.70200709149427,45.90197289811364
-771.7754869335627,488.15647857432225,895.3197222004073,-89.54936347233232,48.70200709149427,45.90197289811364
-772.4600364952761,486.84632659288945,894.0374733215053,-89.54936347233232,48.70200709149427,45.90197289811364
-773.2389567607177,485.4723881504674,892.701949638308,-89.54936347233232,48.70200709149427,45.90197289811364
-774.2726927951975,484.82366041829243,891.3650491955991,-89.54936347233232,48.70200709149427,45.90197289811364
-774.9261661008437,483.5017050467359,890.1620485766061,-89.54936347233232,48.70200709149427,45.90197289811364
-774.9205420837621,480.80677136980694,889.3000604519939,-89.54936347233232,48.70200709149427,45.90197289811364
