x,y,z,roll,pitch,yaw
139.90821076596114,-503.16380108771045,359.47258935728746,-3.7664357077363513,-3.3875916733200255,48.414110702496465
136.4647674222578,-499.63627189040733,360.06431014636917,-3.7664357077363513,-3.3875916733200255,48.414110702496465
135.40139796145183,-498.2076151743089,358.6642034693974,-3.7664357077363513,-3.3875916733200255,48.414110702496465
134.08344627992062,-496.8543099423888,358.9022603000798,-3.7664357077363513,-3.3875916733200255,48.414110702496465
132.72256027813756,-495.56473964029635,358.3469040558007,-3.7664357077363513,-3.3875916733200255,48.414110702496465
131.2488585274752,-494.22100128808347,357.80428763941234,-3.7664357077363513,-3.3875916733200255,48.414110702496465
130.05101501856342,-492.874397584524,357.97807131923764,-3.7664357077363513,-3.3875916733200255,48.414110702496465
128.70556565471435,-491.6643333043588,357.3939178515984,-3.7664357077363513,-3.3875916733200255,48.414110702496465
126.96992824022874,-490.799639051387,355.34013645622986,-3.7664357077363513,-3.3875916733200255,48.414110702496465
