x,y,z,roll,pitch,yaw
-262.14528530828613,927.3208389651735,889.7432766218734,-89.49886001648049,45.20225329210486,46.01877248459927
-275.64664074316056,923.0946688945664,892.9840671151808,-89.35505255267425,44.98122857935838,46.918294828255355
-281.88929858468543,916.1396986068859,888.8868764475606,-92.28280448970084,64.11288886206508,48.995548560005254
