x,y,z,roll,pitch,yaw
-262.1452843604893,927.3208391980831,889.743265026212,-89.49885793841122,45.20251490347251,46.01877680504076
-271.28664791244717,923.6361998850198,888.1953027868904,-89.49885793841122,45.20251490347251,46.01877680504076
-275.8573296884261,921.7938802284881,887.4213216672294,-89.49885793841122,45.20251490347251,46.01877680504076
