x,y,z,roll,pitch,yaw
929.0489176009996,-496.4858113748992,347.63921025061865,0.05425018414924724,-0.053900978543496805,44.81449666192628
920.0228511402618,-494.8522393864482,351.6218685092303,0.05425018414924724,-0.053900978543496805,44.81449666192628
915.5098179098927,-494.03545339222273,353.6131976385362,0.05425018414924724,-0.053900978543496805,44.81449666192628
