x,y,z,roll,pitch,yaw
-728.8638998088848,522.90809705462,896.703604830177,-89.65050056842705,44.404627005018185,40.47424030983005
-732.2491354642659,520.3344898454719,887.6534839088222,-89.65049738296288,44.404629803421955,40.47424265623512
-740.2683244503219,514.2287995915102,883.0723612383895,-90.03504445194406,44.276827389679745,40.77272402400893
