x,y,z,roll,pitch,yaw
707.8225198782891,-505.5185507360662,352.63975785127,-2.3803365489353565,-2.725039035864975,42.43314669533538
703.5727760943298,-496.44375824327716,352.555019620998,-2.3803365489353565,-2.725039035864975,42.43314669533538
702.5343040476093,-495.38551551715403,352.73634352112924,-2.3803365489353565,-2.725039035864975,42.43314669533538
701.3598190200601,-494.4915551510084,352.2882400099047,-2.3803365489353565,-2.725039035864975,42.43314669533538
700.1905854439483,-493.71841315713385,351.83650273130866,-2.3803365489353565,-2.725039035864975,42.43314669533538
699.1657169213213,-492.8429545913735,352.6374445165736,-2.3803365489353565,-2.725039035864975,42.43314669533538
697.9991843362479,-492.0737638360857,352.1670663256058,-2.3803365489353565,-2.725039035864975,42.43314669533538
696.8377314311074,-491.3087432522303,351.6905236371831,-2.3803365489353565,-2.725039035864975,42.43314669533538
695.6835742522724,-490.60364914128155,351.8453885978985,-2.3803365489353565,-2.725039035864975,42.43314669533538
