x,y,z,roll,pitch,yaw
707.8225198785808,-505.5185507362699,352.63975928613877,-2.380345866795053,-2.7250583128124726,42.433072448645504
703.5727805928117,-496.443764484263,352.5550171037785,-2.3803312557015692,-2.7250397081615785,42.43314745325076
694.57010592847,-490.63884841095745,353.5712908899617,-2.9550025450246027,-2.813047481521555,42.56755899603056
