x,y,z,roll,pitch,yaw
-402.33253793958227,981.9274643193655,742.5154397498386,-89.32229086501606,25.64576392071867,0.4259994173743051
-409.7718514478524,983.2214515340324,735.9695371783782,-89.32229086501606,25.64576392071867,0.4259994173743051
-413.4915082019874,983.8684451413658,732.696585892648,-89.32229086501606,25.64576392071867,0.4259994173743051
