hook_num,trajectory_process,x_max_work,x_max_local,x_min_work,x_min_local,y_max_work,y_max_local,y_min_work,y_min_local,z_max_work,z_max_local,z_min_work,z_min_local,x_mean_work,x_mean_local,y_mean_work,y_mean_local,z_mean_work,z_mean_local,euclidean_max_work,roll_max,pitch_max,yaw_max
12,4,0.299137424270441,0.496102812081333,-4.23204937760602e-09,-4.17648137163311e-09,0.776174889391314,0.662697247143009,4.36557456851006e-11,7.63974392894124e-10,2.6660954199657,2.66734133630417,-1.02369892829302e-06,-1.02369887236555e-06,0.209815915041306,0.363005236182336,0.594867020762026,0.508243069801647,2.05400157797058,2.05590523844573,2.79284719343591,0.522129482996184,0.238475648979782,0.00477778999630374
