hook_num,trajectory_process,x_max_work,x_max_local,x_min_work,x_min_local,y_max_work,y_max_local,y_min_work,y_min_local,z_max_work,z_max_local,z_min_work,z_min_local,x_mean_work,x_mean_local,y_mean_work,y_mean_local,z_mean_work,z_mean_local,euclidean_max_work,roll_max,pitch_max,yaw_max
20,1,4.53228375145648,4.27304660781199,0.5748727996355,1.49852133692805,4.59596791853028,4.30227990308744,-0.515266927661798,-1.60594867523639,4.52962110780936,4.50537157889546,-2.49999956043132,-2.5004840911667,3.4416624738769,3.60726930037676,1.0949201490361,0.209293868229937,0.386833502151106,0.346848511685813,5.64298957846312,54.3078711173532,41.3429803455435,66.7745881721522
