hook_num,trajectory_process,x_max_work,x_max_local,x_min_work,x_min_local,y_max_work,y_max_local,y_min_work,y_min_local,z_max_work,z_max_local,z_min_work,z_min_local,x_mean_work,x_mean_local,y_mean_work,y_mean_local,z_mean_work,z_mean_local,euclidean_max_work,roll_max,pitch_max,yaw_max
4,3,1.73422418561887,1.66370838574449,-5.89999160638399e-08,3.33302228222121e-08,2.07177947560501,1.9595603289626,-0.0196145885666397,-0.545456768934574,-1.92593381598272e-06,-1.92606476263718e-06,-3.0069489049128,-3.05035403101281,1.27240389769867,1.46280585970737,0.851076144703433,0.404878008756641,-2.18961758716421,-2.19946930643026,3.44364772859014,4.24841204586593,4.73061101997425,12.3017782149188
