hook_num,trajectory_process,x_max_work,x_max_local,x_min_work,x_min_local,y_max_work,y_max_local,y_min_work,y_min_local,z_max_work,z_max_local,z_min_work,z_min_local,x_mean_work,x_mean_local,y_mean_work,y_mean_local,z_mean_work,z_mean_local,euclidean_max_work,roll_max,pitch_max,yaw_max
5,2,2.20115796102237,2.3235756989843,-1.03012021668292e-06,-1.36149965356692e-06,1.67836271015915,1.13024857022553,-1.41991029067867e-06,-0.888928597079033,-1.5660580174881e-06,0.00163765661170892,-2.0607833676375,-2.04570659842647,1.95608227197956,2.0227491544462,0.583882478064568,-0.295575369442642,-1.37051577300357,-1.36704476564785,3.09814053317219,11.1731471212731,10.2178954810662,25.9607402337903
