x,y,z,roll,pitch,yaw
662.1953001401223,-507.9557666728328,337.2115519086132,-89.67704765286781,46.36167668907778,45.056036023678914
655.1977743924995,-500.5164500909063,343.8248127868867,-90.12572820159889,45.7272261532977,44.691057415738676
651.6268647600858,-495.92748441998145,346.54502639240303,-90.34209326875289,45.761721814613345,49.68337747253789
649.3049625685262,-493.51489717754885,348.4885868904065,-90.29474242947093,45.630644876067876,49.474249376579635
648.13125912966,-493.6295891836568,349.4948057324846,-92.53436187814205,48.24811610027965,80.20582520400998
