x,y,z,roll,pitch,yaw
660.8778415844101,-506.774250790132,333.4796974672672,-90.24671259407532,46.6979821812798,45.66435908805525
654.3691891512286,-501.8389104262457,339.2695740018053,-90.24671259407532,46.6979821812798,45.66435908805525
651.1148629346378,-499.3712402443026,342.1645122690743,-90.24671259407532,46.6979821812798,45.66435908805525
