x,y,z,roll,pitch,yaw
128.81173449043575,919.947819189264,740.3179673530888,-90.14614236860213,45.87846373192324,-45.25878564851909
121.08374900007566,922.6521771538823,735.590483437854,-90.56670869657927,45.75943731450118,-45.03467456161391
114.90387868360892,926.8972358325971,730.1710293501717,-90.90455269437834,45.46365605142408,-44.80612409848076
