x,y,z,roll,pitch,yaw
84.53792939403434,915.2946146212345,743.099680656387,-90.06901746942987,45.95286101531392,-45.262379859521126
78.06047626102236,921.1262707355227,738.3018999580054,-90.06901746942987,45.95286101531392,-45.262379859521126
74.82174969451634,924.0420987926667,735.9030096088145,-90.06901746942987,45.95286101531392,-45.262379859521126
