x,y,z,roll,pitch,yaw
662.1953003661501,-507.9557667240811,337.2115515891894,-58.85564739962923,14.852669284204445,24.742129156680917
655.5070937540829,-503.087871308794,341.9578665069831,-41.313926590059026,61.31573844914269,32.960310871300265
655.2615134260749,-502.33424069766886,344.3323868058922,-74.03549074044103,-16.99701877727561,20.027905932646423
654.3270362021657,-501.46262508624005,344.4379490699377,-43.75174044919227,53.01566177699068,31.433023548049164
653.7551996603672,-500.6102580815517,346.88425011275166,-75.84482755570127,-17.449955274235162,19.285873959828578
652.9687633237952,-499.8092758399931,346.9490516196947,-74.383429613954,-18.761570763566787,19.96041993274582
652.0246047380738,-498.9279728600256,347.02780171987996,-56.74880979850819,35.30889270178704,25.486044984056075
651.2531858626887,-498.04582903750486,348.2853537192195,-50.53488427150649,27.627673521126166,27.778810485313297
650.3167333792483,-497.4008413522581,349.5920830198692,143.92934773771793,-5.518657502276054,-28.29069490184581
649.0389552993411,-497.40824872738887,348.5044726046132,-38.00137164843851,18.01697121057651,30.80904099607192
647.9337354992015,-497.24854663427874,349.8309123756373,179.99248669182361,-1.5192048908233755,0.4681055756042892
