x,y,z,roll,pitch,yaw
83.27284364164541,917.2083856986369,744.023415848948,-89.90016204503854,45.78618838350094,-45.105289243483405
76.66690029031179,922.9776728703785,739.2278274652007,-89.90016204503854,45.78618838350094,-45.105289243483405
73.36392861464498,925.8623164562492,736.830033273327,-89.90016204503854,45.78618838350094,-45.105289243483405
