x,y,z,roll,pitch,yaw
83.27284341636135,917.2083860191683,744.0234158031105,-89.90016298759862,45.78618906068042,-45.10528814278028
76.23697420880126,923.9203100051699,736.7163646115281,-90.34480527207832,45.4154049853713,-44.471089033506985
72.63741535232892,926.699604159631,732.1878153192105,-90.54320611456862,50.408316334074534,-44.44917316098955
70.30234519224882,928.6753064946896,729.8163685562755,-90.49551519579879,50.197646419265354,-44.32079596108224
69.13333325821603,929.6831453207778,729.9519884570526,-92.6448148467945,80.96150364782817,-46.58309322361968
