x,y,z,roll,pitch,yaw
-448.02051264264634,748.5005522214143,900.2513587675741,-89.49882936985723,45.20236450944888,46.01875964928268
-450.25168574755253,746.0591733520928,896.4676053735401,-89.76553562277562,45.31478935889298,46.30745338197794
-457.1380304405249,738.8096944002727,888.2653015574343,-89.93665556986456,45.844362153661386,47.64418708909967
