x,y,z,roll,pitch,yaw
671.1502109617627,-505.19364704835914,356.5065895933116,0.05425018414924724,-0.053900978543496805,44.81449666192628
662.8116679639273,-499.84317998231086,357.8634988932968,0.05425018414924724,-0.053900978543496805,44.81449666192628
658.6423964650098,-497.1679464492868,358.54195354328937,0.05425018414924724,-0.053900978543496805,44.81449666192628
