x,y,z,roll,pitch,yaw
820.257697439526,-508.2144012017139,342.0186593957883,35.21972150614334,30.05554320083279,54.913518855079026
813.2488613920207,-503.8611050545425,346.3504601521503,34.21534323010149,30.013108007656196,54.582498956110285
805.8187112309405,-496.5543342495136,351.5967643333521,32.99009961514689,30.099602870750722,54.22747498158863
