x,y,z,roll,pitch,yaw
820.2576971363849,-508.214402037537,342.0186593488489,32.56853853228232,18.924540109001597,63.34107334248061
813.5310293970069,-502.8931097003056,347.2202062756568,32.56853853228232,18.924540109001597,63.34107334248061
812.8979211582032,-501.85181806380575,347.26889760559607,32.56853853228232,18.924540109001597,63.34107334248061
811.9499808094731,-500.89331744858765,347.3595518091669,32.56853853228232,18.924540109001597,63.34107334248061
811.1841739560049,-499.94176537619927,348.7033346468362,32.56853853228232,18.924540109001597,63.34107334248061
810.2307226503156,-498.97721649173985,348.77473897781204,32.56853853228232,18.924540109001597,63.34107334248061
809.4537009353132,-498.09307721130193,350.11703313703276,32.56853853228232,18.924540109001597,63.34107334248061
808.5086778492541,-496.9563886442524,351.4696721896422,32.56853853228232,18.924540109001597,63.34107334248061
807.5469179800707,-496.3087429079695,351.5384829677146,32.56853853228232,18.924540109001597,63.34107334248061
806.271529991534,-496.22991053144796,352.9806694015924,32.56853853228232,18.924540109001597,63.34107334248061
804.9852178114747,-496.07474360349937,353.09719789110875,32.56853853228232,18.924540109001597,63.34107334248061
