x,y,z,roll,pitch,yaw
829.0707871035081,-509.59541406541246,338.09731737943355,23.29080436083529,17.845877201061388,54.24801758771568
822.3427107340425,-503.230069967296,342.29391346153363,69.58929101145398,39.93742579422084,76.65633392444126
821.9829074253805,-502.03161991629713,343.5904379378295,3.9347810867965536,3.8358159428380136,45.0065237896329
821.0795369924435,-501.1245598561637,343.6773031010425,30.772740270337234,23.647308995144567,55.769517317385194
820.1589471588568,-500.1173585829483,344.3988308957586,3.2527540889843745,3.160644419727505,44.95612548500625
819.2512378935414,-499.2070455142657,344.47080632861423,-23.976922636779644,-17.99963304320006,55.08410413723355
818.2515905774869,-498.28855738136247,343.9015793483676,30.1188903304742,22.338081283163657,56.49671040809841
817.3200469804476,-497.329117628454,344.6000437326321,29.777355820818798,22.205261391996274,56.28195695332654
816.3821388957886,-496.36373468042154,345.29469902167125,-42.35361959219195,-2.880180446801012,87.1549706180926
815.0798193553744,-496.24305625071224,344.10418693039003,69.76824425052726,14.030721770350336,84.97904794143898
814.1454092054339,-495.5039211769308,346.727823481634,-90.50452548484066,41.64981709713141,-0.5324032175375664
