x,y,z,roll,pitch,yaw
820.5274760969103,-508.3019927261062,348.175899083779,32.93043884293942,23.894684405868027,58.22276371266825
813.6432886836354,-502.85918719754494,352.22849213746076,32.93043884293942,23.894684405868027,58.22276371266825
813.1412819617315,-501.8993136731298,353.4925022211769,32.93043884293942,23.894684405868027,58.22276371266825
812.3125728460329,-500.9332697353545,354.79574630524576,32.93043884293942,23.894684405868027,58.22276371266825
811.3406886393738,-499.9494245803166,354.827052845406,32.93043884293942,23.894684405868027,58.22276371266825
810.3689329577767,-498.9649104068117,354.85920762796127,32.93043884293942,23.894684405868027,58.22276371266825
809.5586287266209,-497.9787143071266,354.8783242149086,32.93043884293942,23.894684405868027,58.22276371266825
808.549788673105,-496.9904971869085,356.2111798645203,32.93043884293942,23.894684405868027,58.22276371266825
807.4550713797084,-496.172753742519,354.97804185184884,32.93043884293942,23.894684405868027,58.22276371266825
806.1168734065861,-496.09075565165705,356.39904931060767,32.93043884293942,23.894684405868027,58.22276371266825
804.9286468877142,-495.8402723976074,357.8073322987383,32.93043884293942,23.894684405868027,58.22276371266825
