x,y,z,roll,pitch,yaw
826.1284574346682,-510.75336974352564,335.81621778817,35.331698303862254,29.91822670164744,54.6616095371948
819.7012701668627,-504.426039798496,340.1354954582547,35.331698303862254,29.91822670164744,54.6616095371948
816.4876765329601,-501.2623748259811,342.2951342932971,35.331698303862254,29.91822670164744,54.6616095371948
