x,y,z,roll,pitch,yaw
826.1284574346682,-510.75336974352564,335.81621778817,27.418352497825296,20.769448030503465,55.98973411504612
819.7319782438456,-504.3795409929257,340.11584023240005,-44.65569089970642,-47.36589244255244,53.20702535345299
819.4152571837878,-503.35296197933513,339.53982409721095,3.226083771800076,3.3594370407473915,44.97945661626918
818.5332445905581,-502.4591364241988,339.6116492240392,28.464233101006222,23.06681163000958,54.4776018276181
817.6328379247855,-501.47200000011304,340.2662585565539,51.81976908417502,27.267805652872617,70.03561613971121
816.8174999757471,-500.49498583369524,341.5060961027831,2.4798116853740684,2.4475575369858293,46.784038271998824
815.9256925221159,-499.64885030890986,341.56037130657853,28.209380980156965,21.914913029667474,55.50818038442723
815.0078156728183,-498.7007119923599,342.20688523249817,27.865883544101287,21.764473556820253,55.29723903947126
814.084010974613,-497.74703554126785,342.84922663216264,48.601763765294066,12.651935799405685,78.91670583271403
813.0078498574765,-497.2446895113714,344.12343288673765,48.37638891397393,12.648197837865489,78.83410808402367
811.9183336768695,-496.73674900756265,345.403603074951,-90.22858027168898,41.7959214094956,-0.7574447914441809
