x,y,z,roll,pitch,yaw
825.0648837809201,-502.6557994681893,335.67925444248317,35.23028618941312,30.041927876860047,54.773361074006395
818.5322396556265,-497.70006145853546,341.4033457687932,35.23028618941312,30.041927876860047,54.773361074006395
815.2659175929796,-495.2221924537086,344.2653914319483,35.23028618941312,30.041927876860047,54.773361074006395
