x,y,z,roll,pitch,yaw
826.108352692569,-502.58506520864205,337.46329712360136,35.21137067476738,30.0653250421352,54.79168859214349
819.4102816813316,-497.5948580088906,342.9618129989964,35.21137067476738,30.0653250421352,54.79168859214349
816.061246175713,-495.09975440901474,345.7110709366938,35.21137067476738,30.0653250421352,54.79168859214349
