x,y,z,roll,pitch,yaw
-250.35003093788276,918.1828599720953,903.3749557467938,-90.45096395595858,45.422467385097086,-3.96257008298116
-258.59974764977545,916.5936382426844,896.0032247072637,-91.0439501128442,45.1095823079831,-3.902456006482925
-268.50439939363486,915.0376146200911,889.1646366972656,-91.7761505896942,44.79985999138349,-3.768421605834479
