x,y,z,roll,pitch,yaw
-215.6092431287662,752.693728125496,896.7924801862384,-90.18662715245587,45.51168071898438,-3.4403686278912597
-224.3280454612318,752.620664594032,891.9199276371849,-90.18662715245587,45.51168071898438,-3.4403686278912597
-228.68744662746462,752.5841328282999,889.4836513626581,-90.18662715245587,45.51168071898438,-3.4403686278912597
