x,y,z,roll,pitch,yaw
826.3978090646044,-509.39741770084555,337.5529322904,35.21273555138282,30.063672828321018,54.793278470361706
820.4208973145098,-503.5239427500928,343.0099294440058,35.21273555138282,30.063672828321018,54.793278470361706
817.4324414394625,-500.5872052747164,345.73842802080867,35.21273555138282,30.063672828321018,54.793278470361706
