x,y,z,roll,pitch,yaw
826.2802823888642,-502.2425763632023,335.98632845396526,35.19856655371419,30.081198973793725,54.80519120315233
820.0269921964014,-498.35316784946855,341.4472772496921,32.67823794080147,29.310543272683756,53.978479728483435
812.5215417198372,-491.38461790845037,346.8052841448099,31.9128021219657,29.296700491255717,53.816826323916615
