x,y,z,roll,pitch,yaw
820.5274760969103,-508.3019927261062,348.175899083779,30.136946594960683,18.244964055606154,61.92660504891781
813.6432886836354,-502.85918719754494,352.22849213746076,30.136946594960683,18.244964055606154,61.92660504891781
813.1412819617315,-501.8993136731298,353.4925022211769,30.136946594960683,18.244964055606154,61.92660504891781
812.3125728460329,-500.9332697353545,354.79574630524576,30.136946594960683,18.244964055606154,61.92660504891781
811.3406886393738,-499.9494245803166,354.827052845406,30.136946594960683,18.244964055606154,61.92660504891781
810.3689329577767,-498.9649104068117,354.85920762796127,30.136946594960683,18.244964055606154,61.92660504891781
809.5586287266209,-497.9787143071266,354.8783242149086,30.136946594960683,18.244964055606154,61.92660504891781
808.549788673105,-496.9904971869085,356.2111798645203,30.136946594960683,18.244964055606154,61.92660504891781
807.4550713797084,-496.172753742519,354.97804185184884,30.136946594960683,18.244964055606154,61.92660504891781
806.1168734065861,-496.09075565165705,356.39904931060767,30.136946594960683,18.244964055606154,61.92660504891781
804.9286468877142,-495.8402723976074,357.8073322987383,30.136946594960683,18.244964055606154,61.92660504891781
