x,y,z,roll,pitch,yaw
826.108352692569,-502.58506520864205,337.46329712360136,35.47495156310977,18.35938243824067,65.89635585753204
819.3421980443882,-497.5955343304304,342.7772504500517,35.47495156310977,18.35938243824067,65.89635585753204
818.8989321383272,-496.8001067463907,344.02452898704723,35.47495156310977,18.35938243824067,65.89635585753204
818.1591364238989,-495.7509285060354,346.54933637908255,35.47495156310977,18.35938243824067,65.89635585753204
817.2141906172378,-494.87065262113015,346.61680625511053,35.47495156310977,18.35938243824067,65.89635585753204
816.2687660386077,-493.90906938204114,346.67077432509825,35.47495156310977,18.35938243824067,65.89635585753204
815.3231780693134,-493.02750212541594,346.7277405859462,35.47495156310977,18.35938243824067,65.89635585753204
814.3822327003593,-491.95995500919173,348.02194864492606,35.47495156310977,18.35938243824067,65.89635585753204
813.4337692760182,-491.3709700804826,349.3557207057539,35.47495156310977,18.35938243824067,65.89635585753204
812.1634633077826,-491.2955304388745,349.4720653838757,35.47495156310977,18.35938243824067,65.89635585753204
810.892659592731,-491.2199203101442,349.5889583736862,35.47495156310977,18.35938243824067,65.89635585753204
