x,y,z,roll,pitch,yaw
917.6723611000457,-492.25091708270884,340.7527002480821,-0.00021895261766035061,5.0535703948809376e-05,15.254268809983705
910.834345600415,-487.96575288440727,346.6585373454294,-0.00021895261766035061,5.0535703948809376e-05,15.254268809983705
907.4153378505996,-485.82317078525637,349.6114558941031,-0.00021895261766035061,5.0535703948809376e-05,15.254268809983705
