x,y,z,roll,pitch,yaw
913.836862861288,-496.4007721160778,343.96524289052104,20.65435926483269,12.898487438171568,58.93375466418233
911.2280756913407,-486.73638142137503,344.1659687196436,20.65435926483269,12.898487438171568,58.93375466418233
910.3329237336709,-484.60367011330464,344.369850453358,20.65435926483269,12.898487438171568,58.93375466418233
908.8424259776061,-482.6172600614704,344.70353351305835,20.65435926483269,12.898487438171568,58.93375466418233
907.1994094321531,-480.70365175172475,345.05562080083985,20.65435926483269,12.898487438171568,58.93375466418233
905.6149072879497,-478.87797279195337,346.3439542370611,20.65435926483269,12.898487438171568,58.93375466418233
903.6585817891382,-477.33248216863586,346.7331309454911,20.65435926483269,12.898487438171568,58.93375466418233
901.2003796390009,-476.84487533706596,346.26173565088413,20.65435926483269,12.898487438171568,58.93375466418233
898.602229998889,-476.81685922063235,345.80727255701913,20.65435926483269,12.898487438171568,58.93375466418233
