x,y,z,roll,pitch,yaw
917.6723611000457,-492.25091708270884,340.7527002480821,37.951003383898254,16.3104446975188,70.46868174509747
910.7352241025374,-487.99422741550654,345.86517758872833,37.951003383898254,16.3104446975188,70.46868174509747
910.0592517056564,-486.3440218650177,349.1262695368954,37.951003383898254,16.3104446975188,70.46868174509747
908.947168361892,-484.87639118529023,349.3123856306378,37.951003383898254,16.3104446975188,70.46868174509747
907.7040088064869,-483.3577758074912,350.5919151101739,37.951003383898254,16.3104446975188,70.46868174509747
906.2904298502165,-481.90980874705133,351.9119778525654,37.951003383898254,16.3104446975188,70.46868174509747
904.8655455324401,-480.78111643092325,353.235259082865,37.951003383898254,16.3104446975188,70.46868174509747
903.2675986459429,-479.9765645312341,354.6212301796495,37.951003383898254,16.3104446975188,70.46868174509747
901.3252431918103,-479.7310156013806,355.00247735401683,37.951003383898254,16.3104446975188,70.46868174509747
899.3792837598862,-479.58898818212253,356.4524434909015,37.951003383898254,16.3104446975188,70.46868174509747
897.4169702375814,-479.53051146125415,357.87880055712753,37.951003383898254,16.3104446975188,70.46868174509747
