x,y,z,roll,pitch,yaw
453.76421604691353,969.8546841954858,727.115544418911,-89.40491077686839,15.67518827531166,0.07883013143414164
446.92989395601154,975.7842041010895,722.9431592245116,-89.40491077686839,15.67518827531166,0.07883013143414164
443.51273291056054,978.7489640538913,720.856966627312,-89.40491077686839,15.67518827531166,0.07883013143414164
