x,y,z,roll,pitch,yaw
921.493477823087,-496.1946609622471,342.1332453635183,35.24764676190529,30.020565888713755,54.7549560161719
916.514437206645,-489.1017210320189,347.37302905092815,-20.755831739040335,-32.12229251261071,35.426955153934166
915.5300489209963,-486.8996281132921,346.61407452043954,31.538343095436694,29.330631860936187,51.46133765063779
914.1023879082941,-484.838406980311,347.89997600269044,7.5620015899999675,9.010943338651304,40.14026595191883
912.5906688599969,-482.9709751347689,348.21423252840975,8.021292987977171,7.991965335250229,45.23662970237619
910.7722603406103,-481.09817484604196,348.5777378200622,49.07794400445239,24.23949048409813,70.44977368813589
909.0659506015573,-479.3977592161766,350.8689674411496,10.67128943428554,2.547538563897363,76.5558619156195
906.765641884876,-478.8291822782887,351.31475638330585,30.792529951103496,0.9382051902329516,88.32191352644735
904.3469198229811,-478.73575366212947,352.75691179551234,29.145675995392637,0.8451106099316134,88.37800931895359
901.7483147758802,-478.6419869400311,354.2066535691556,-60.751109846143265,-12.615816281615306,83.06677445668754
899.7707869506594,-477.58461601436545,350.5610388787037,-90.38685463644609,40.515147678557135,-0.6139833141698782
