x,y,z,roll,pitch,yaw
169.4924107713681,-487.7170823382802,347.08455518575954,-0.00021904820134575778,5.074713707170253e-05,15.254269799839845
162.33662474931867,-486.93950965944236,352.58674615287157,-0.04853703498775807,-0.4948160103174445,14.897295386620879
156.0064199378898,-474.3118198144655,354.5190365961655,5.313180423363996,1.6241599899277683,39.91059158288999
153.0956066191814,-471.0097427971334,355.49819221498285,-0.5511013968913896,-0.47009961288604857,71.11076374087737
