x,y,z,roll,pitch,yaw
170.11121993527897,-490.6642877169221,344.8381481903117,35.24764676190529,30.020565888713755,54.7549560161719
165.1357223607002,-483.52934886395497,350.0465149276778,61.6327445445473,43.71583911452286,69.5690891952482
164.40925552619353,-481.23290395361244,352.03333384750385,4.246876959762814,5.7108728623185,36.53587311254036
162.85984334745422,-479.11246020056933,352.22667081407985,27.404775177240246,28.672848929990842,47.137906000601134
161.47494548882074,-476.9961151982418,353.34170565717443,46.38286677076721,30.70592267943333,64.09726060546494
159.92902814744073,-474.86027146140884,355.4401605297776,24.65564630698701,20.581478406274446,52.4633630173911
158.0432234648482,-472.8611734796044,356.6047939046068,5.965323553091029,1.8029045899480824,72.99519686990958
155.6744366476321,-472.1301531552716,356.86341621193924,26.013682430468478,2.3354922147681445,85.11611967192962
153.12708844085495,-471.86270305768824,358.1119555818377,5.415617231854871,-0.10255445735661689,91.39692278566582
150.42429605509273,-471.9270906958071,358.36822971184745,44.81035795301831,15.774069088108611,74.73966882552924
148.44890087860034,-470.7690588002894,360.4823526911815,-90.38685463644609,40.515147678557135,-0.6139833141698782
