x,y,z,roll,pitch,yaw
170.1139258893644,-488.35015538209893,345.44784246554025,41.693274876649255,23.366904536133845,66.14400462313927
164.29034223604654,-482.8557465516809,351.43822035987375,40.56698237318674,46.51386792914259,49.85152962361346
163.70432163250697,-481.0457554505716,352.39381661560776,31.404655620749253,33.22770266433499,48.25874656896414
162.66318910695588,-479.2199859766073,353.41485461508364,54.48956914483531,35.522710943896655,67.59350530151086
161.62114986636882,-477.2927292521846,355.3571876556201,30.55024263433992,28.32904720447734,50.9620409887082
160.4085977638147,-475.5868709719632,356.4004186773958,26.939442318545087,23.423697232328635,51.70640253380596
158.88056139650115,-473.7902039210593,357.474844866984,50.302336957260856,26.89282075846691,69.54076647223168
157.4877500792715,-472.1837984623529,359.48430945355096,58.768816631132054,17.320316254794104,79.86640081670616
155.7516863078243,-470.9091662708054,362.5318013821741,28.637964185796005,1.2822811738241664,87.3249824554643
153.54779700628245,-470.7823849336007,363.7365832562949,28.117305414534407,1.242090376833817,87.3457124912958
151.32578674752813,-470.6568463439688,364.925120348091,-90.49044624088025,40.81409730356799,-0.537806985192738
