x,y,z,roll,pitch,yaw
169.49241077154994,-487.7170823400546,347.0845542476851,-0.00021895261766035061,5.0535703948809376e-05,15.254268809983705
162.0596722506084,-482.12553500065303,350.7572911604715,-0.00021895261766035061,5.0535703948809376e-05,15.254268809983705
158.34330299013772,-479.32976133095224,352.59365961686467,-0.00021895261766035061,5.0535703948809376e-05,15.254268809983705
