x,y,z,roll,pitch,yaw
-614.1373995404414,607.931886783142,907.485374059909,-90.46994766590153,45.39386022942498,-3.8033361504098777
-621.2307646976523,608.3445424292642,900.4719358064847,-90.46994766590153,45.39386022942498,-3.8033361504098777
-624.754300815972,606.9423658623638,897.2224376475729,-90.46994766590153,45.39386022942498,-3.8033361504098777
