x,y,z,roll,pitch,yaw
-322.75334765889005,881.512020229877,894.0849172325604,-90.44141093312928,45.41060956522565,-2.282678698975883
-331.3994382925516,881.5944545620575,889.0968513076805,-90.44141093312928,45.41060956522565,-2.282678698975883
-335.72248360938244,881.6356717281478,886.6028183452405,-90.44141093312928,45.41060956522565,-2.282678698975883
