x,y,z,roll,pitch,yaw
784.9902442986995,-501.4922544915255,335.2747685192653,35.211284926101364,30.065371124317224,54.79171102717193
779.5234915411243,-496.4843106109456,341.30230569624655,34.05430972000128,29.826966747952536,54.48694432968008
773.3882609149526,-488.749946353984,346.59942560900845,33.34927213287049,29.770992603436625,54.72770106618506
