x,y,z,roll,pitch,yaw
597.6294823021897,-496.4811861317118,358.0106224202592,-0.0006517209096956444,0.00030475620522674976,25.20265977715654
595.8840704711356,-497.38761620311135,355.8177581589782,0.07298124589668917,-0.15252690112613027,25.38268812435878
590.3336513605593,-486.55497784388325,356.2010222986505,-0.6565377649408148,-0.12271909637268294,25.405190862612386
