x,y,z,roll,pitch,yaw
-571.0082380600228,629.4920948836333,904.1188988578629,-90.46990853988727,56.9457751314148,-16.6351642086552
-578.046935760274,630.0209863712662,897.1287570797747,-90.46990853988727,56.9457751314148,-16.6351642086552
-578.5011599753311,630.3336562296008,896.2551349761254,-90.46990853988727,56.9457751314148,-16.6351642086552
-579.2342581124552,630.4546634354648,895.4906376437863,-90.46990853988727,56.9457751314148,-16.6351642086552
-580.1539515770976,630.4431781340155,894.7229699775627,-90.46990853988727,56.9457751314148,-16.6351642086552
-581.6441086115892,631.3549246759185,893.8662067101486,-90.46990853988727,56.9457751314148,-16.6351642086552
-582.4818653503465,631.4059585947085,893.142795037418,-90.46990853988727,56.9457751314148,-16.6351642086552
-583.7062396226846,631.8541178665364,892.2545961583398,-90.46990853988727,56.9457751314148,-16.6351642086552
-584.644811019119,631.8337065920226,891.5211423663413,-90.46990853988727,56.9457751314148,-16.6351642086552
