x,y,z,roll,pitch,yaw
-571.0082380600228,629.4920948836333,904.1188988578629,-90.27513223276942,45.430016682231766,-4.5454395124345055
-578.0997858979671,630.0273772238205,897.1083476755064,-90.27513223276942,45.430016682231766,-4.5454395124345055
-582.1190826449503,631.1964720361395,894.3897822476598,-90.27513223276942,45.430016682231766,-4.5454395124345055
