x,y,z,roll,pitch,yaw
582.173439090212,-511.3977471087417,333.5907790581981,43.025993860038426,24.96206524199329,65.86182327772947
575.8755017927949,-502.0381825861443,341.99409576248195,42.01468361030835,24.752207713399777,65.52544631300248
567.9887418744369,-493.09925381268266,350.8300407385685,40.94038835948663,24.908785208384863,65.18143318696576
