x,y,z,roll,pitch,yaw
582.1734390928447,-511.39774711537774,333.5907772410835,35.194149689806736,30.086821278119288,54.814089850340046
577.1734390928447,-504.3266793035122,338.5907772410834,35.194149689806736,30.086821278119288,54.814089850340046
574.4317039867924,-501.5183589332466,341.6885547195657,35.194149689806736,30.086821278119288,54.814089850340046
