x,y,z,roll,pitch,yaw
278.7384576203437,-501.51673126403176,357.11178152186835,-1.1018144696108527,-1.3464105010907241,42.13696745038126
274.43750276059444,-492.4728913910754,356.7289787897547,-1.1018144696108527,-1.3464105010907241,42.13696745038126
273.49599248575225,-491.51178484476924,356.88379657254893,-1.1018144696108527,-1.3464105010907241,42.13696745038126
272.4356392151134,-490.6082233973487,357.05445345511987,-1.1018144696108527,-1.3464105010907241,42.13696745038126
271.2368306892355,-489.8290435178803,356.5525285952692,-1.1018144696108527,-1.3464105010907241,42.13696745038126
270.17623119031646,-489.0467376451275,356.71032809778706,-1.1018144696108527,-1.3464105010907241,42.13696745038126
269.11422334286215,-488.26363793209265,356.85932218269363,-1.1018144696108527,-1.3464105010907241,42.13696745038126
268.05065522966305,-487.5400436676345,357.00279815213605,-1.1018144696108527,-1.3464105010907241,42.13696745038126
266.9852240999318,-486.75697902918245,357.1363177418215,-1.1018144696108527,-1.3464105010907241,42.13696745038126
