x,y,z,roll,pitch,yaw
-672.7879844670923,571.6426062930886,898.6179657108639,-89.58655398552956,59.85445168971072,45.353701857008225
-675.8202994179151,568.4752353648585,889.6051916204885,-89.58655398552956,59.85445168971072,45.353701857008225
-676.633281940032,567.9630477078092,888.6517971884584,-89.58655398552956,59.85445168971072,45.353701857008225
-677.5449577153593,567.3837843975645,887.7569001695845,-89.58655398552956,59.85445168971072,45.353701857008225
-678.1146783051448,566.2076793166797,886.9847459539512,-89.58655398552956,59.85445168971072,45.353701857008225
-679.0170414557195,565.6188403494365,886.2110508962743,-89.58655398552956,59.85445168971072,45.353701857008225
-679.9146460062599,565.0224517672773,885.4365375981863,-89.58655398552956,59.85445168971072,45.353701857008225
-680.8092777317702,564.4210004362014,884.7215173810413,-89.58655398552956,59.85445168971072,45.353701857008225
-681.6992155738421,563.810716120405,883.9470033386698,-89.58655398552956,59.85445168971072,45.353701857008225
