x,y,z,roll,pitch,yaw
626.6863359813162,-514.0870987279103,340.84897669377347,35.2055860749739,30.072508653835104,54.803223031604496
621.6863359813161,-507.0160309160449,345.84897669377347,35.2055860749739,30.072508653835104,54.803223031604496
619.3555110105542,-502.9848496438749,347.67019400825814,35.2055860749739,30.072508653835104,54.803223031604496
