x,y,z,roll,pitch,yaw
628.7510253845369,-502.5394998683937,336.99143414031823,35.21564847765898,30.06004710352158,54.790327403982396
619.7840444371785,-495.31347448259123,343.20958024468575,37.34418559410225,18.474565597019698,70.05323935691767
613.8005425406724,-491.8109610495145,348.8511553098866,36.56676587643838,18.546860231866933,70.1435170650568
