x,y,z,roll,pitch,yaw
628.7510259765393,-502.5394997859722,336.9914317404257,35.21565003658205,30.06004758627332,54.79032781065471
621.7475587871068,-498.66897374877215,342.9889708625906,35.21565003658205,30.06004758627332,54.79032781065471
618.2458251923905,-496.7337107301721,345.98774042367313,35.21565003658205,30.06004758627332,54.79032781065471
