x,y,z,roll,pitch,yaw
941.1152350971619,-504.9221184347366,340.8752462479292,35.205584101662744,30.072507594894766,54.80322263410472
936.0739846030958,-497.20645116084233,347.3938371456942,27.590227252213353,24.344215196901448,61.727357882224354
927.6689766672939,-492.50245087330836,354.0097162870568,26.904883205353197,24.326481295586635,61.523835068731216
