x,y,z,roll,pitch,yaw
203.04842069424976,982.4659985057898,745.1076252361369,-89.32229086456228,25.64576281465439,0.42599938971383816
203.18529762903307,982.7925774075871,744.9894546686758,-89.23241984895438,25.67670935554287,0.4947010389895156
199.64974143616905,983.812716188457,732.0662949895074,-90.11212504229154,25.794406992535805,0.2703389071553458
