x,y,z,roll,pitch,yaw
671.0015974611633,-505.4453473458769,354.2883259188965,-3.2086910442583134,-3.6092545987693225,42.58759461581528
666.8574246361585,-496.3620305294525,354.7534684154368,-3.2087934677277197,-3.6092350703545257,42.58760243635077
658.500181577187,-490.2396122458844,354.43480207828566,-3.7697670394673684,-3.7567627633084077,42.78801682982142
