x,y,z,roll,pitch,yaw
671.0015974632507,-505.4453473455796,354.28832447300454,-3.208691092318041,-3.6092546653775797,42.587594330919764
666.8574249852467,-496.36203128116716,354.75346837179075,-3.208691092318041,-3.6092546653775797,42.587594330919764
665.8095845514265,-495.29403363296586,354.9332090677631,-3.208691092318041,-3.6092546653775797,42.587594330919764
664.6108151599609,-494.460982483216,354.345575506738,-3.208691092318041,-3.6092546653775797,42.587594330919764
663.5636660053597,-493.57134857011005,354.511232475469,-3.208691092318041,-3.6092546653775797,42.587594330919764
662.3737023914464,-492.8046149891258,353.9110562066144,-3.208691092318041,-3.6092546653775797,42.587594330919764
661.1903657600709,-492.0429306589461,353.30606621626214,-3.208691092318041,-3.6092546653775797,42.587594330919764
660.0294059654632,-491.1579671348715,353.46193329163543,-3.208691092318041,-3.6092546653775797,42.587594330919764
658.7283360972621,-490.59223783116244,352.1003434348951,-3.208691092318041,-3.6092546653775797,42.587594330919764
