x,y,z,roll,pitch,yaw
-378.09660778932323,830.5543033137368,899.592854131959,-89.71755384230332,25.243199158056377,41.648775524094575
-381.32612950342855,827.7240481527516,890.561803128209,-89.71755384230332,25.243199158056377,41.648775524094575
-384.06347217867636,824.3222439512479,888.1173671006386,-89.71755384230332,25.243199158056377,41.648775524094575
