x,y,z,roll,pitch,yaw
-847.6017497337939,336.89578153207174,897.964406682863,-89.49885793841122,45.20251490347251,46.01877680504076
-854.3304876042682,331.74678347508126,892.6651675034459,-89.49885793841122,45.20251490347251,46.01877680504076
-857.6948565395054,329.17228444658605,890.0155479137374,-89.49885793841122,45.20251490347251,46.01877680504076
