x,y,z,roll,pitch,yaw
-449.863865867742,768.271345610562,890.0064366515865,-89.7027948835856,23.969765004848036,44.65264406702855
-450.97127688720695,767.5985151004531,885.2454686460555,-89.7027948835856,23.969765004848036,44.65264406702855
-450.59826618128614,766.8896408894536,883.6509824655567,-89.7027948835856,23.969765004848036,44.65264406702855
-450.2818462596021,765.2272193029952,882.1547794515461,-89.7027948835856,23.969765004848036,44.65264406702855
-451.06247964333454,764.7648239137428,880.7539951950648,-89.7027948835856,23.969765004848036,44.65264406702855
-451.3405217229465,763.6707612184923,879.3191952067309,-89.7027948835856,23.969765004848036,44.65264406702855
-452.10933610595305,763.195010464095,877.8571634508396,-89.7027948835856,23.969765004848036,44.65264406702855
-452.8732319708205,762.7126438679945,876.4581533215355,-89.7027948835856,23.969765004848036,44.65264406702855
-453.63236300570577,762.2231091347286,875.0582827424053,-89.7027948835856,23.969765004848036,44.65264406702855
