x,y,z,roll,pitch,yaw
-114.51187863095066,940.8305690298637,718.994610317799,-89.25480948919304,15.992541897314137,-0.06275540437152713
-114.51187863095066,940.8305690298637,718.994610317799,-89.25480948919304,15.992541897314137,-0.06275540437152713
-118.13012886634328,940.4441721738895,715.5581556869635,-89.25480948919304,15.992541897314137,-0.06275540437152713
