x,y,z,roll,pitch,yaw
461.71754348139564,-480.5249393811554,359.4150477481504,-89.4620256904843,1.0877420592090217,16.319004472279918
461.71754348139564,-480.5249393811554,359.4150477481504,-89.4620256904843,1.0877420592090217,16.319004472279918
458.13589533778986,-477.0615312613335,358.99480880307715,-89.4620256904843,1.0877420592090217,16.319004472279918
