x,y,z,roll,pitch,yaw
461.71754349533217,-480.52493935044583,359.4150486725714,-89.46202563383198,1.0877419627353984,16.319004731589157
461.2081967798322,-477.8642653714138,359.5256264749786,-88.6165721223986,6.3906792487326225,23.368040434393333
458.60940784208543,-471.27980699978974,359.634155977066,-89.39099820649014,6.933105584797787,29.93028376145447
453.99195595007706,-467.30525962907114,359.04195002656786,-91.20115243795746,8.513833255147315,51.353446058214445
448.7215967122686,-466.12441008165484,361.16419432569575,-102.96490709024913,20.42132993715788,78.42642488700439
