x,y,z,roll,pitch,yaw
-827.4385476430662,430.4909471904451,900.8125287029318,-89.68905210756358,52.99495278776222,33.654414284013235
-834.711008504738,431.16486725704374,893.7404153032217,-89.68905210756358,52.99495278776222,33.654414284013235
-834.723347557729,430.30808718791474,892.7020050068985,-89.68905210756358,52.99495278776222,33.654414284013235
-835.4721423632653,429.6689256823067,891.7368224846555,-89.68905210756358,52.99495278776222,33.654414284013235
-836.5817371862876,429.54654170269515,890.7718949750578,-89.68905210756358,52.99495278776222,33.654414284013235
-837.323030965436,428.8938614066306,889.8043578187543,-89.68905210756358,52.99495278776222,33.654414284013235
-838.059195032344,428.2356405712695,888.8983265085187,-89.68905210756358,52.99495278776222,33.654414284013235
-838.7923449240758,427.57566360161337,888.1145887155105,-89.68905210756358,52.99495278776222,33.654414284013235
-839.9910290961318,427.35063566951334,887.384044590758,-89.68905210756358,52.99495278776222,33.654414284013235
