x,y,z,roll,pitch,yaw
-827.4385490759361,430.49094867696016,900.8125287683811,-89.68905164147155,52.99495084200795,33.6544144281475
-837.9138387519333,429.3809419727763,890.9800496105361,-89.97254768149475,52.89403407448156,33.67336798179543
-844.2707266824993,425.5590775563235,884.9752163920177,-90.55215339290919,52.76860441163609,33.65884381109715
