x,y,z,roll,pitch,yaw
166.68520202233597,-492.6520109614791,353.1085669478874,0.06274544121866034,-0.016579515144743255,14.816251637050442
164.0970115713107,-482.9927526985884,353.1085669478874,0.06274544121866034,-0.016579515144743255,14.816251637050442
160.27618355405872,-480.12258778869096,354.5794261024555,0.06274544121866034,-0.016579515144743255,14.816251637050442
