x,y,z,roll,pitch,yaw
778.9901244912223,-514.9357366708839,335.4460122674785,33.658404539374,31.072318670009192,52.397064408649
774.1182914834989,-507.8180258886867,340.7135815851426,33.65840453937399,31.072318670009192,52.39706440864901
773.5815057581285,-506.47773022730524,341.5422551856333,33.65840453937399,31.072318670009192,52.397064408649
773.1335917600592,-504.939133809383,342.2171539068423,33.65840453937398,31.072318670009192,52.397064408648994
772.7036363580064,-503.2969698293637,342.791388474623,33.65840453937399,31.072318670009192,52.397064408649
772.2207264206861,-501.6459714816912,343.31806961482823,33.658404539374,31.072318670009192,52.397064408649
771.613948816814,-500.08087196080925,343.85030805331144,33.658404539374,31.072318670009192,52.397064408649
770.8123904151059,-498.6964044611619,344.4412145159256,33.658404539374004,31.072318670009192,52.397064408649
769.7451380842776,-497.5873021771927,345.1438997285238,33.65840453937401,31.072318670009217,52.39706440864899
