x,y,z,roll,pitch,yaw
742.3643422942481,-501.4862893612241,339.55672245825633,31.505024391383927,15.926773343914105,66.05022014270196
735.2503499289128,-496.68309994957025,344.70790469283486,31.50502439138405,15.926773343914233,66.05022014270187
734.784111754298,-495.745382097098,344.6428648195932,31.50502439138404,15.926773343914233,66.05022014270187
734.0980879964843,-494.8652264666659,344.9459833691121,31.50502439138404,15.926773343914233,66.05022014270187
733.2474893970654,-494.0407472823934,345.5228055556472,31.50502439138405,15.926773343914233,66.05022014270187
732.2875266976358,-493.27005876840013,346.2788765934532,31.50502439138405,15.926773343914233,66.05022014270185
731.2734106397897,-492.5512751488055,347.11974169678604,31.50502439138405,15.926773343914233,66.05022014270185
730.2603519651216,-491.88251064772913,347.95094607990063,31.505024391384033,15.926773343914233,66.05022014270186
729.3035614152254,-491.2618794892905,348.67803495705243,31.50502439138401,15.926773343914233,66.05022014270185
