x,y,z,roll,pitch,yaw
-522.400938101114,679.234264811718,921.1195298900072,-90.28876556937685,45.42578232388867,-3.5158015405133036
-525.861346138057,677.0670911001766,911.992227901098,-90.28876556937685,45.42578232388867,-3.5158015405133036
-527.5915501565285,675.9835042444059,907.4285769066433,-90.28876556937685,45.42578232388867,-3.5158015405133036
