x,y,z,roll,pitch,yaw
740.1652135895462,-503.7722960784577,339.5842204655935,33.841745931151905,22.63871744389674,60.27969445251575
735.2503499289128,-496.68309994957025,344.70790469283486,33.841745931151934,22.63871744389673,60.279694452515734
734.784111754298,-495.745382097098,344.6428648195932,33.84174593115193,22.63871744389674,60.27969445251572
734.0980879964843,-494.8652264666659,344.9459833691121,33.84174593115192,22.638717443896756,60.2796944525157
733.2474893970654,-494.0407472823934,345.5228055556472,33.84174593115194,22.638717443896766,60.27969445251571
732.2875266976358,-493.27005876840013,346.2788765934532,33.84174593115191,22.638717443896766,60.27969445251571
731.2734106397897,-492.5512751488055,347.11974169678604,33.84174593115191,22.638717443896756,60.27969445251572
730.2603519651216,-491.88251064772913,347.95094607990063,33.84174593115192,22.63871744389674,60.279694452515734
729.3035614152254,-491.2618794892905,348.67803495705243,33.841745931151905,22.63871744389674,60.27969445251575
