x,y,z,roll,pitch,yaw
811.6919655047691,-493.11980713503516,352.1209405682122,-0.0031112853234207013,0.0002662462995295762,5.148003859964634
810.8361281480788,-483.07096908194825,352.0225520541037,6.752769523686736,5.034693708511289,53.67653107852776
810.0782513223323,-480.70363100373953,352.5423726116908,6.752769523686749,5.034693708511289,53.676531078527766
808.8989715658181,-478.21162784284064,352.7346117264543,6.752769523686748,5.034693708511289,53.676531078527766
807.3335242800786,-475.78651257034034,352.75782391340636,6.752769523686734,5.034693708511289,53.67653107852776
805.4171448666564,-473.6198381573275,352.77056368755893,6.752769523686721,5.034693708511289,53.676531078527766
803.1850687270936,-471.9031575748907,352.931385563924,6.75276952368671,5.034693708511289,53.67653107852777
800.672531262933,-470.8280237941188,353.3988440575133,6.752769523686685,5.034693708511289,53.67653107852778
797.9147678757168,-470.58598978610047,354.3314936833391,6.75276952368664,5.034693708511289,53.6765310785278
