x,y,z,roll,pitch,yaw
-330.8342673126307,973.2657452410028,736.1531104930999,-87.41556119724713,74.22767712872042,-2.460162077086644
-335.99221777211983,978.3998613580211,729.2086410373475,-87.41556119724713,74.22767712872042,-2.460162077086644
-336.97430907125215,978.4566881480062,728.413467645513,-87.41556119724713,74.22767712872042,-2.460162077086644
-338.0778123591782,978.5232096568291,727.9240868046866,-87.41556119724713,74.22767712872042,-2.460162077086644
-339.13767726593085,977.9275219077308,727.6216618522083,-87.41556119724713,74.22767712872042,-2.460162077086644
-340.28644611885716,978.6360709384464,727.068245050305,-87.41556119724713,74.22767712872042,-2.460162077086644
-341.39143894671395,978.682595693897,726.701919066255,-87.41556119724713,74.22767712872042,-2.460162077086644
-342.49702095312796,978.7214411142422,726.3359200447015,-87.41556119724713,74.22767712872042,-2.460162077086644
-343.7238331235173,978.7659939088054,726.27656363072,-87.41556119724713,74.22767712872042,-2.460162077086644
