x,y,z,roll,pitch,yaw
73.50528767225461,-489.0297163862733,348.0779626061276,-0.049345273218121134,0.01334566848685275,15.142644365365951
65.96234410037584,-483.47527245612434,351.5782704352025,-0.049345273218121134,0.01334566848685275,15.142644365365951
62.190872314436376,-480.6980504910499,353.3284243497401,-0.049345273218121134,0.01334566848685275,15.142644365365951
