x,y,z,roll,pitch,yaw
186.77609199399348,-506.6511199838716,332.83146002081924,42.82790618780215,25.285281707988467,65.39327763992088
181.35202561790862,-500.93564416548736,339.1486775595348,88.35455767186869,26.016506790073077,89.34196266133306
181.29135875941193,-499.7905346188546,341.4982631932853,31.978865354491965,24.459245607274866,56.216399008617365
180.48343130742361,-498.8869700317465,342.16320420840395,3.02990324640349,2.9557238560933428,44.897891609992634
179.68979736455233,-498.08966128088764,342.2219218916292,31.31165094497926,24.215176678593394,55.77370657449497
178.87373023553687,-497.1783937778565,342.87838680673053,2.567292761997889,2.335582264720689,46.729756469287864
177.96271130358707,-496.32144816515085,342.9336229438991,31.361204878224267,23.02928025443044,57.06700225078748
177.13805935573788,-495.4596019264259,343.58256269983497,31.817863787488097,21.94580885540967,58.69756525386202
176.3080199413772,-494.6501870031483,344.23073827396456,32.611895648097,4.361731640615972,82.93670814794147
175.24438693186403,-494.46678231033025,344.9180411691425,53.22485583049537,18.77193296306745,76.58165398773268
174.3679585795996,-493.81296504392105,346.1918323445303,-90.33568424566863,41.35533345616059,-0.5585399584291046
