x,y,z,roll,pitch,yaw
-289.9573615938542,966.7094432326284,741.221827921642,-89.78603370519033,45.75021837883831,-42.65169743499304
-383.97412867924373,1030.611863246416,732.1271188519032
-384.70755557544,1031.2581260193201,730.9599290007362
-385.62412519827444,1031.5307221237915,730.0031203791442
-386.6714908811259,1031.551198223374,729.1980861671375
-387.7973059573733,1031.4411009816113,728.4862195447264
-388.9492237603954,1031.3219770620462,727.8089136919214
-390.074897623571,1031.3153731282223,727.1075617887326
-391.12198088027924,1031.5428358436832,726.3235570151705
