x,y,z,roll,pitch,yaw
-818.2089673282142,437.7796002149032,888.4912612166855,-89.76167442574987,36.23761367812244,28.674243224098625
-826.2947651674235,435.53943265798296,882.9955825309444,-89.76167442574987,36.23761367812244,28.674243224098625
-827.0502748712654,435.03062270243214,880.8810615568136,-89.76167442574987,36.23761367812244,28.674243224098625
-828.7143036991627,434.9080102026144,878.9198639268918,-89.76167442574987,36.23761367812244,28.674243224098625
-830.1013644559431,433.975661895971,876.9440274197409,-89.76167442574987,36.23761367812244,28.674243224098625
-832.5608269195503,434.291301651863,874.8793723030387,-89.76167442574987,36.23761367812244,28.674243224098625
-834.6215566941162,433.8833090585687,873.2589082963816,-89.76167442574987,36.23761367812244,28.674243224098625
-837.0837491708345,433.223506912387,872.5469419507245,-89.76167442574987,36.23761367812244,28.674243224098625
-839.6871543073152,432.4680549552691,872.3701888091388,-89.76167442574987,36.23761367812244,28.674243224098625
