x,y,z,roll,pitch,yaw
166.68520202233597,-492.6520109614791,353.1085669478874,17.55521551823952,11.812961395303883,56.64279461300895
164.08618199850895,-482.9384456883632,353.4638797252801,17.55521551823952,11.812961395303883,56.64279461300895
163.01626585171402,-480.81091343322015,352.6633647688943,17.55521551823952,11.812961395303883,56.64279461300895
161.66829744162823,-478.67907461313763,353.71217078427367,17.55521551823952,11.812961395303883,56.64279461300895
160.15574748682062,-476.54557442299205,353.8562650889588,17.55521551823952,11.812961395303883,56.64279461300895
158.6364478778347,-474.44504285466854,355.8205171853323,17.55521551823952,11.812961395303883,56.64279461300895
156.65412638663588,-472.59826928267574,355.99555206391244,17.55521551823952,11.812961395303883,56.64279461300895
154.34928480855967,-471.63715141362326,357.14603945377894,17.55521551823952,11.812961395303883,56.64279461300895
151.74628440097422,-471.54632727114887,357.4099303344626,17.55521551823952,11.812961395303883,56.64279461300895
