x,y,z,roll,pitch,yaw
332.80758980568675,995.5567575926958,731.1229628209383,-89.2621001379188,5.4698976743187515,2.2633495544369393
331.87582040623437,995.6482506215887,721.1668849122959,-89.2621001379188,5.4698976743187515,2.2633495544369393
327.87752220987073,996.1100270128255,718.2044426223957,-89.2621001379188,5.4698976743187515,2.2633495544369393
