x,y,z,roll,pitch,yaw
264.0383129007184,980.0557353431034,739.7131732818617,-89.41815890635428,62.11587909178169,-32.2198633311343
167.29922918337525,1047.0890850361202,702.7972220811872
166.829970223222,1047.0169709159213,701.8613607156994
166.1283420764837,1047.303014808112,700.9890622290775
165.2528637702554,1047.8551149451735,700.1769066110074
164.26205433163207,1048.5811695595862,699.4214738511756
163.21443278770872,1049.3890768838312,698.7193439392684
162.16851816558034,1050.1867351503888,698.0670968649719
161.18282949234197,1050.88204259174,697.4613126179723
