x,y,z,roll,pitch,yaw
744.190244510491,-498.59052361554296,343.19357047304527,28.891250344100303,15.588578389047749,64.20766461737767
736.963726655968,-493.59520536086785,347.57910036322494,28.891250344100015,15.588578389047571,64.20766461737765
736.5506733814223,-492.6110285784445,348.07544080449975,28.891250344100015,15.588578389047571,64.20766461737765
735.8865238589403,-491.71353692123097,348.68597936739116,28.891250344100015,15.588578389047571,64.20766461737765
735.0379376248165,-490.8931188085309,349.3432937756078,28.891250344100015,15.588578389047571,64.20766461737765
734.0715742153459,-490.14016265964773,349.9799617528579,28.891250344100023,15.588578389047571,64.20766461737765
733.0540931668227,-489.44505689388524,350.5285610228499,28.891250344100033,15.588578389047571,64.20766461737765
732.0521540155419,-488.7981899305467,350.92166930929227,28.891250344100055,15.588578389047571,64.20766461737766
731.1324162977978,-488.18995018893617,351.09186433589355,28.89125034410006,15.588578389047571,64.20766461737766
