x,y,z,roll,pitch,yaw
785.9927992229566,-501.0889312993778,329.81505682035515,35.19145219495305,30.090189092090156,54.81876395145676
780.5132292404289,-495.2603532041287,335.8152226675768,35.19145219495305,30.090189092090156,54.81876395145676
777.7734442491651,-492.3460641565042,338.81530559118767,35.19145219495305,30.090189092090156,54.81876395145676
