x,y,z,roll,pitch,yaw
785.9927992229566,-501.0889312993778,329.81505682035515,41.612355809177664,25.585971326324106,64.27704812828097
780.5264434176157,-495.23830021809204,336.2137453273924,41.612355809177664,25.585971326324106,64.27704812828097
780.7890769916954,-494.1909655479194,335.5231244971292,41.612355809177664,25.585971326324106,64.27704812828097
779.8368195249619,-493.48117641367605,336.2141114572487,41.612355809177664,25.585971326324106,64.27704812828097
778.9523456333238,-492.45716946516904,337.49260213471075,41.612355809177664,25.585971326324106,64.27704812828097
778.1734728334579,-491.47985047221675,338.7736226618106,41.612355809177664,25.585971326324106,64.27704812828097
777.3161435620588,-490.5110535896713,339.45866122679877,41.612355809177664,25.585971326324106,64.27704812828097
776.3375032060821,-489.53593962541606,340.16467482241933,41.612355809177664,25.585971326324106,64.27704812828097
775.4059023018668,-488.6990791127964,340.25247774500076,41.612355809177664,25.585971326324106,64.27704812828097
774.1250202728781,-488.4600024476605,340.4141432958668,41.612355809177664,25.585971326324106,64.27704812828097
773.3681985364699,-487.6602368475951,343.63907916433595,41.612355809177664,25.585971326324106,64.27704812828097
