x,y,z,roll,pitch,yaw
-289.9573615938542,966.7094432326284,741.221827921642,-89.78603370519033,45.75021837883831,-42.65169743499305
-295.17458945779504,971.5913645553824,734.2443072165578,-89.78603370519033,45.75021837883831,-42.65169743499305
-299.43400314958427,971.843317639283,731.6411269161542,-89.78603370519033,45.75021837883831,-42.65169743499305
