x,y,z,roll,pitch,yaw
-309.2183587876826,934.095493740015,724.2046281697322,-89.22511207976459,15.61773855271175,-0.010711183938875008
-316.17398725425693,938.9329609147185,718.9079056837563,-89.22511207976459,15.61773855271175,-0.010711183938875008
-319.6518014875441,941.3516945020702,716.2595444407684,-89.22511207976459,15.61773855271175,-0.010711183938875008
