x,y,z,roll,pitch,yaw
741.8832419250245,-500.6688163976872,342.84973957635077,35.23388937682648,30.037709833366637,54.84862423521055
736.8832419250245,-493.59774858582165,347.84973957635066,35.23388937682648,30.037709833366637,54.84862423521055
733.2297406322914,-491.1013610709609,350.1778241280034,35.23388937682648,30.037709833366637,54.84862423521055
