x,y,z,roll,pitch,yaw
740.1652135895462,-503.7722960784577,339.5842204655935,35.23388937682648,30.037709833366637,54.84862423521055
735.1652135895463,-496.7012282665922,344.5842204655935,35.23388937682648,30.037709833366637,54.84862423521055
731.5656492371954,-494.30869771927615,347.0979694692621,35.23388937682648,30.037709833366637,54.84862423521055
