x,y,z,roll,pitch,yaw
-277.96866037511546,887.1777102449441,893.7101924129281,-90.5235884956681,45.38785240182477,-4.409336010390312
-286.06020043773003,888.1019028190628,887.9460668857948,-90.5235884956681,45.38785240182477,-4.409336010390312
-290.1059704690373,888.5639991061222,885.0640041222282,-90.5235884956681,45.38785240182477,-4.409336010390312
