x,y,z,roll,pitch,yaw
-747.9688523026435,501.42086035739464,891.0818582561158,-89.63902683217322,55.255904314985834,19.91763960561304
-750.2465512100939,499.984475246927,881.3879600654552,-89.63902683217322,55.255904314985834,19.91763960561304
-750.5537308266267,498.67437168840104,879.2637747596042,-89.63902683217322,55.255904314985834,19.91763960561304
-752.2720713593096,498.58873663540794,877.1463112636907,-89.63902683217322,55.255904314985834,19.91763960561304
-753.5274308622785,497.7074129714656,875.0238234182715,-89.63902683217322,55.255904314985834,19.91763960561304
-755.969520076799,498.20589223116804,872.9433529890304,-89.63902683217322,55.255904314985834,19.91763960561304
-757.5978495028137,497.04095581831166,871.1109104449374,-89.63902683217322,55.255904314985834,19.91763960561304
-760.096076342932,496.40741216604283,870.1710984051958,-89.63902683217322,55.255904314985834,19.91763960561304
-762.2368023353114,494.905133886077,870.0991791925085,-89.63902683217322,55.255904314985834,19.91763960561304
