x,y,z,roll,pitch,yaw
261.85407230469417,979.9639715845301,742.0116035686527,-89.6020963057723,53.93304873530995,-37.435780383063744
167.11529178395722,1038.9062546796486,697.5813050292579
166.64603282380398,1038.8341405594497,696.6454436637702
165.94440467706568,1039.1201844516404,695.7731451771482
165.06892637083735,1039.6722845887018,694.9609895590781
164.07811693221402,1040.3983392031146,694.2055567992463
163.03049538829066,1041.2062465273596,693.5034268873391
161.9845807661623,1042.0039047939172,692.8511798130426
160.99889209292394,1042.6992122352683,692.245395566043
