x,y,z,roll,pitch,yaw
265.71529205878534,983.8017075902542,736.854683870152,-89.38175046149934,60.74430906971914,-29.772566214020795
168.9263050791331,1048.696231064129,702.1846134159914
168.4898897396953,1049.1878641806213,701.2092854420107
167.79905244545313,1049.78222384464,700.3235197528737
166.9227403274183,1050.4147888096538,699.5164580966954
165.92990051660266,1051.021037829132,698.7772422215902
164.88948014401794,1051.536449656543,698.0950138756732
163.87042634067586,1051.896503045356,697.458914807059
162.9416862375883,1052.03667674904,696.8580867638627
