x,y,z,roll,pitch,yaw
778.9901244912223,-514.9357366708839,335.4460122674785,35.23388937682648,30.037709833366637,54.84862423521055
773.9901244912223,-507.8646688590184,340.44601226747864,35.23388937682648,30.037709833366637,54.84862423521055
771.6635633337928,-504.054039060757,342.69683738759375,35.23388937682648,30.037709833366637,54.84862423521055
