x,y,z,roll,pitch,yaw
-330.8342673126307,973.2657452410028,736.1531104930999,-89.5930573456689,45.799422086543736,-42.63363352317413
-336.039090637256,978.1744727805496,729.1818274225753,-89.5930573456689,45.799422086543736,-42.63363352317413
-340.82762400148493,978.598473011482,727.8157852080582,-89.5930573456689,45.799422086543736,-42.63363352317413
