x,y,z,roll,pitch,yaw
347.3473432593549,-500.0684391549386,339.6275604856029,40.30952352638289,22.83821349432491,65.60842451572819
340.84504151985345,-496.50139918345894,346.7626790313776,40.30952352638289,22.83821349432491,65.60842451572819
340.694841437593,-495.53279400501253,347.9674556879835,40.30952352638289,22.83821349432491,65.60842451572819
339.8668798291364,-494.7802285872996,348.64585502206853,40.30952352638289,22.83821349432491,65.60842451572819
338.9178808122978,-494.31361152295665,349.3424425168282,40.30952352638289,22.83821349432491,65.60842451572819
337.96305922774394,-493.84412913145,350.0373163398482,40.30952352638289,22.83821349432491,65.60842451572819
337.09086735708723,-493.2536279530791,351.3440770428856,40.30952352638289,22.83821349432491,65.60842451572819
336.12065531030953,-492.777816305363,352.03645669051673,40.30952352638289,22.83821349432491,65.60842451572819
335.14490938069457,-492.41720114525344,352.7317187129613,40.30952352638289,22.83821349432491,65.60842451572819
333.92630983986805,-492.35052746216763,353.4497946179689,40.30952352638289,22.83821349432491,65.60842451572819
332.89646459001267,-492.101340327967,354.7868147269148,40.30952352638289,22.83821349432491,65.60842451572819
