x,y,z,roll,pitch,yaw
-615.8316759467594,595.7294794665743,897.5081388175711,-89.93976045091274,45.540151194426805,-3.1619919948612707
-625.1601223252693,596.4799099522183,893.9098051785238,-89.93976045091274,45.540151194426805,-3.1619919948612707
-629.8243455145242,596.8551251950404,892.1106383590002,-89.93976045091274,45.540151194426805,-3.1619919948612707
