x,y,z,roll,pitch,yaw
342.1654920122148,-495.4759348034177,344.3097236849237,36.49261716973268,19.46293487292908,65.86155317643298
334.544294601703,-492.5852159608166,350.6998023247046,36.49261716973268,19.46293487292908,65.86155317643298
333.7451690380053,-492.017998951092,350.7884023288009,36.49261716973268,19.46293487292908,65.86155317643298
332.97092485940993,-491.58819133922196,352.16074883014744,36.49261716973268,19.46293487292908,65.86155317643298
332.1892229073153,-491.0719514654208,353.5354552693585,36.49261716973268,19.46293487292908,65.86155317643298
331.2212071668048,-490.5825838841516,353.6314938776933,36.49261716973268,19.46293487292908,65.86155317643298
330.41402453680377,-490.1746017125353,353.7092725495221,36.49261716973268,19.46293487292908,65.86155317643298
329.61731702257373,-489.64916723478285,355.0770448197735,36.49261716973268,19.46293487292908,65.86155317643298
328.6514941235913,-489.5372126649218,356.4993494544059,36.49261716973268,19.46293487292908,65.86155317643298
327.5124087148139,-489.5441126158036,356.6223990505273,36.49261716973268,19.46293487292908,65.86155317643298
326.53575656092477,-489.633476708914,356.72899885148934,36.49261716973268,19.46293487292908,65.86155317643298
