x,y,z,roll,pitch,yaw
-121.11566356179668,969.1355828799708,736.1324280858032,-89.91443513462288,45.81140924184189,-45.18274552254724
-128.90466547371994,974.7322516838476,733.3637368269235,-89.91443513462288,45.81140924184189,-45.18274552254724
-132.79916642968158,977.530586085786,731.9793911974837,-89.91443513462288,45.81140924184189,-45.18274552254724
