x,y,z,roll,pitch,yaw
342.33236702472857,-495.65388617756804,344.4115873275384,32.18677725446048,9.725346598922835,75.21432787962871
334.3445957648076,-492.6515604688307,349.09023911274414,32.18677725446048,9.725346598922835,75.21432787962871
333.78785901722154,-491.96150590542044,351.3786720055417,32.18677725446048,9.725346598922835,75.21432787962871
332.8730257891167,-491.4983637728736,350.3155425453202,32.18677725446048,9.725346598922835,75.21432787962871
332.03027714282075,-490.98750024390887,351.5168232068653,32.18677725446048,9.725346598922835,75.21432787962871
331.23115190421436,-490.58170195538156,351.5828115697012,32.18677725446048,9.725346598922835,75.21432787962871
330.3789375642526,-490.06472100065884,352.7969711349964,32.18677725446048,9.725346598922835,75.21432787962871
329.52064449403974,-489.62574711732094,354.02744926407183,32.18677725446048,9.725346598922835,75.21432787962871
328.5552549833503,-489.46394081894385,354.1299728726152,32.18677725446048,9.725346598922835,75.21432787962871
327.4291926610291,-489.46754396683326,354.2609562727515,32.18677725446048,9.725346598922835,75.21432787962871
326.4637081985628,-489.55328433211724,354.37763317947895,32.18677725446048,9.725346598922835,75.21432787962871
