x,y,z,roll,pitch,yaw
-650.0760569707448,586.2291804253721,891.1363563523411,-90.44141093312928,45.41060956522565,-2.282678698975883
-659.599231257734,584.6345809035927,888.6158351603924,-90.44141093312928,45.41060956522565,-2.282678698975883
-664.3608184012286,583.837281142703,887.3555745644181,-90.44141093312928,45.41060956522565,-2.282678698975883
