x,y,z,roll,pitch,yaw
342.33236702472857,-495.65388617756804,344.4115873275384,35.2197226197728,30.05554271023592,54.913516814443106
334.38948429621894,-492.59928837121123,349.66325812858304,35.2197226197728,30.05554271023592,54.913516814443106
330.4180429319641,-491.07198946803277,352.28909352910523,35.2197226197728,30.05554271023592,54.913516814443106
