x,y,z,roll,pitch,yaw
343.80388147811277,-493.2286673949906,344.6976592205033,29.67505583263314,7.380241566568933,77.03756055698452
335.5470773550105,-490.6411415736707,350.435142981996,4.849187582881611,2.877756592166249,58.716758012237456
334.74984899518813,-490.15418405928455,350.5138269814007,58.19910209421071,13.71690508009278,81.71609860161334
333.96681554186534,-489.71645848091674,351.82772644689635,4.981926569235748,2.032851292088213,67.13625966782983
333.00560349279726,-489.30981442063666,351.91823759719614,57.83246801462031,13.782066761006863,81.55957969875715
332.21157292547787,-488.86641040784804,353.2326484193154,-49.27084574713215,-8.488590833163974,82.93866004982847
331.24254321926554,-488.5773403136837,352.085608560041,57.431943101906576,13.841276156404373,81.39365606139499
330.44086751385424,-488.13051709218047,353.39322389107485,5.647519024503913,0.32355264388020927,85.93997789955948
329.31393769957896,-488.05204239016024,353.5048363816094,5.872601403638059,0.050275185842522725,90.31275799166293
328.3477779333988,-488.05543849338227,353.6042061360523,53.94652350284684,-1.3356425727139194,90.89770816266592
327.36914570971146,-488.10215159521925,354.9490865626718,-90.43452933834386,43.62615991336873,-0.590898615479597
