x,y,z,roll,pitch,yaw
344.2379918265113,-495.04770709166735,343.82558700096104,32.701718506121054,8.177648621530052,77.21342811462286
336.14010670692426,-492.38618004352486,349.25799570289917,57.75512772983483,18.152304124539903,78.98202009493518
335.3663840967671,-491.7967258067681,350.57342809748616,5.941890895288728,1.7079200939721493,73.22354763350242
334.5690067113147,-491.555617486232,350.6597838543107,4.887384088411147,2.3898884680873023,63.174234439890824
333.6113927273001,-491.0698294486649,350.7509553393754,57.59511523940628,15.954563325395313,80.20264583306091
332.82307792394846,-490.5537807657814,352.06215983663435,58.41680856915408,11.132141609325856,83.32484286820757
332.0282379750549,-490.1982224541557,353.38902883890466,4.720905928921481,1.9099044454253582,67.13138461172241
331.0618504004078,-489.7901184698985,353.475126628436,5.567445373303165,0.3691261491828939,85.27568568183513
330.095763186402,-489.7118794704005,353.56949248379385,54.487548631372434,0.8455768806930327,89.48679775253471
329.1243721250451,-489.6830947992803,354.9309147900872,5.708921772318788,-0.42862184653675606,95.20937748687507
328.15411772044285,-489.7701006287533,355.0281728147023,-90.36072073458767,43.028396489718595,-0.5593435947519255
