x,y,z,roll,pitch,yaw
-122.74214809426968,967.7807588290617,736.496367314122,-89.76802864492885,45.97710869277021,-44.90087747352258
-130.67914529548813,973.0602127599122,733.5880513383698,-89.76802864492885,45.97710869277021,-44.90087747352258
-134.64764389609738,975.6999397253375,732.1338933504937,-89.76802864492885,45.97710869277021,-44.90087747352258
