x,y,z,roll,pitch,yaw
343.80388158946954,-493.22866742723846,344.69766111877425,35.219797800011186,30.054863909439085,54.78173657944346
338.74060280559434,-492.7291677726675,343.39568938334025,37.99433518108917,16.59812465252159,72.32290874957768
331.05238018911695,-488.35643566164237,349.43476863497085,36.55359974113709,16.696180191415948,72.15901672980077
