x,y,z,roll,pitch,yaw
345.09476859185446,-501.0932369341097,335.8905515836809,35.331649873909,29.918049280076175,54.661466267559476
338.8350628977025,-495.7308569114827,342.21579090410603,37.137513456360445,17.841872557232552,71.49546907146406
330.68771524390115,-491.3655247463966,348.82486589228074,35.692445172975475,17.681006228181495,71.05639658622975
