x,y,z,roll,pitch,yaw
661.3964847125233,-507.45448374090597,335.26279078149014,-90.24671259407532,46.6979821812798,45.66435908805525
654.2876966872509,-502.09308830390233,339.8377789654129,-90.24671259407532,46.6979821812798,45.66435908805525
650.7333026746146,-499.4123905854003,342.12527305737444,-90.24671259407532,46.6979821812798,45.66435908805525
