x,y,z,roll,pitch,yaw
65.35556628205609,-501.15792568734776,353.8539141709514,6.1492186508925695,5.448024686677382,48.18549235261689
61.74130514275976,-497.6291036091469,353.43053964872024,6.1492186508925695,5.448024686677382,48.18549235261689
61.16889805769142,-495.95014006585416,355.7709287360283,6.1492186508925695,5.448024686677382,48.18549235261689
59.86675392065678,-494.6127640194578,355.9936594046436,6.1492186508925695,5.448024686677382,48.18549235261689
58.56170110922767,-493.2740986398526,356.202814019936,6.1492186508925695,5.448024686677382,48.18549235261689
57.2538477335105,-491.9342773081347,356.39819586475255,6.1492186508925695,5.448024686677382,48.18549235261689
55.94330725221886,-490.5934337539479,356.57964236812927,6.1492186508925695,5.448024686677382,48.18549235261689
54.63019723567487,-489.2517018755342,356.74701923018836,6.1492186508925695,5.448024686677382,48.18549235261689
53.179027976943814,-488.2974480240008,356.1794806471273,6.1492186508925695,5.448024686677382,48.18549235261689
