x,y,z,roll,pitch,yaw
887.4350200532454,-516.0139427154063,361.9331297705214,-0.0006517247919940315,0.0003047507204619793,25.20266010291026
882.3456138208228,-507.4242874133701,361.37119917553446,-0.0006517247919940315,0.0003047507204619793,25.20266010291026
879.8009107046114,-503.12945976235204,361.0902338780411,-0.0006517247919940315,0.0003047507204619793,25.20266010291026
