hook_num,trajectory_process,x_max_work,x_max_local,x_min_work,x_min_local,y_max_work,y_max_local,y_min_work,y_min_local,z_max_work,z_max_local,z_min_work,z_min_local,x_mean_work,x_mean_local,y_mean_work,y_mean_local,z_mean_work,z_mean_local,euclidean_max_work,roll_max,pitch_max,yaw_max
19,3,-2.17869455809705e-08,-1.17009728363918e-08,-2.78635514226482,-1.97729586932878,1.20523582573435,2.23503672205393,-0.339412757315642,1.91346508150339e-08,4.66348579311847,4.67760637274358,-3.4874119592132e-08,-3.48812604043894e-08,-1.17376081215737,-0.544875616676709,0.346623064830881,1.03059451278822,3.57031896857214,3.58830691329442,4.82011731507122,-2.10090893625129,-2.17649738397977,6.78888319649955
