hook_num,trajectory_process,x_max_work,x_max_local,x_min_work,x_min_local,y_max_work,y_max_local,y_min_work,y_min_local,z_max_work,z_max_local,z_min_work,z_min_local,x_mean_work,x_mean_local,y_mean_work,y_mean_local,z_mean_work,z_mean_local,euclidean_max_work,roll_max,pitch_max,yaw_max
12,4,38.0567851689946,25.1322157733735,37.9459276748839,24.4841620284619,-2.78569696025875,-28.7776288546558,-3.51735085566759,-29.2723615889673,6.40258277640078,6.40727143709229,2.89847513620293,1.89926091837864,38.0013388508324,25.0388786012656,-2.85907836052063,-28.7970775546353,3.03004585863858,2.25806991126079,38.6962332856804,1.45363912739999,0.62253548652827,0.158597732325006
