hook_num,trajectory_process,x_max_work,x_max_local,x_min_work,x_min_local,y_max_work,y_max_local,y_min_work,y_min_local,z_max_work,z_max_local,z_min_work,z_min_local,x_mean_work,x_mean_local,y_mean_work,y_mean_local,z_mean_work,z_mean_local,euclidean_max_work,roll_max,pitch_max,yaw_max
14,4,0.251572328439238,1.17922193563859e-05,8.60280579217942e-06,-0.442367679692201,8.07171670658136e-06,-3.36931160799494e-07,-0.806211698781226,-0.714979342959043,3.81973295178574,3.81278307695157,4.26827909905114e-07,4.16053118836087e-07,0.153843459272082,-0.298662059331056,-0.664015338415961,-0.649929904977487,3.20156642631708,3.19439937617207,3.90438207873957,1.61596179682672,1.25664743622101,0.000173330432538421
