hook_num,trajectory_process,x_max_work,x_max_local,x_min_work,x_min_local,y_max_work,y_max_local,y_min_work,y_min_local,z_max_work,z_max_local,z_min_work,z_min_local,x_mean_work,x_mean_local,y_mean_work,y_mean_local,z_mean_work,z_mean_local,euclidean_max_work,roll_max,pitch_max,yaw_max
4,4,-1.32786226458848e-10,-4.40252550914224e-10,-1.39439027509042,-1.06555446463066,0.0943624190740593,0.883503413746068,-0.249165972089486,-2.54712056272211e-10,3.1731661806964,3.20284320087736,-7.4764443525055e-08,-7.4763854782127e-08,-1.2884637656463,-0.891250129940653,-0.0512774430424517,0.817540575139151,2.77861125667055,2.81461917832773,3.40528506240064,1.62486477056661,1.06636396303918,1.42984532658375e-07
