hook_num,trajectory_process,x_max_work,x_max_local,x_min_work,x_min_local,y_max_work,y_max_local,y_min_work,y_min_local,z_max_work,z_max_local,z_min_work,z_min_local,x_mean_work,x_mean_local,y_mean_work,y_mean_local,z_mean_work,z_mean_local,euclidean_max_work,roll_max,pitch_max,yaw_max
1,4,1.90482212474308e-05,2.00178843518802e-05,-5.10210888105196,-2.27081365122032,1.97585076601388,4.954170547817,9.22167794215056e-06,-6.87793642665929e-06,1.02648284983081,1.0618298951156,5.99961958869244e-06,5.98730394705528e-06,-4.97184513112184,-2.17826048179884,1.90229587739979,4.85327930442604,0.813573666998042,0.836068218107841,5.5414697511258,0.438895836224238,0.000228254840618877,0.000162951987803694
