hook_num,trajectory_process,x_max_work,x_max_local,x_min_work,x_min_local,y_max_work,y_max_local,y_min_work,y_min_local,z_max_work,z_max_local,z_min_work,z_min_local,x_mean_work,x_mean_local,y_mean_work,y_mean_local,z_mean_work,z_mean_local,euclidean_max_work,roll_max,pitch_max,yaw_max
21,4,-1.33731100504519e-06,-6.94309532697233e-07,-2.87214824825855,-0.623311556484564,2.27289217039515,3.44529811349917,3.63307322004403e-07,1.19857641369544e-06,1.52445414876297,1.54299770622442,-1.80175197783683e-06,-1.80223527249209e-06,-2.68903857456844,-0.424056278711658,2.07566157189679,3.36090748894661,1.18254822195581,1.2107559002986,3.7827650972465,0.665331979459212,0.182493463610044,2.47123983072584e-05
