hook_num,trajectory_process,x_max_work,x_max_local,x_min_work,x_min_local,y_max_work,y_max_local,y_min_work,y_min_local,z_max_work,z_max_local,z_min_work,z_min_local,x_mean_work,x_mean_local,y_mean_work,y_mean_local,z_mean_work,z_mean_local,euclidean_max_work,roll_max,pitch_max,yaw_max
25,2,4.85099038282249,6.17425408276983,9.09584287001053e-07,8.81089477600289e-06,4.77257991616102,0.966330520313055,1.15863742848887e-05,-3.08764962559081,3.20644110212891,3.22600267835044,-2.81754567525172,-2.88051735486134,3.70697942362475,5.23426981031935,3.84951979794518,-1.04264731145111,0.779124968308137,0.60367061849847,6.5519965802732,28.929444067107,4.88752489866937,36.6064330511496
