hook_num,trajectory_process,x_max_work,x_max_local,x_min_work,x_min_local,y_max_work,y_max_local,y_min_work,y_min_local,z_max_work,z_max_local,z_min_work,z_min_local,x_mean_work,x_mean_local,y_mean_work,y_mean_local,z_mean_work,z_mean_local,euclidean_max_work,roll_max,pitch_max,yaw_max
20,1,1.43357210617978e-05,0.370453119647762,-2.65318337002032,-1.83255803648829,2.04298628345578,2.69191409886929,-0.34017820677991,-0.0117249959048586,2.52817672321908,2.54769358930531,-0.109895112270408,-0.0953081396297751,-0.968963411967865,-0.117664690372295,0.797113246853662,1.2332996374024,1.24031583137078,1.25562239119403,3.12576414604193,64.3462486197165,45.8617912926729,45.1478380841589
