hook_num,trajectory_process,x_max_work,x_max_local,x_min_work,x_min_local,y_max_work,y_max_local,y_min_work,y_min_local,z_max_work,z_max_local,z_min_work,z_min_local,x_mean_work,x_mean_local,y_mean_work,y_mean_local,z_mean_work,z_mean_local,euclidean_max_work,roll_max,pitch_max,yaw_max
4,2,0.475607298323581,-4.40252550914224e-10,-2.79144312385938,-1.75427747500261,0.240881359879381,2.1049285877501,-0.740470730860864,-0.96900142486987,4.70263200418765,4.69747621785055,-7.4764443525055e-08,-7.4763854782127e-08,-0.556952925733745,-0.495658372022873,-0.233564581059427,0.144313622984811,3.02312725511366,3.03889599971582,4.72146549509414,-3.70213623029003,-2.27658834404403,13.6483109702802
