hook_num,trajectory_process,x_max_work,x_max_local,x_min_work,x_min_local,y_max_work,y_max_local,y_min_work,y_min_local,z_max_work,z_max_local,z_min_work,z_min_local,x_mean_work,x_mean_local,y_mean_work,y_mean_local,z_mean_work,z_mean_local,euclidean_max_work,roll_max,pitch_max,yaw_max
15,1,2.30713799032333,1.75688232747889e-05,-0.24675789789876,-1.55353691602566,1.3436362792163e-05,1.48685669119693e-06,-2.85571373059173,-3.64057327221396,2.68960584204558,2.68642739029043,-0.537003514524713,-0.599233946123776,1.2647662747995,-0.548237743139187,-2.0432277522138,-2.35521997434693,0.72183962935494,0.650645857611181,3.66430531499417,58.9423139043077,47.1025446244403,40.3036903238419
