hook_num,trajectory_process,x_max_work,x_max_local,x_min_work,x_min_local,y_max_work,y_max_local,y_min_work,y_min_local,z_max_work,z_max_local,z_min_work,z_min_local,x_mean_work,x_mean_local,y_mean_work,y_mean_local,z_mean_work,z_mean_local,euclidean_max_work,roll_max,pitch_max,yaw_max
22,4,-8.34586444398155e-09,0.479116984084915,-4.4714321744674,-0.284435164144163,4.57947621040398,6.01539390008499,3.58909346687142e-10,5.24617653596062e-09,1.16972109736531,1.22043578983348,-9.40456061471195e-07,-9.40455704245066e-07,-4.12701413921474,0.0883884605252375,4.19793374053126,5.88054825595017,1.01821496568571,1.05157376207797,6.10587465753141,0.533602026396347,0.244182191457539,3.88961272363986e-05
