x,y,z,roll,pitch,yaw
186.84736118531077,-501.86069640098515,340.53173896022,-90.51442091541412,47.120255705257584,45.69018738368286
180.04938061414975,-496.54254237205464,345.5613319208193,-90.51442091541412,47.120255705257584,45.69018738368286
176.6503903285692,-493.8834653575894,348.07612840111904,-90.51442091541412,47.120255705257584,45.69018738368286
