x,y,z,roll,pitch,yaw
571.1024005510817,-504.5923008335501,355.6706086009624,0.029062576433045512,-0.028945279511788564,44.88859607158558
567.566866645149,-501.05676692761733,355.6706086009625,0.029062576433045512,-0.028945279511788564,44.88859607158558
563.7178460204673,-498.23358530018083,354.18242657940743,0.029062576433045512,-0.028945279511788564,44.88859607158558
