x,y,z,roll,pitch,yaw
-193.42044324650158,919.3918157265589,742.6582609694988,-90.06901746942987,45.95286101531392,-45.262379859521126
-200.60602202340658,923.7525309767705,737.3182418660838,-90.06901746942987,45.95286101531392,-45.262379859521126
-204.19881141185908,925.9328886018762,734.6482323143763,-90.06901746942987,45.95286101531392,-45.262379859521126
