x,y,z,roll,pitch,yaw
603.1715271199014,-504.2598157324331,362.0216640446189,-0.00021858603469911904,0.00018860931041756653,45.09410465824103
594.7953532495195,-498.80315223320594,362.2757009500805,-0.00021858603469911904,0.00018860931041756653,45.09410465824103
590.6072663143286,-496.0748204835923,362.4027194028114,-0.00021858603469911904,0.00018860931041756653,45.09410465824103
