x,y,z,roll,pitch,yaw
603.1715271199014,-504.2598157324331,362.0216640446189,1.4551423879028444,0.9489106946931988,57.03525014502667
594.7037324371504,-498.7403588880538,361.88708733384226,10.858891265279162,10.685137353929012,46.1010575292747
593.7296182064263,-497.7307854854616,362.151552376828,11.501362254942636,8.513583743315653,54.08456001142488
592.7517059006314,-496.97419167332845,362.40037041087294,-42.17191453440029,-19.045262154918106,70.0865326426718
591.5025524706122,-496.05618561028706,361.12799758806955,61.54756851202746,20.85271971107922,79.17246630746425
590.6250070317578,-495.2033511024559,362.8928878180118,-43.966705055285864,-17.542585031543606,72.54612640364319
589.3791658295163,-494.3756927281027,361.5724807900216,6.764088021036096,6.256732243723128,47.55085707883627
588.3943546173264,-493.448294010144,361.7320595901456,8.615125041811389,5.557393018118037,57.53661655836528
587.2449329045271,-492.6905830951002,361.9397160115574,-42.59158857477965,-7.870307388099182,81.43569499318019
585.8507797212446,-492.29957593001535,360.6316451177072,55.060537203009844,2.2830879297742506,88.48716955987916
584.609631902904,-492.19426868330123,362.41027520763157,-90.96638930173373,-0.04054484218922487,-0.33946115387598763
