x,y,z,roll,pitch,yaw
744.8144991579553,-507.1164707798834,356.72103056192793,-0.00021858603469911904,0.00018860931041756653,45.09410465824103
736.6632818793778,-501.32579243856156,356.8813465772412,-0.00021858603469911904,0.00018860931041756653,45.09410465824103
732.5876732400889,-498.43045326790065,356.96150458489785,-0.00021858603469911904,0.00018860931041756653,45.09410465824103
