x,y,z,roll,pitch,yaw
275.49305098413777,936.2638746849192,721.4907210652202,-89.25480948632512,15.992542258949833,-0.06275566742834776
278.052770140911,933.9890175814644,721.8873542972038,-87.89765401087523,39.05890571827333,0.14398926616997276
273.8930880812958,934.1756802432553,717.7932139222706,-82.05786509193797,45.99527523247739,2.1927464414088766
270.0523718715375,933.7528216291386,713.2294002516695,-76.07578465778897,62.47079545792043,6.995416661507122
266.41515842731263,934.3917966347419,712.0191941184731,-58.45263405522687,78.05914130287682,25.686001864057772
266.3489107106837,934.0517645064748,711.8087858096943,8.15025093986656,83.67022325037777,92.66306474362192
