x,y,z,roll,pitch,yaw
851.7639395044104,-486.60715696145655,353.45484724163333,-89.4620256904843,1.0877420592090217,16.319004472279918
851.7639395044104,-486.60715696145655,353.45484724163333,-89.4620256904843,1.0877420592090217,16.319004472279918
850.4491464663158,-485.48307229606456,358.1460893939858,-89.4620256904843,1.0877420592090217,16.319004472279918
