hook_num,trajectory_process,x_max_work,x_max_local,x_min_work,x_min_local,y_max_work,y_max_local,y_min_work,y_min_local,z_max_work,z_max_local,z_min_work,z_min_local,x_mean_work,x_mean_local,y_mean_work,y_mean_local,z_mean_work,z_mean_local,euclidean_max_work,roll_max,pitch_max,yaw_max
12,4,-9.88183046501945e-08,1.00019973926866e-08,-1.4587557060994,-0.547811888514671,0.912750246516453,1.58919382601396,1.1386180176487e-07,1.50063602297755e-07,-6.78813876220374e-07,-6.78895221000994e-07,-0.51445285714226,-0.500506062880896,-1.36999568595935,-0.419285175152394,0.785672425018753,1.52507397219446,-0.366021663508555,-0.356012248253414,1.69587492958946,0.561165474463912,-1.52595507479925e-08,0.191045835142518
