hook_num,trajectory_process,x_max_work,x_max_local,x_min_work,x_min_local,y_max_work,y_max_local,y_min_work,y_min_local,z_max_work,z_max_local,z_min_work,z_min_local,x_mean_work,x_mean_local,y_mean_work,y_mean_local,z_mean_work,z_mean_local,euclidean_max_work,roll_max,pitch_max,yaw_max
18,3,1.97084189464681,1.26420872395676,-0.598800910295381,-7.54789336858574e-09,1.23625204009033,1.28618668163178,-0.635540037792964,-1.7438651470679,2.47518245263495,2.47963407869546,-3.41379705593556,-3.40746819528322,1.31355348259,0.895678525158663,-0.0447741020249936,-0.933541339905861,-1.49503271703784,-1.51167299248298,3.43016959319166,-7.98779507940976,-6.8203039247284,8.15736003404628
