hook_num,trajectory_process,x_max_work,x_max_local,x_min_work,x_min_local,y_max_work,y_max_local,y_min_work,y_min_local,z_max_work,z_max_local,z_min_work,z_min_local,x_mean_work,x_mean_local,y_mean_work,y_mean_local,z_mean_work,z_mean_local,euclidean_max_work,roll_max,pitch_max,yaw_max
1,3,3.02780536810725,2.11942553893169,-9.72022462519817e-11,6.61339346410564e-08,1.81223312626571,0.746191761777903,-0.234370015462105,-1.83622868355067,-1.7954291706701e-06,-1.79549678555914e-06,-7.09656591132796,-7.13468165750716,2.37389022004703,1.52985659867245,0.197180229771219,-1.28630416533247,-4.26501061310546,-4.45835543950107,7.14649833031132,12.8610457015462,6.28665607866953,3.29689648512928
