x,y,z,roll,pitch,yaw
581.1194753637466,-507.1589948956456,348.8571774218884,35.24223603002287,30.027302267882252,54.82363131981539
573.4606202946052,-502.89951229301846,345.1534850590132,35.03077906071582,30.108024713846806,54.59455505139215
566.2034404007768,-495.23242390559324,348.78453811343434,33.75769200567295,30.13110457155328,54.206571652296105
