x,y,z,roll,pitch,yaw
-222.34199163106916,944.397683767657,905.3913491655119,-89.84834475515568,46.741525672028146,9.058839556012316
-229.4335793748864,944.8342171166805,898.3968443248642,-89.84834475515568,46.741525672028146,9.058839556012316
-228.95448899572608,944.5107007637905,897.4220807769004,-89.84834475515568,46.741525672028146,9.058839556012316
-230.27071048454258,944.8447454087742,896.5512194571268,-89.84834475515568,46.741525672028146,9.058839556012316
-230.958185207932,944.2651018901131,895.671816176457,-89.84834475515568,46.741525672028146,9.058839556012316
-232.28351975948817,944.5881446533622,894.7311576361774,-89.84834475515568,46.741525672028146,9.058839556012316
-233.6203533730266,944.9105536505888,893.7240430503657,-89.84834475515568,46.741525672028146,9.058839556012316
-234.54798487567973,944.84251540051,892.7979200345553,-89.84834475515568,46.741525672028146,9.058839556012316
-235.22749543611917,944.234719102453,891.9069520547223,-89.84834475515568,46.741525672028146,9.058839556012316
