x,y,z,roll,pitch,yaw
-222.34199163106916,944.397683767657,905.3913491655119,-90.46994766590153,45.39386022942498,-3.8033361504098777
-229.43535678828022,944.8103394137792,898.3779109120876,-90.46994766590153,45.39386022942498,-3.8033361504098777
-233.02873056885198,944.2371067959214,894.9600726068959,-90.46994766590153,45.39386022942498,-3.8033361504098777
