x,y,z,roll,pitch,yaw
168.57752406788535,-498.9540257194319,358.3638352660433,0.054250233968095925,-0.05390087687080708,44.814495962517775
165.2969870783246,-496.2955857601329,357.6317617606406,-0.2061243135035081,-0.5119555257569749,45.76894609456776
156.33551370918707,-490.07549475860594,356.44986771067425,-1.2100851880056822,-1.0902600497263373,46.25040175635032
