x,y,z,roll,pitch,yaw
584.1956728144164,-510.07225002518703,334.4130756669829,43.05040069591956,25.180036627173298,65.67524789599672
579.2085637984407,-503.0167668784169,339.9444764191808,43.05040069591956,25.180036627173298,65.67524789599672
579.162536738434,-502.04055840171884,340.5414592797557,43.05040069591956,25.180036627173298,65.67524789599672
578.4484934083615,-501.28151828906744,341.1728218717824,43.05040069591956,25.180036627173298,65.67524789599672
577.6179912199125,-500.4064841051585,341.80491090636804,43.05040069591956,25.180036627173298,65.67524789599672
576.8336186644192,-499.6261057193301,341.81326766950326,43.05040069591956,25.180036627173298,65.67524789599672
576.0543045560607,-498.7530573751809,343.0617470521412,43.05040069591956,25.180036627173298,65.67524789599672
575.3215374504326,-497.91912285888816,343.68498435445713,43.05040069591956,25.180036627173298,65.67524789599672
574.5298353280365,-497.18862960583806,343.67707457663744,43.05040069591956,25.180036627173298,65.67524789599672
