x,y,z,roll,pitch,yaw
-462.0257173835225,938.4036473526468,725.3476446669158,-89.22511096702438,15.617740329047582,-0.010710857564311362
-470.4992880205278,935.8313400874101,718.5540405903091,-88.89449602720963,39.54923254986497,0.2011828116354165
-477.27458345289773,937.1340801812449,712.4498255756168,-87.1467407568136,52.59352449281707,1.2929410711755687
-483.87610311558035,937.1893965160733,710.5706675946101,-82.16139181610507,84.18203161411314,6.358035955639531
