x,y,z,roll,pitch,yaw
104.63862744765942,-480.51749419289445,354.71853385715895,-89.21566102423743,0.8489689215562561,16.095998361416097
105.2592409476145,-477.86896430928175,357.11483536950306,-89.27656794190821,1.7377255728080128,25.506898663301723
100.30293577677554,-472.7461896538075,357.1029640897036,-89.29352717024341,2.3584920654407138,42.48744827442368
95.88635167973473,-469.74323624690146,356.8308741684968,-89.71769557236809,2.955647209091374,71.0184991359631
91.4759608000897,-469.4157464100757,357.43734510382046,-81.97437535079227,-4.265758075703873,86.42470663151448
