x,y,z,roll,pitch,yaw
-471.6349506030353,934.7841585986373,722.1319106036168,-89.00920642504566,15.767245137457738,0.17075175638902537
-471.00705842574,937.218567961754,719.5106149183946,-88.95545131704941,25.18839149248978,-0.5898773191274531
-476.0095698515924,937.257936428053,714.4328983320705,-88.75664355208887,42.174352301392126,-0.9804236864505136
-480.45662387588413,937.0102130785682,711.4663451431402,-88.8142281779264,70.70690687143637,-1.1872631053501448
-484.86185569334873,937.6043663259893,711.1867405943541,-80.8051762904483,86.04102160965839,6.172262453265831
