x,y,z,roll,pitch,yaw
-462.02571727736847,938.4036466850956,725.3476442111476,-102.95579773601946,19.435539309864833,-10.177138619155453
-470.84247168862026,936.4173905031739,720.7664757504995,-102.95579773601946,19.435539309864833,-10.177138619155453
-471.8331881599564,936.5217394341889,719.4465236105018,-102.95579773601946,19.435539309864833,-10.177138619155453
-473.15071713467586,936.6734079190737,717.9633510752459,-102.95579773601946,19.435539309864833,-10.177138619155453
-474.595596313209,935.920269613998,716.6209330012538,-102.95579773601946,19.435539309864833,-10.177138619155453
-475.9074558890521,936.0773087493301,715.305489325697,-102.95579773601946,19.435539309864833,-10.177138619155453
-477.49706308112064,935.3713640585386,714.3892537058778,-102.95579773601946,19.435539309864833,-10.177138619155453
-479.12455317619026,935.5960927260862,713.4944686489684,-102.95579773601946,19.435539309864833,-10.177138619155453
-481.0152433028219,934.974351162148,713.41804216794,-102.95579773601946,19.435539309864833,-10.177138619155453
-483.05501316404667,934.3807445189402,713.509065394674,-102.95579773601946,19.435539309864833,-10.177138619155453
-484.9238099054195,933.7583880411819,713.5136770552242,-102.95579773601946,19.435539309864833,-10.177138619155453
