hook_num,trajectory_process,x_max_work,x_max_local,x_min_work,x_min_local,y_max_work,y_max_local,y_min_work,y_min_local,z_max_work,z_max_local,z_min_work,z_min_local,x_mean_work,x_mean_local,y_mean_work,y_mean_local,z_mean_work,z_mean_local,euclidean_max_work,roll_max,pitch_max,yaw_max
13,4,-9.19309286473435e-08,-9.64473963062127e-08,-3.70510151032488,-0.718900679017587,6.42922952621097,6.7255343271303,-2.94797928290791e-08,-4.25031130332445e-09,2.95454823153636,3.03179914535021,-9.22388608159963e-07,-9.2238871030063e-07,-2.79664876922364,-0.430548648176529,5.63998887020462,6.28808610505251,2.82072639193561,2.86533148783172,7.29058272180827,0.796004187572683,0.342612854208646,-2.06189879214946e-06
