hook_num,trajectory_process,x_max_work,x_max_local,x_min_work,x_min_local,y_max_work,y_max_local,y_min_work,y_min_local,z_max_work,z_max_local,z_min_work,z_min_local,x_mean_work,x_mean_local,y_mean_work,y_mean_local,z_mean_work,z_mean_local,euclidean_max_work,roll_max,pitch_max,yaw_max
5,4,3.15118468304308,2.96049640673367,-3.24686197927804e-08,-3.20736803707111e-08,0.109204015982186,5.74101486277496e-09,-1.40693298876408,-1.97521050663822,-9.47170178733359e-07,-9.47169450227593e-07,-2.41238682666722,-2.43349220880936,2.31730276344767,1.63918795028829,-0.636386323238592,-1.59956378419838,-2.22977503299018,-2.28737872516109,3.97007564477423,3.05785074420672,0.0786525232504503,3.99778894433211e-08
