hook_num,trajectory_process,x_max_work,x_max_local,x_min_work,x_min_local,y_max_work,y_max_local,y_min_work,y_min_local,z_max_work,z_max_local,z_min_work,z_min_local,x_mean_work,x_mean_local,y_mean_work,y_mean_local,z_mean_work,z_mean_local,euclidean_max_work,roll_max,pitch_max,yaw_max
14,2,-1.21758603199851e-10,2.07941977054572,-5.81856597306603,-1.89067520704553,6.86464457612851,7.12995935747768,-0.169846611257185,-0.986989346151749,18.411455298929,18.9554827251326,-8.8347178461845e-09,-8.83471804260673e-09,-2.1690478158464,0.522551072971492,3.37269189429111,3.28979247452081,8.83020046577692,9.03546153535698,19.3149453193419,53.8924519747572,21.4927977691806,55.5621123091047
