hook_num,trajectory_process,x_max_work,x_max_local,x_min_work,x_min_local,y_max_work,y_max_local,y_min_work,y_min_local,z_max_work,z_max_local,z_min_work,z_min_local,x_mean_work,x_mean_local,y_mean_work,y_mean_local,z_mean_work,z_mean_local,euclidean_max_work,roll_max,pitch_max,yaw_max
5,4,0.0351434273836162,1.30853762338329,-3.81123179093373,-1.8098292693899,5.37781729972085,5.21812939048289,-6.20525497652125e-09,-3.95596326898453e-09,1.97613884802865,2.06473367584434,-9.35198613660759e-07,-9.35198636776813e-07,-1.85173563996601,-0.215192620644771,4.17063149072838,4.63311168768155,1.11616077856493,1.14740832832878,5.38629058126494,0.913329351083805,0.93183000082654,1.59801917887
