hook_num,trajectory_process,x_max_work,x_max_local,x_min_work,x_min_local,y_max_work,y_max_local,y_min_work,y_min_local,z_max_work,z_max_local,z_min_work,z_min_local,x_mean_work,x_mean_local,y_mean_work,y_mean_local,z_mean_work,z_mean_local,euclidean_max_work,roll_max,pitch_max,yaw_max
5,3,3.29950361444014,2.95895412527977,-3.24686197927804e-08,-1.12975650578828,0.21611314584095,5.74101486277496e-09,-1.48961327657378,-2.72503817603379,-9.47170178733359e-07,-9.47169450227593e-07,-2.43967815621073,-2.88854176374794,2.84661543961589,1.36128017859266,-0.279402641547069,-2.00569421436078,-1.9897226855282,-2.18253935584482,3.97898316845378,11.3890450324016,3.70158300643494,20.6728397009608
