hook_num,trajectory_process,x_max_work,x_max_local,x_min_work,x_min_local,y_max_work,y_max_local,y_min_work,y_min_local,z_max_work,z_max_local,z_min_work,z_min_local,x_mean_work,x_mean_local,y_mean_work,y_mean_local,z_mean_work,z_mean_local,euclidean_max_work,roll_max,pitch_max,yaw_max
15,4,7.79800757300109e-08,9.13496232811385e-08,-5.64707288994782,-2.72195914547917,5.7528970531863,6.53037055526193,6.1254354477569e-08,3.85826362174045e-08,4.52641367849799,4.88052919817337,-8.38718847262498e-07,-8.38718617544386e-07,-4.55831450227959,-2.24595850601839,4.60374527626786,5.997464033896,4.2324180393846,4.41044536097231,8.09889137505621,3.2132759666594,0.738046467605367,-1.46008837020872e-07
