hook_num,trajectory_process,x_max_work,x_max_local,x_min_work,x_min_local,y_max_work,y_max_local,y_min_work,y_min_local,z_max_work,z_max_local,z_min_work,z_min_local,x_mean_work,x_mean_local,y_mean_work,y_mean_local,z_mean_work,z_mean_local,euclidean_max_work,roll_max,pitch_max,yaw_max
18,4,2.30977152788535,2.74213285216645,2.2373569663614e-10,5.34321440369039e-11,2.00132527464893,1.33838058016003,-2.78760126093403e-10,-6.64810787488042e-10,-1.2597423619809e-06,-1.25974223613631e-06,-1.09196668652419,-1.10552406313795,1.28709581984965,1.66190101696119,1.1248046066416,0.552974126546155,-0.977833833603142,-0.908692994114289,3.2454180948619,-7.1098196133372e-06,0.238384313491023,0.0521842483230834
