hook_num,trajectory_process,x_max_work,x_max_local,x_min_work,x_min_local,y_max_work,y_max_local,y_min_work,y_min_local,z_max_work,z_max_local,z_min_work,z_min_local,x_mean_work,x_mean_local,y_mean_work,y_mean_local,z_mean_work,z_mean_local,euclidean_max_work,roll_max,pitch_max,yaw_max
24,4,4.19149776743359,4.90863634401347,-4.37814264842018e-07,-3.84996024489521e-07,3.33210839601179,2.14127248409347,1.47597575050895e-07,2.55362523549297e-07,0.535391614740888,0.501588416138243,-3.12926999868068e-07,-3.12981987661096e-07,3.56428236441582,4.23808934352039,3.05624617019132,2.02684153052223,0.318616815760757,0.279830058503716,5.35580739033916,0.59694707422571,0.821847594641702,0.0308757826647401
