hook_num,trajectory_process,x_max_work,x_max_local,x_min_work,x_min_local,y_max_work,y_max_local,y_min_work,y_min_local,z_max_work,z_max_local,z_min_work,z_min_local,x_mean_work,x_mean_local,y_mean_work,y_mean_local,z_mean_work,z_mean_local,euclidean_max_work,roll_max,pitch_max,yaw_max
10,4,-3.48074991052272e-09,0.646441897909962,-2.25343533071617,-0.723780816328165,4.01654734743113,3.98723420707085,1.15164766611997e-10,1.03316869865544e-09,2.0127961252843,2.14759717930254,-0.0107752603677227,-0.00450323189436078,-1.33203276140598,-0.0150640767581966,3.05907211238649,3.3542282787951,1.00118617899878,1.07127890930201,4.03929994287461,2.24748179320502,1.33709646329245,-3.68692376184754e-07
