hook_num,trajectory_process,x_max_work,x_max_local,x_min_work,x_min_local,y_max_work,y_max_local,y_min_work,y_min_local,z_max_work,z_max_local,z_min_work,z_min_local,x_mean_work,x_mean_local,y_mean_work,y_mean_local,z_mean_work,z_mean_local,euclidean_max_work,roll_max,pitch_max,yaw_max
24,4,1.89857018995099e-11,2.75693281788873,-1.22267155943314,1.13234434298581e-11,7.54471562305122,7.07765332394892,-1.43245415529236e-11,-2.05219664091942e-11,3.66987886880599,3.60967008333975,-4.60196361018461e-08,-4.60196362787042e-08,-0.888182788312777,2.3653431175641,7.21592604450578,6.90128514397606,3.31911244097629,3.26507834743236,8.40973086649716,4.71972782566457e-08,1.12153786705744,-3.94868990838404e-07
