hook_num,trajectory_process,x_max_work,x_max_local,x_min_work,x_min_local,y_max_work,y_max_local,y_min_work,y_min_local,z_max_work,z_max_local,z_min_work,z_min_local,x_mean_work,x_mean_local,y_mean_work,y_mean_local,z_mean_work,z_mean_local,euclidean_max_work,roll_max,pitch_max,yaw_max
4,1,4.19531475268352,3.41310737838472,-2.63303034960927,-1.3260448092201,2.58819037700107,2.74427149863015,-1.59425072483725,-3.64147929268665,-1.14604411512363,-0.786511227997957,-5.00000167611404,-5.00072009000412,2.8849982310481,1.13841864042441,-0.554729731742637,-2.10051680223599,-1.74323329195184,-2.02906506931487,6.12499550876076,61.7533110771804,41.2458552241058,42.197547763735
