hook_num,trajectory_process,x_max_work,x_max_local,x_min_work,x_min_local,y_max_work,y_max_local,y_min_work,y_min_local,z_max_work,z_max_local,z_min_work,z_min_local,x_mean_work,x_mean_local,y_mean_work,y_mean_local,z_mean_work,z_mean_local,euclidean_max_work,roll_max,pitch_max,yaw_max
1,4,7.92391574577778e-09,3.38006869589175e-08,-3.4342793295958,-2.09936394406482,3.7915041493726,3.95000540568692,9.94132278719917e-08,9.38259412656076e-08,0.306149805882455,0.30654444086116,-0.626527127704435,-0.713197388761947,-2.2303666639298,-1.06655732904484,2.85936084908985,3.51187776424275,-0.157108110119845,-0.191046039820901,4.04298856019582,1.48510194260401e-07,0.570483816066953,0.613193537972121
