hook_num,trajectory_process,x_max_work,x_max_local,x_min_work,x_min_local,y_max_work,y_max_local,y_min_work,y_min_local,z_max_work,z_max_local,z_min_work,z_min_local,x_mean_work,x_mean_local,y_mean_work,y_mean_local,z_mean_work,z_mean_local,euclidean_max_work,roll_max,pitch_max,yaw_max
2,4,0.186445857918329,1.17528658006883,-2.84202214869849,-1.68914402131333,3.76388057612905,3.58012412876139,5.46914407095755e-08,-3.01246370048516e-08,0.533060782391658,0.535840950647797,-0.487914720444678,-0.328091155575364,-1.33075115660141,-0.213279749989855,2.33373823640708,2.79261092473396,0.0152489638836041,0.112680450967526,3.8060100954964,4.28068355703528,0.610689662154058,0.00789536847226557
