hook_num,trajectory_process,x_max_work,x_max_local,x_min_work,x_min_local,y_max_work,y_max_local,y_min_work,y_min_local,z_max_work,z_max_local,z_min_work,z_min_local,x_mean_work,x_mean_local,y_mean_work,y_mean_local,z_mean_work,z_mean_local,euclidean_max_work,roll_max,pitch_max,yaw_max
12,2,-8.84881501406198e-09,1.36018910291891,-5.99389907415105,-2.61487572752034,5.74416752457387,7.14405793122874,-1.75075997114254,-7.12264821270936e-09,1.962271527344,1.95991706623095,-10.6311291911171,-9.70246132024029,-2.95224590790132,-0.0204344983997864,2.61696446108578,5.12853272346532,-3.81639012538164,-3.4632154243588,12.3293509344931,-22.3317605971059,-15.6276270769107,49.8933653145541
