hook_num,trajectory_process,x_max_work,x_max_local,x_min_work,x_min_local,y_max_work,y_max_local,y_min_work,y_min_local,z_max_work,z_max_local,z_min_work,z_min_local,x_mean_work,x_mean_local,y_mean_work,y_mean_local,z_mean_work,z_mean_local,euclidean_max_work,roll_max,pitch_max,yaw_max
3,4,1.81842096935725e-10,0.95413206072539,-1.77329731522713,-2.90590276709945e-10,4.81397465878933,4.72492444981124,-1.77442416315898e-09,-1.75616401092951e-09,-9.38074435907765e-07,-9.38074442886378e-07,-1.82945499240009,-1.8337614963504,-1.00541096644659,0.539080061333661,3.9206980855194,4.01153894736353,-1.22606080314743,-1.33006787228751,5.15732103627701,0.0483180823700977,0.494866546021393,0.356973423362826
