hook_num,trajectory_process,x_max_work,x_max_local,x_min_work,x_min_local,y_max_work,y_max_local,y_min_work,y_min_local,z_max_work,z_max_local,z_min_work,z_min_local,x_mean_work,x_mean_local,y_mean_work,y_mean_local,z_mean_work,z_mean_local,euclidean_max_work,roll_max,pitch_max,yaw_max
25,3,5.70170202842303,5.7147373877163,-3.21749234899471e-06,3.84350929517967e-06,3.715511060533,2.56308895993234,2.69707913957973e-05,-0.958336387367671,2.63419511576905,2.55454959623972,-0.399135874095862,-0.453430101436835,4.52997393146509,4.74050798461029,1.32509340420717,0.0743990003382674,1.42446697784592,1.35729880835242,6.24148785980626,2.28476974380011,3.98357522947554,7.76342215728479
