hook_num,trajectory_process,x_max_work,x_max_local,x_min_work,x_min_local,y_max_work,y_max_local,y_min_work,y_min_local,z_max_work,z_max_local,z_min_work,z_min_local,x_mean_work,x_mean_local,y_mean_work,y_mean_local,z_mean_work,z_mean_local,euclidean_max_work,roll_max,pitch_max,yaw_max
9,4,7.85058773544733e-09,0.614430739147665,-2.91098186398784,-0.721143912567084,5.17164534598112,5.18984057193517,3.30260263581295e-10,-1.74421994553092e-09,3.95706332627822,3.91455151665549,-6.98468738846714e-07,-6.98468738770058e-07,-1.83215343373215,-0.0413877256464264,4.33661727139219,4.76244722725802,3.13607544103439,3.11929457530112,6.15006131328905,0.154362211907929,0.376807946339107,0.0644261814572609
