hook_num,trajectory_process,x_max_work,x_max_local,x_min_work,x_min_local,y_max_work,y_max_local,y_min_work,y_min_local,z_max_work,z_max_local,z_min_work,z_min_local,x_mean_work,x_mean_local,y_mean_work,y_mean_local,z_mean_work,z_mean_local,euclidean_max_work,roll_max,pitch_max,yaw_max
2,1,2.41180956944044,2.99766740090724,-4.78546582212027,0.0571444503814999,2.58819043482913,4.28054642617432,0.441937214770633,-1.91157547649815,2.89166861567833,3.81008293323779,-5.00000075909691,-5.00071914237459,0.237290097767515,1.09932432017823,1.01457460638137,0.149883277718801,0.738969427565174,0.759540774709307,6.12499491568402,51.2875031959638,46.1516550405425,39.8000031932751
