hook_num,trajectory_process,x_max_work,x_max_local,x_min_work,x_min_local,y_max_work,y_max_local,y_min_work,y_min_local,z_max_work,z_max_local,z_min_work,z_min_local,x_mean_work,x_mean_local,y_mean_work,y_mean_local,z_mean_work,z_mean_local,euclidean_max_work,roll_max,pitch_max,yaw_max
25,3,3.39923644787632e-11,2.54863550164376e-11,-6.933594357885,-3.23613868227432,7.11477132947471,9.38268197937995,-1.26192389870994e-11,-2.56718277101528e-11,3.47145096379523,3.52706311863632,-1.94170297618257e-08,-1.94170299196512e-08,-5.25103401996243,-2.1336734792359,6.12946392203125,7.77486040889964,1.99805694544971,2.02297646104373,10.0018264247379,3.21080678692677,4.98151878002964,4.15388581341352
