hook_num,trajectory_process,x_max_work,x_max_local,x_min_work,x_min_local,y_max_work,y_max_local,y_min_work,y_min_local,z_max_work,z_max_local,z_min_work,z_min_local,x_mean_work,x_mean_local,y_mean_work,y_mean_local,z_mean_work,z_mean_local,euclidean_max_work,roll_max,pitch_max,yaw_max
16,3,-1.05875301414926e-07,0.0669753121780268,-7.86126772088971,-2.58859718575234,5.2958819151745,7.35862318009671,-5.46319824934471e-08,-2.48480072018927e-08,1.67274762621861,2.05496796307341,-7.95423488852975e-07,-7.95423687267897e-07,-4.57879110363616,-0.806740240942643,3.60378086188653,6.11891310754788,1.29330836578472,1.67399795073995,7.86227737640745,6.43979927853436,-1.08132524070146,17.1918978206779
