x,y,z,roll,pitch,yaw
-604.3828835697473,614.4907850671538,906.8797631199606,-89.56048163514461,48.093295255983115,34.16886460180377
-611.7477623201983,615.3507696947199,899.8566559228586,-89.56048163514461,48.093295255983115,34.16886460180377
-610.7710442934135,613.6207918225167,898.8480295017368,-89.56048163514461,48.093295255983115,34.16886460180377
-611.9692742168318,613.5224174681834,897.8271116938193,-89.56048163514461,48.093295255983115,34.16886460180377
-613.0766674005881,613.4897915276038,896.9162470255001,-89.56048163514461,48.093295255983115,34.16886460180377
-613.8182617788044,612.9019530689553,895.9854449971001,-89.56048163514461,48.093295255983115,34.16886460180377
-614.5552281241023,612.3081272373498,895.0546657495456,-89.56048163514461,48.093295255983115,34.16886460180377
-615.7526410161299,612.1797205256516,894.015922280596,-89.56048163514461,48.093295255983115,34.16886460180377
-616.4821815369648,611.5718509046045,893.0824993152173,-89.56048163514461,48.093295255983115,34.16886460180377
