x,y,z,roll,pitch,yaw
302.2951495206952,-505.90827205301537,335.8407817454927,-67.04823625515935,13.637184464570185,22.54087714188675
295.98313113473455,-499.6245942140026,339.72373099216225,-38.69978106675158,65.69751748260941,35.0068775545914
295.85537242052976,-498.83098133450403,342.8493196950092,-78.56399987964869,-14.840262632337353,18.60729356706993
295.12503511433727,-497.9456159008631,342.90987359481164,-60.15903655759355,41.3409021427972,24.47870415066009
294.5411795737056,-497.05600057420975,344.0076219826496,-79.85893750767492,-14.847314511159011,17.83553087587131
293.80690488094865,-496.09136320319533,344.05345034771744,-78.74301715250573,-15.847081969410103,18.572368620159153
293.0732665852719,-495.20072682020293,344.10161484470626,-80.70268237871973,-14.779330374037363,17.279326068489482
292.485470912714,-494.3832574756742,344.1306490450924,-60.13722230123836,34.372656740368505,24.72804998727283
291.74238174993627,-493.4756170298076,345.2429156642312,-39.15025136066128,16.994734972491273,30.97335339046718
290.7019647101005,-493.31690135035217,346.43473315321444,-144.7738676759073,-26.71295041098282,33.14706920488667
289.5594741744932,-493.1345203236052,344.41696877479086,180.00253275997252,-1.6264641057383158,-0.6588454444620488
