x,y,z,roll,pitch,yaw
-274.0045942285948,916.3105936649722,745.4876619740778,-66.87437812334217,22.469555143034327,-12.727635039089613
-280.32246694129736,920.2548248707076,739.3141302976903,-38.835181582554014,35.751839549336125,-64.8668633327826
-280.416642309144,923.390219372298,738.564104647756,-78.18354890827477,18.104044796480856,15.796188760135662
-281.1541552800124,923.4600955505853,737.6862400757983,-60.21057644958894,24.81158918980294,-40.46329394942355
-281.7317100139376,924.567594836041,736.8168578037962,-79.48842212872297,17.32742361546329,15.804421954703779
-282.47406846039837,924.6238162040884,735.8595678516804,-78.35391528530579,18.05469364315938,16.804008630132905
-283.2150914112464,924.6813646965531,734.9762948939972,-80.33999204675084,16.769054168766566,15.736494737211663
-283.80986700373876,924.7193383930415,734.1646096736886,-60.12254745318979,24.965773246846414,-33.49280115296105
-284.5466213173918,925.8409972184573,733.278832046859,-38.89813696565587,31.05194777521386,-16.22118957120893
-285.5728848474853,927.0308362316961,733.1456277584782,-144.09340196912106,32.2285703037046,28.459107982006763
-286.7432741327062,925.0115986454587,732.9462078475099,180.0,0.0,0.0
