x,y,z,roll,pitch,yaw
303.2004877442062,-507.1736783721693,333.52895030812357,-89.67704669860127,46.36167777429705,45.05603533695124
297.2709418906657,-501.15999314175855,338.88395506258456,-89.67704669860127,46.36167777429705,45.05603533695124
294.30616896389535,-498.15315052655325,341.5614574398151,-89.67704669860127,46.36167777429705,45.05603533695124
