x,y,z,roll,pitch,yaw
304.472306420202,-504.4007415519409,339.4078763597241,35.21308007541614,30.063971636070367,54.94063193795647
298.40983417188113,-498.4986774265358,344.73817365893206,35.21308007541614,30.063971636070367,54.94063193795647
295.37859804772063,-495.5476453638332,347.4033223085362,35.21308007541614,30.063971636070367,54.94063193795647
