x,y,z,roll,pitch,yaw
-419.74477794911724,761.0569166304397,904.2313119516986,-90.27543258025372,45.42998436111674,-4.545534717506391
-428.8708155360052,761.2107799041939,897.3650181617955,-91.22100090914104,45.507798942968314,-4.321686828258351
-436.56846391740635,761.8422637723295,891.3043351068181,-91.79610769296727,45.341892678183086,-4.2356185745514425
