x,y,z,roll,pitch,yaw
305.6741526512289,-504.08546414933915,339.54246777878154,35.21137067476738,30.0653250421352,54.79168859214349
299.49799374012457,-498.19539770765994,344.7542024628757,35.21137067476738,30.0653250421352,54.79168859214349
296.4099142845724,-495.2503644868202,347.3600698049228,35.21137067476738,30.0653250421352,54.79168859214349
