x,y,z,roll,pitch,yaw
710.1747248599046,-493.5883898858925,333.17499802914426,35.20919652885487,30.06810258394858,54.79858147647634
703.6004675397003,-488.4110003187741,338.6498293469141,35.20919652885487,30.06810258394858,54.79858147647634
700.3133388795982,-485.8223055352149,341.38724500579906,35.20919652885487,30.06810258394858,54.79858147647634
