x,y,z,roll,pitch,yaw
368.67693949097503,-485.8387850745658,355.6302806690642,5.9545491754224456,10.347754113850504,30.12770136311942
367.8328422304665,-475.87076588619954,355.48920534330625,5.954549175422445,10.347754113850504,30.127701363119414
367.16499367577,-473.4528609783452,357.94601573781836,5.9545491754224456,10.347754113850504,30.127701363119414
366.0911663671954,-470.9726660754671,359.19977712795094,5.954549175422437,10.347754113850504,30.127701363119428
364.6482008936419,-468.5667882982361,359.70816844575586,5.954549175422424,10.347754113850517,30.12770136311943
362.87293784400885,-466.3718347673229,359.9288686232853,5.954549175422402,10.347754113850517,30.127701363119453
360.80221780719563,-464.5244126033985,360.3195565925914,5.954549175422343,10.347754113850517,30.12770136311946
358.4728813721015,-463.1611289271336,361.33791128572625,5.95454917542226,10.347754113850517,30.127701363119485
