x,y,z,roll,pitch,yaw
894.6939250210303,-501.66570300514377,347.4896343768273,0.029062576433045512,-0.028945279511788564,44.88859607158558
891.1583911150976,-498.1301690992109,347.4896343768273,0.029062576433045512,-0.028945279511788564,44.88859607158558
886.8525184758942,-495.59059903513287,347.58985765056,0.029062576433045512,-0.028945279511788564,44.88859607158558
