x,y,z,roll,pitch,yaw
-391.87740867823004,962.3185606813192,747.9171397198006,-89.91443513462288,45.81140924184189,-45.18274552254724
-397.2625442279284,967.7668786073469,741.507144497089,-89.91443513462288,45.81140924184189,-45.18274552254724
-399.9551120027776,970.4910375703608,738.3021468857332,-89.91443513462288,45.81140924184189,-45.18274552254724
