x,y,z,roll,pitch,yaw
704.7175346441779,-501.3852369511224,357.5964595509822,-0.5585334900672266,-0.7472119582760186,37.02660750848483
700.4549233567514,-495.7427798600773,357.3603749158908,-51.84948107159912,-34.64437485718531,65.71563800835627
699.7418552415958,-494.5060607557112,356.1519882858544,59.778198608828475,38.10177177988672,70.4353616672839
699.151386144855,-493.1576213984884,357.52075325976887,-40.72823493137644,-28.729017184516533,60.59264493683155
698.118538221215,-491.84809438502424,356.3593327150138,59.4966466982793,36.832878700039785,70.75461009167779
697.5193560023799,-490.57008623127916,357.7069398556415,-41.99646654871919,-27.514260293134416,62.6053540352093
696.4914803483277,-489.35259373347156,356.5342080508216,58.631069375894334,37.0735682343094,70.02781450504813
695.884063063761,-488.06252187480317,357.8645789400009,2.198645651775701,3.593817424152472,31.79001636863464
695.0651009733813,-486.72356160146006,357.924895436061,3.634933902640314,4.317571160407484,40.45192547058074
694.0830741646267,-485.55235621484866,358.02190518088366,8.253907722938543,2.760013340370743,71.88332719814571
692.612183434492,-485.0542290781763,358.24698401518697,-90.658479015042,0.1322888197086393,-0.24372007297330572
