hook_num,trajectory_process,x_max_work,x_max_local,x_min_work,x_min_local,y_max_work,y_max_local,y_min_work,y_min_local,z_max_work,z_max_local,z_min_work,z_min_local,x_mean_work,x_mean_local,y_mean_work,y_mean_local,z_mean_work,z_mean_local,euclidean_max_work,roll_max,pitch_max,yaw_max
25,4,2.53982005941839,0.672890134608856,-6.36169829704158e-07,-3.02565846387293e-07,0.0235134597805313,5.97689593781103e-07,-0.228433888394079,-1.79405808105948,-3.50035179508268e-07,-3.50185574933924e-07,-6.55897156714968,-6.76396363780279,2.33186441149702,0.523006131904542,-0.0986875323534796,-1.6044613101263,-5.89438670030747,-6.11133699886679,6.95525526782237,6.37040885717736,1.16224011392425,-6.27698918265196e-06
