x,y,z,roll,pitch,yaw
-361.378753552305,912.0634584551377,745.5608173301941,-66.73813147769462,21.273130580158767,-47.645066477837744
-364.23675299237124,918.9280152704641,738.5151834458923,-88.60513168222768,5.792463069678908,14.381539383884085
-364.3905086439761,918.9164122138266,737.7123246752168,-90.4484057536174,5.2410892232924295,5.558518855984349
-364.5450843691326,918.8997701988517,736.9094783348082,-46.031723115413634,31.596199413880367,-58.54836653527641
-364.8467495441521,920.9351137232311,736.1229193247996,-90.31187900008263,4.800400355559447,6.57726073720808
-365.00281539330183,920.9180074134918,735.2397514542406,-59.84833037354212,24.59345310609207,-53.62574019366284
-365.30642991002924,921.9442029239619,734.4337442668605,-86.54759414420958,10.264483545578676,11.335002095653726
-365.60576085274784,921.948936533586,733.6235176122925,-136.40161713459284,30.764670015439876,43.70915003055155
-366.31886733584366,919.9681516667617,732.9783789576368,-42.706137990514314,33.02648527541209,-52.45230370059467
-366.7772627402433,922.0349708038038,732.3836083407043,-42.287820484666426,33.46960003018489,-57.03371649587628
-367.0970030827019,924.115772255893,731.7770734835062,180.0,0.0,0.0
