x,y,z,roll,pitch,yaw
-289.0636606200457,910.252863085592,896.9315074210622,-89.68487538398236,26.25707876137839,46.1598327735372
-290.32497772005496,909.7590349738507,892.0739603813889,-89.68487538398236,26.25707876137839,46.1598327735372
-290.25655090789985,908.804898780752,890.4946451671353,-89.68487538398236,26.25707876137839,46.1598327735372
-289.97048712771016,906.9589860096014,889.0508043964504,-89.68487538398236,26.25707876137839,46.1598327735372
-290.7714025425191,906.4990055008037,887.6340969976961,-89.68487538398236,26.25707876137839,46.1598327735372
-291.67600006232243,905.9620800149397,886.2823132637733,-89.68487538398236,26.25707876137839,46.1598327735372
-292.46716768698946,905.4872233794526,884.8634508084542,-89.68487538398236,26.25707876137839,46.1598327735372
-293.25340020357936,905.0050457695487,883.4436267122016,-89.68487538398236,26.25707876137839,46.1598327735372
-294.1429259460006,904.445036716678,882.0887629983229,-89.68487538398236,26.25707876137839,46.1598327735372
