x,y,z,roll,pitch,yaw
-498.30496736933463,721.1712838825885,898.550416556843,-90.44145419182514,45.410603957318266,-2.28268854504934
-504.2662118522184,719.9756065913467,891.6858064847489,-91.54027498959287,45.601389694741925,-2.400840631941881
-513.1679630190134,719.5469123456653,883.0507294399159,-93.02061981723904,45.896251061850364,-2.43487621104705
