x,y,z,roll,pitch,yaw
547.2129810949267,-504.07719985869426,338.44395046935153,35.21137067476738,30.0653250421352,54.79168859214349
540.1621607036748,-498.5898672261184,342.935621916572,35.21137067476738,30.0653250421352,54.79168859214349
536.6367505080489,-495.8462009098305,345.1814576401822,35.21137067476738,30.0653250421352,54.79168859214349
