x,y,z,roll,pitch,yaw
85.0859403997581,917.0700610123209,743.7993126632872,-90.06901746942987,45.95286101531392,-45.262379859521126
77.98869214809599,921.690594262696,738.5644717536422,-90.06901746942987,45.95286101531392,-45.262379859521126
74.44006802226491,924.0008608878835,735.9470512988197,-90.06901746942987,45.95286101531392,-45.262379859521126
