x,y,z,roll,pitch,yaw
-177.24725711670754,972.7673985217673,904.5938239191257,-89.67132384099176,42.04889030687818,18.418263806437437
-184.15271681541287,973.0004181692472,897.5864838177094,-89.67132384099176,42.04889030687818,18.418263806437437
-184.25300727318142,972.9308714347643,896.4559923647274,-89.67132384099176,42.04889030687818,18.418263806437437
-185.13361899647816,972.4039347477559,895.4398386941638,-89.67132384099176,42.04889030687818,18.418263806437437
-185.227376726057,971.2150773987864,894.536025974252,-89.67132384099176,42.04889030687818,18.418263806437437
-186.49291857537628,971.5604770459853,893.4045436267629,-89.67132384099176,42.04889030687818,18.418263806437437
-187.1673888618867,971.1304135557082,892.3859341625217,-89.67132384099176,42.04889030687818,18.418263806437437
-188.440809525132,971.4664539371156,891.2944828914494,-89.67132384099176,42.04889030687818,18.418263806437437
-189.72230991381554,971.7995368141017,890.1922115938696,-89.67132384099176,42.04889030687818,18.418263806437437
