x,y,z,roll,pitch,yaw
-177.24725711670754,972.7673985217673,904.5938239191257,-90.27513223276942,45.430016682231766,-4.5454395124345055
-184.33880495465172,973.3026808619545,897.5832727367692,-90.27513223276942,45.430016682231766,-4.5454395124345055
-187.52346905316506,972.2594654583004,893.878337796338,-90.27513223276942,45.430016682231766,-4.5454395124345055
