x,y,z,roll,pitch,yaw
-584.7187677494967,651.8914484936536,891.1404444786373,-89.74284598716645,15.374230613900599,40.58565625013149
-586.3656787367366,649.9639028496214,887.1191568380701,-90.00890197606118,15.418309738473905,40.68615269369638
-589.4634004700024,645.9823170967027,878.5967694429486,-90.50846486869645,15.362226208616011,40.83452284700334
