hook_num,trajectory_process,x_max_work,x_max_local,x_min_work,x_min_local,y_max_work,y_max_local,y_min_work,y_min_local,z_max_work,z_max_local,z_min_work,z_min_local,x_mean_work,x_mean_local,y_mean_work,y_mean_local,z_mean_work,z_mean_local,euclidean_max_work,roll_max,pitch_max,yaw_max
23,3,1.62803644343512e-05,9.81767769702542e-06,-10.4195253061373,-6.91776419730303,2.61836155557194,8.72553656886296,-2.45614546656725e-06,-1.32173713461842e-05,2.47169225820107,2.42551581269144,-3.28525604916257,-3.24113359369839,-8.95143449356077,-5.22139382398673,1.65841848366073,7.46272422233524,-0.342754318115452,-0.331991213952267,10.8896853658307,-7.56424601082313,-6.80659129556998,5.95405142697498
