hook_num,trajectory_process,x_max_work,x_max_local,x_min_work,x_min_local,y_max_work,y_max_local,y_min_work,y_min_local,z_max_work,z_max_local,z_min_work,z_min_local,x_mean_work,x_mean_local,y_mean_work,y_mean_local,z_mean_work,z_mean_local,euclidean_max_work,roll_max,pitch_max,yaw_max
6,3,1.60697945261745e-06,0.123457979801013,-4.53882626492037,-2.25523785936617,1.34516453207652,4.14902261503071,3.3363710372214e-07,-8.97711571305358e-07,2.66169835308915,2.73115767397814,-0.902042533507768,-0.830776873445894,-2.33417893763587,-1.03627934689659,0.847748310259613,2.21885202190965,0.919741719527982,0.978562746632315,4.86777507854967,-0.16823181994289,-0.730347964433417,6.68340463834865
