hook_num,trajectory_process,x_max_work,x_max_local,x_min_work,x_min_local,y_max_work,y_max_local,y_min_work,y_min_local,z_max_work,z_max_local,z_min_work,z_min_local,x_mean_work,x_mean_local,y_mean_work,y_mean_local,z_mean_work,z_mean_local,euclidean_max_work,roll_max,pitch_max,yaw_max
20,4,-1.23873178381473e-08,-4.86697747672141e-09,-4.82471303233115,-3.02325040318081,0.785379581173061,3.88485290362941,6.53278675599722e-09,1.26766202463505e-08,-7.26779944670852e-07,-7.2678802050609e-07,-3.14535999795856,-3.04437531503486,-4.63480127348306,-2.81593544923669,0.665065066880039,3.79333141442596,-2.76594629547292,-2.69447944116057,5.78190643857243,0.406391897098656,1.44404528989311,0.000108810310685215
