hook_num,trajectory_process,x_max_work,x_max_local,x_min_work,x_min_local,y_max_work,y_max_local,y_min_work,y_min_local,z_max_work,z_max_local,z_min_work,z_min_local,x_mean_work,x_mean_local,y_mean_work,y_mean_local,z_mean_work,z_mean_local,euclidean_max_work,roll_max,pitch_max,yaw_max
3,2,3.72779140889179e-10,-2.66845985483814e-09,-5.02890893794677,-1.85043250303895,3.40073525213722,5.95308174922957,-3.1856188797974e-09,-3.21468447538849e-09,1.32531014841493,1.34335012177597,-1.36141834824275,-1.32343064119876,-3.29088689990283,-1.01882592601091,1.85614564378677,3.639499551472,-0.185283612385426,-0.126261589722433,6.21380498171461,6.27199553388192,4.68903857262441,3.08790512500502
