hook_num,trajectory_process,x_max_work,x_max_local,x_min_work,x_min_local,y_max_work,y_max_local,y_min_work,y_min_local,z_max_work,z_max_local,z_min_work,z_min_local,x_mean_work,x_mean_local,y_mean_work,y_mean_local,z_mean_work,z_mean_local,euclidean_max_work,roll_max,pitch_max,yaw_max
1,2,9.21311692536619e-06,8.76713271986817e-06,-5.68044767955217,-1.61459645470842,3.51103709643508,6.49666624656947,3.16767841468391e-06,-4.24760667068776e-06,3.92157466214491,3.94835732655089,-1.28977228541771e-06,-1.29400309539846e-06,-3.89884253729304,-0.721315670523625,2.8673681702989,4.76685740790394,2.0961606231161,2.14355744499764,7.05000138630049,0.521249908696955,-0.210637078854995,5.77266833161715
