hook_num,trajectory_process,x_max_work,x_max_local,x_min_work,x_min_local,y_max_work,y_max_local,y_min_work,y_min_local,z_max_work,z_max_local,z_min_work,z_min_local,x_mean_work,x_mean_local,y_mean_work,y_mean_local,z_mean_work,z_mean_local,euclidean_max_work,roll_max,pitch_max,yaw_max
23,4,1.62803644343512e-05,9.81767769702542e-06,-10.1364219806023,-5.8133463520475,2.6656633223414,8.79530438518508,-2.45614546656725e-06,-1.32173713461842e-05,2.43565582753001,2.38928662721521,-4.26190695179685e-07,-4.22911942706095e-07,-9.78970739694117,-5.3753931056902,2.28979080029276,8.50110593500002,1.31131764595017,1.28488973927961,10.4591155772819,0.186304335755692,-1.03218966000101e-06,0.289725507537035
