x,y,z,roll,pitch,yaw
-230.80137229481178,917.9594203854624,744.7783406276512,-89.79708993163801,45.89206218589923,-44.85414398289601
-237.1061917708873,921.3050401930009,735.3463876420781,-90.26774976642736,45.39802440300291,-44.79732119182278
-242.40404386161134,927.3021848452482,728.2131535018168,-88.52124418521028,46.5433253169691,-48.47385518823499
