x,y,z,roll,pitch,yaw
-403.2662399674795,983.618092601042,740.6063772729386,-89.32229126506566,25.645765338977167,0.42599873961024726
-405.38997464226384,982.3193116812532,740.5371503507172,-89.23044279693562,25.668155298246198,0.4853648098254478
-410.78934120342365,983.6332332097661,734.7696578136913,-89.20478717674047,25.285076100976873,0.5008514318706061
