x,y,z,roll,pitch,yaw
72.3867081620142,-507.67259165923633,334.2461719092036,-89.67704669860127,46.36167777429705,45.05603533695124
66.97684220004896,-501.0949993501215,339.48722425473915,-89.67704669860127,46.36167777429705,45.05603533695124
64.27190921906629,-497.80620319556385,342.1077504275069,-89.67704669860127,46.36167777429705,45.05603533695124
