x,y,z,roll,pitch,yaw
71.07486191890325,-507.4553898045242,333.16322065069517,-65.81683680240013,24.47985903764179,21.891511371663043
65.69129471469898,-500.9853981468624,338.416850685152,-59.452684901035404,59.79236458684362,23.347470719752355
65.43358267847543,-499.9779561579593,339.61224667822205,-57.82329673089226,51.61593002275677,24.59570008217139
65.02040266023778,-499.04195016766226,340.85230675726206,-80.55050443261221,-10.65767955754,16.21894533363275
64.25187165517036,-497.9401598543797,340.9363798448348,-58.21053145148379,51.32711933564673,24.413336283995225
63.83103300504172,-496.99042981871355,342.17251148260084,-59.97029808723598,44.88167566611364,23.80292413011777
63.2508188898903,-495.9532495866021,343.42813381432774,-117.97699354403986,-30.331827957579595,23.34586384787787
62.438932824997664,-494.9315263214667,342.2842746229161,-77.44547655404193,-16.057048707703512,18.444420571114446
61.66453073313801,-494.06034567588404,342.3459252534556,-42.190301187516965,21.625003094793676,30.058911210240403
60.60777396826472,-493.72996942866706,343.70019706579507,-40.13189392235938,20.857476323586404,30.56737247433225
59.54137033519419,-493.4767762931329,345.06287738010127,179.99248669182361,-1.5192048908233755,0.4681055756042892
