x,y,z,roll,pitch,yaw
72.3867081620142,-507.67259165923633,334.2461719092036,-66.71715456551811,23.169758464559358,21.540381305881013
66.99557148511929,-501.07329742605725,339.25942789445736,-87.48111914788154,-6.542139760880089,8.459899465534235
66.68954643168877,-500.05405610948145,339.264186398579,-60.02055823458527,44.553312325115805,23.791374647921256
66.1167844604496,-499.0415880853004,340.48724171192845,-82.48048966462243,-9.993898393494318,14.713315989030542
65.50199639468394,-498.01900653860855,340.53949624708,-116.71499708535706,-29.090203528519684,22.846345463816167
64.70071203782743,-496.9999106022726,339.47387706385535,-45.61652093186665,57.915933271154834,30.623438845300058
64.30308430039418,-496.04402832429514,341.8053515122808,-62.43630798541581,44.43890104157058,22.618187957392397
63.713763080401236,-494.9245991482768,343.0066882263579,-77.4468836552559,-16.085565764259258,18.445430242578063
62.93727388396121,-494.0512392522452,343.06817245781775,-40.32172582062624,19.96948355304032,30.420108670076512
61.87187366677233,-493.8007149892359,344.393064093054,-40.428624723109046,19.607276104782184,30.352280439181776
60.79687496727081,-493.547887710339,345.7148596034805,179.99248669182361,-1.5192048908233755,0.4681055756042892
