x,y,z,roll,pitch,yaw
-507.84356093928324,914.6483371414024,748.4844384845271,-89.90016204503854,45.78618838350094,-45.105289243483405
-513.2184551189425,920.1926568524763,742.1354626870707,-89.90016204503854,45.78618838350094,-45.105289243483405
-515.9059022087722,922.9648167080131,738.9609747883425,-89.90016204503854,45.78618838350094,-45.105289243483405
