x,y,z,roll,pitch,yaw
-507.6063958768649,913.7063760582421,747.4408413932601,-90.23152839066735,45.97185485661044,-45.66837694355438
-512.6737957017241,919.8721971861451,741.5062170825727,-90.23152839066735,45.97185485661044,-45.66837694355438
-515.2074956141537,922.9551077500965,738.5389049272289,-90.23152839066735,45.97185485661044,-45.66837694355438
