x,y,z,roll,pitch,yaw
68.98226332447632,-505.7506443890891,335.8964060171985,35.17016898039167,30.119268504684097,55.121401684527626
66.95875091371045,-498.0513521402769,343.8062703040249,35.4910488813091,30.00665955091142,54.33618842524473
63.4537763002196,-492.09565656174607,347.4960076107491,34.997174939799734,29.944252930771352,53.778173638023866
59.95309057586269,-490.4312698497383,348.29710093503616,40.488446151540614,21.619034634868726,64.36499291297878
60.02501799281856,-489.47486713074545,349.0482419281702,45.25464432465481,2.9258772659601866,84.60214510107049
