x,y,z,roll,pitch,yaw
72.18755988194624,-506.9436321061333,338.58491938832776,35.19703876115868,30.08439889764044,55.00594188051432
66.68736557608713,-497.67484564352566,342.2542374302535,34.692849308126114,30.133876615702455,54.34357475279989
63.32600530502242,-489.5209949888404,347.5173795161911,34.538283630994464,30.21976410263842,53.92286576720981
62.002096452819785,-487.4744983027951,348.5920393559858,35.476614174956374,29.306205313268748,55.82249318603706
