x,y,z,roll,pitch,yaw
70.52910633973158,-505.5474365371207,338.7915481043043,35.20294295448379,30.076842939696782,54.983135672703355
65.40302597031473,-496.0288747986548,346.845245765095,34.254160457681564,29.75409718155555,52.76214150247708
61.37032143498084,-489.2302757579305,350.0101004229733,35.68815071830147,27.526485638045642,55.398272278295835
60.05298738598037,-487.304257403408,351.6672357610605,37.51094272925704,24.67758033371259,58.94263648596434
59.35877866145995,-487.3801661996538,353.2296858567631,44.06578233341904,4.107899163240632,81.77096280284887
