x,y,z,roll,pitch,yaw
68.74155592591615,-504.9420250182744,331.6488289341288,-90.24671259407532,46.6979821812798,45.66435908805525
64.39682884953038,-499.3840568950344,338.75035069229557,-90.24671259407532,46.6979821812798,45.66435908805525
62.22446531133755,-496.60507283341417,342.3011115713789,-90.24671259407532,46.6979821812798,45.66435908805525
