x,y,z,roll,pitch,yaw
-507.4934661762972,915.2104311004451,747.9672797891227,-89.92053549253224,46.001040957191776,-45.2412318410368
-513.0925098204164,920.395620687458,741.5542525326233,-89.92053386980434,46.00104046077296,-45.24122953928015
-510.59254060004855,923.3129759626152,739.3010212960434,-89.51529859648963,45.795603807011354,-45.25867334240992
-514.5215963891399,927.4854498857673,731.3960801481975,-89.04477401217213,45.25583298894223,-44.70289607463509
-516.8121204147182,928.6160929398976,731.7008288256494,-84.33615291114492,84.16351211263584,-39.68976285520432
