x,y,z,roll,pitch,yaw
68.98226332271031,-505.7506443901535,335.8964057682608,35.170169303045725,30.11926842183276,55.12140084190406
63.85472523971009,-499.67769636119056,341.9649851279544,35.170169303045725,30.11926842183276,55.12140084190406
61.29095619820998,-496.6412223467091,344.99927480780116,35.170169303045725,30.11926842183276,55.12140084190406
