x,y,z,roll,pitch,yaw
-507.6063958768649,913.7063760582421,747.4408413932601,-90.39554827203972,53.506841765727984,-50.62410181844225
-512.6035302809499,919.9187948716747,741.4761558766311,-90.39554827203972,53.506841765727984,-50.62410181844225
-513.082521212338,919.991414923453,740.3755597206184,-90.39554827203972,53.506841765727984,-50.62410181844225
-513.6578414172227,921.2648317070852,739.3757601846692,-90.39554827203972,53.506841765727984,-50.62410181844225
-514.0835402680872,922.5039687695637,738.3630046466213,-90.39554827203972,53.506841765727984,-50.62410181844225
-514.8760449307731,922.6300735961202,737.419074874003,-90.39554827203972,53.506841765727984,-50.62410181844225
-515.4675925254091,923.8908017196322,736.31607270158,-90.39554827203972,53.506841765727984,-50.62410181844225
-516.1087193109363,923.9699853395588,735.3627971726235,-90.39554827203972,53.506841765727984,-50.62410181844225
-516.8611209421288,925.2697429349806,734.4919475899246,-90.39554827203972,53.506841765727984,-50.62410181844225
-517.9285413626461,926.6444425721478,734.1906316584884,-90.39554827203972,53.506841765727984,-50.62410181844225
-519.0021375166862,928.0274483963003,734.0494676691003,-90.39554827203972,53.506841765727984,-50.62410181844225
