x,y,z,roll,pitch,yaw
584.9041877222018,-508.0833700331313,346.90888665056207,35.219721555187604,30.055542490131078,54.9135154064824
577.1450008529199,-502.0633642852543,348.7242411481932,17.274340967343097,24.447049947216463,38.2406931462033
570.5964256072142,-495.2593356958784,351.2200082486589,16.69052396294091,24.53822982021328,37.891474728288195
