x,y,z,roll,pitch,yaw
582.1734390928447,-511.39774711537774,333.5907772410835,39.26428904246689,27.746533305462798,60.55140975133168
577.1498265073498,-504.3090097044945,338.6552446687831,39.26428904246689,27.746533305462798,60.55140975133168
577.1980636231385,-503.4010640076454,339.21082820948527,39.26428904246689,27.746533305462798,60.55140975133168
576.472874082214,-502.6006855997344,339.776559710357,39.26428904246689,27.746533305462798,60.55140975133168
575.7438744286409,-501.85114969820864,340.3435767046417,39.26428904246689,27.746533305462798,60.55140975133168
575.0105870624118,-501.0421900246826,340.9060730606458,39.26428904246689,27.746533305462798,60.55140975133168
574.2299494177001,-500.2682527847309,340.88549058711317,39.26428904246689,27.746533305462798,60.55140975133168
573.531809362697,-499.4111129006208,342.02591291103124,39.26428904246689,27.746533305462798,60.55140975133168
572.6746665586022,-498.7010918021976,342.58843655587145,39.26428904246689,27.746533305462798,60.55140975133168
