x,y,z,roll,pitch,yaw
6.669030537816866,921.3266872360126,746.4155734618537,-90.06901746942987,45.95286101531392,-45.262379859521126
-0.6643953011194981,924.5206195029508,740.4656501189422,-90.06901746942987,45.95286101531392,-45.262379859521126
-4.331108220587697,926.1175856364199,737.4906884474865,-90.06901746942987,45.95286101531392,-45.262379859521126
