x,y,z,roll,pitch,yaw
584.4261497134156,-510.9755685188913,343.2626404779712,-89.6770474623958,46.36167632703622,45.05603629329416
575.9776383889961,-501.0765330914408,345.55062483574176,-92.26378959611634,27.038262310404352,41.23634090399409
571.986831485694,-495.8350710227352,347.6047489299343,-92.81296695751773,27.05601413463845,41.2460676478084
569.7017828015859,-494.1298876883035,348.1671688967302,-92.97264847425777,27.001804490764382,41.230124071881825
567.7748675892719,-494.7484750975969,349.82450173824554,-103.07214900539942,38.42331996070029,78.74309517252004
