x,y,z,roll,pitch,yaw
585.0932827434933,-507.47400546491065,345.0456090674363,35.21307966003062,30.06397174625575,54.940633231670624
578.6769822526259,-500.60925296548055,346.28877292715265,34.56555367263356,30.106726535529702,55.74998502938033
571.3498629827885,-492.70507919589613,349.8303962389658,33.226912395541866,29.97258117162891,55.71178189132568
