x,y,z,roll,pitch,yaw
584.4261500171739,-510.9755685005303,343.2626402021293,-89.67704669860127,46.36167777429705,45.05603533695124
576.8842645424054,-504.71432585329666,345.2417319124703,-89.67704669860127,46.36167777429705,45.05603533695124
573.1133218050211,-501.5837045296798,346.23127776764073,-89.67704669860127,46.36167777429705,45.05603533695124
