x,y,z,roll,pitch,yaw
585.09328277611,-507.47400563354086,345.04560820228414,35.21308007541614,30.063971636070367,54.94063193795647
577.7766683957957,-501.2204493952572,347.7585749150179,35.21308007541614,30.063971636070367,54.94063193795647
574.1183612056386,-498.0936712761154,349.11505827138456,35.21308007541614,30.063971636070367,54.94063193795647
