x,y,z,roll,pitch,yaw
667.4188634102524,-494.63604785502787,353.3446477030783,0.015354733434500403,-0.004113599882272236,14.954952923717647
664.8306729592272,-484.97678959213727,353.3446477030784,0.015354733434500403,-0.004113599882272236,14.954952923717647
660.8423845718115,-482.0358527739123,354.01131581392065,0.015354733434500403,-0.004113599882272236,14.954952923717647
