x,y,z,roll,pitch,yaw
662.9203557838138,-492.38130164754733,355.73748207164454,3.9990291414020738,2.8257412491693925,53.67358716020777
660.2948223275357,-482.7270387508458,355.8677964415523,3.9990291414020738,2.8257412491693925,53.67358716020777
659.5087760102538,-480.19593791927826,355.9836010844857,3.9990291414020738,2.8257412491693925,53.67358716020777
658.0984229791804,-477.81768084553966,356.2031690978416,3.9990291414020738,2.8257412491693925,53.67358716020777
656.6861829761708,-475.5954645375214,356.4079305436783,3.9990291414020738,2.8257412491693925,53.67358716020777
654.6227607104539,-473.445278115799,355.7309814040598,3.9990291414020738,2.8257412491693925,53.67358716020777
652.6001045399289,-471.2951872012298,356.96810716719597,3.9990291414020738,2.8257412491693925,53.67358716020777
650.0823901121759,-470.48637691528194,357.3183053276488,3.9990291414020738,2.8257412491693925,53.67358716020777
647.0902690456663,-470.39829169958256,356.7503134036343,3.9990291414020738,2.8257412491693925,53.67358716020777
