x,y,z,roll,pitch,yaw
-385.1939801869984,826.2388089047124,886.5956548802643,-89.69295094886998,34.62923904451245,39.252614857731714
-388.3014073104598,824.0306863487165,876.3305688314606,-89.76430451261724,34.611255987981345,39.27221999778103
-394.43451809462215,819.4437366699727,866.1677999579235,-95.42596535107062,58.80476471372753,38.568883200606024
-398.3475207006931,815.4655314401863,865.5076755346381,-118.35636695836637,81.24809279074346,19.07832899544368
