x,y,z,roll,pitch,yaw
318.51922055215175,-501.12790542386983,357.6580456419716,-2.9174876307333797,-2.4873916186838114,50.12231228877055
315.05938539466797,-497.5886479402824,358.0911651549153,-2.9174876307333797,-2.4873916186838114,50.12231228877055
314.1851810450398,-496.1244092426041,357.4634017997939,-2.9174876307333797,-2.4873916186838114,50.12231228877055
312.9903953682689,-494.9015793958614,357.65284536980505,-2.9174876307333797,-2.4873916186838114,50.12231228877055
311.6467405036075,-493.7456039884016,357.10278672391667,-2.9174876307333797,-2.4873916186838114,50.12231228877055
310.1906772296785,-492.7759292706826,356.57143356936433,-2.9174876307333797,-2.4873916186838114,50.12231228877055
308.741359007759,-491.7519770823877,356.0262564706559,-2.9174876307333797,-2.4873916186838114,50.12231228877055
307.2990529964688,-490.79414814607935,355.4712867817418,-2.9174876307333797,-2.4873916186838114,50.12231228877055
305.7454626040387,-490.1398692348946,354.9364958832507,-2.9174876307333797,-2.4873916186838114,50.12231228877055
