x,y,z,roll,pitch,yaw
-144.96043994413813,983.4773296816314,743.9701802482305,-88.67808821937618,45.52050527756556,0.9030579358846657
-148.17381925141444,982.8552247950015,740.7317345035988,-88.96042233102332,45.50332850572037,0.8787054721646067
-158.3377520487566,982.3594217223042,733.4452881777743,-89.60240234608737,45.41291354989518,0.9978969842887703
