x,y,z,roll,pitch,yaw
-144.96044073321355,983.4773284874384,743.9701806436611,-88.67808726160978,45.52050403280165,0.903060253969482
-153.24665680615362,982.374961352582,738.4757591584072,-88.67808726160978,45.52050403280165,0.903060253969482
-157.38976484262366,981.8237777851539,735.7285484157802,-88.67808726160978,45.52050403280165,0.903060253969482
