x,y,z,roll,pitch,yaw
146.67200760357815,-505.1752478622114,336.7444455606555,-90.24671259407532,46.6979821812798,45.66435908805525
141.02397809467072,-499.0182712177268,342.2573633665389,-90.24671259407532,46.6979821812798,45.66435908805525
138.19996334021704,-495.9397828954846,345.01382226948056,-90.24671259407532,46.6979821812798,45.66435908805525
