x,y,z,roll,pitch,yaw
-202.79859333741882,981.3910938151589,902.7804670112682,-89.74284475545734,15.37423082404623,40.58565732013335
-203.8221487943079,980.540499521733,897.9608374647671,-89.74284475545734,15.37423082404623,40.58565732013335
-205.6626816732605,978.8876065605763,893.6155907069514,-89.74284475545734,15.37423082404623,40.58565732013335
