x,y,z,roll,pitch,yaw
-202.79859333741882,981.3910938151589,902.7804670112682,-89.71154914353761,29.589586044837688,42.44373622766069
-204.0277276940925,980.806431930258,897.9796425177258,-89.71154914353761,29.589586044837688,42.44373622766069
-202.07227110343428,978.218373235225,896.2130027880055,-89.71154914353761,29.589586044837688,42.44373622766069
-203.99221343768414,979.6503376056728,894.8978503040446,-89.71154914353761,29.589586044837688,42.44373622766069
-204.69028572607442,979.2698805214411,893.42204233048,-89.71154914353761,29.589586044837688,42.44373622766069
-206.07029966382476,979.7645106532805,891.9736563743262,-89.71154914353761,29.589586044837688,42.44373622766069
-206.07782532613118,978.4963994643889,890.4672774339508,-89.71154914353761,29.589586044837688,42.44373622766069
-207.45393787345068,978.9715273312702,888.9383243528204,-89.71154914353761,29.589586044837688,42.44373622766069
-208.24743412022036,978.4958473187497,887.5177244955539,-89.71154914353761,29.589586044837688,42.44373622766069
