x,y,z,roll,pitch,yaw
939.6001204540905,-509.2813360251252,334.90639452656274,35.194149689806736,30.086821278119288,54.814089850340046
934.6001204540905,-502.2102682132599,339.90639452656285,35.194149689806736,30.086821278119288,54.814089850340046
931.2895010446878,-500.02518945003357,342.95027854613124,35.194149689806736,30.086821278119288,54.814089850340046
