x,y,z,roll,pitch,yaw
524.8969759212911,-493.3867159563597,360.22108238199894,0.02066380984674485,-0.005525581522734614,14.939317683193854
523.9158656371521,-489.9052788013918,360.194967068585,-0.19916817742346005,-0.02221298323505063,14.94791894176645
519.0952511799509,-480.96039624387674,359.83439324973654,-0.7644419719748303,-0.15950710649615352,14.87236320815224
