x,y,z,roll,pitch,yaw
-196.98561007337784,969.4647856293352,739.0421884434663,-89.91443557744478,45.81140952000493,-45.18274562037273
-206.6048207043301,976.4298940530996,734.2760497935371,-100.69484760053828,45.87080020174245,-31.522217327042068
-213.65485087627155,979.5093795951722,727.8631596536369,-100.83128252512991,45.40019752884797,-31.28419921571709
