x,y,z,roll,pitch,yaw
710.5468501453615,-504.49259255515955,360.30765677588374,-0.00021858603469911904,0.00018860931041756653,45.09410465824103
702.0329407580097,-499.3163149353065,359.45942511756766,-0.00021858603469911904,0.00018860931041756653,45.09410465824103
697.7759860643337,-496.72817612538,359.03530928840974,-0.00021858603469911904,0.00018860931041756653,45.09410465824103
