x,y,z,roll,pitch,yaw
710.5468501453615,-504.49259255515955,360.30765677588374,-4.874260887550919,-2.9382303463705663,58.85712897600386
702.1227157470296,-499.32450850706635,360.20813886091355,-40.5899530278166,-23.30582452503233,65.10732472741743
701.0638188213522,-498.31795206766884,359.12004115587706,-37.44846931746193,-15.930802921985556,70.17964304892362
699.8511591079958,-497.57133154256866,358.0940224414652,10.368122615270332,8.068162337147273,52.63217449619089
698.719570700144,-496.6573700657547,358.35756577027985,10.239786854321398,7.258170619889328,55.15511502920795
697.5853008497257,-495.8259724280022,358.6096260828125,56.61698027498724,21.70790743211786,76.39522194426733
696.6774483580438,-494.9803641049047,360.13591241908796,-39.82294685226092,-17.68325932237548,69.8805772406906
695.4705906050771,-494.15826207630647,359.0117728746387,7.971558231367288,5.143894368813839,57.494517762818205
694.3281023832396,-493.4073737642821,359.2025109204867,9.290403239279232,3.4728861216245126,69.79470065130441
693.020874279202,-492.9091935504668,359.43096329574246,-34.39278154069935,1.9706515649495837,92.95761517167087
691.5039015805303,-493.0213537190447,358.3906290929091,-90.96638930173373,-0.04054484218922487,-0.33946115387598763
