x,y,z,roll,pitch,yaw
212.66305609030644,-504.12491038822714,337.57850337041054,35.20668977681617,30.07209421652394,54.96922639284447
209.6119631517849,-496.9084019881748,343.7924263175089,35.20668977681617,30.07209421652394,54.96922639284447
208.08641668252403,-493.3001477881486,346.8993877910581,35.20668977681617,30.07209421652394,54.96922639284447
