x,y,z,roll,pitch,yaw
-747.0291270459256,443.9234263900957,898.3529586777245,-89.49885793841122,45.20251490347251,46.01877680504076
-752.3638772682486,437.24749560174695,893.1505110387325,-89.49885793841122,45.20251490347251,46.01877680504076
-755.0312523794101,433.9095302075726,890.5492872192365,-89.49885793841122,45.20251490347251,46.01877680504076
