x,y,z,roll,pitch,yaw
212.81071446638958,-505.9761922396654,331.14121068622586,-90.06653235332368,46.41536400841571,45.7461776232307
209.7789280211519,-498.97268538337556,337.63010476338735,-90.06653235332368,46.41536400841571,45.7461776232307
208.263034798533,-495.4709319552305,340.87455180196804,-90.06653235332368,46.41536400841571,45.7461776232307
