x,y,z,roll,pitch,yaw
304.4723064134047,-504.40074155859975,339.4078772947322,35.213079770356806,30.063971716552725,54.940632823010574
298.20953000905115,-494.8784803660826,342.6305047335899,34.45210560612841,30.314579027001876,54.44332548887132
292.92746727267365,-487.61813022334763,348.5367264748264,40.313784471533616,31.67482455408927,57.30801565515166
