x,y,z,roll,pitch,yaw
623.3893862707821,-498.38026925528317,341.4376505174341,35.20906512973859,30.069021366678523,54.954246189324806
615.9167446297286,-495.2062677525558,347.27591578762167,35.20906512973859,30.069021366678523,54.954246189324806
612.1804238092018,-493.6192670011921,350.19504842271533,35.20906512973859,30.069021366678523,54.954246189324806
