x,y,z,roll,pitch,yaw
-66.37592595772992,947.6695678467736,718.2443521300916,-89.25480948919304,15.992541897314137,-0.06275540437152713
-66.37592595772992,947.6695678467736,718.2443521300916,-89.25480948919304,15.992541897314137,-0.06275540437152713
-69.96473547591133,949.4063127512314,715.261130598365,-89.25480948919304,15.992541897314137,-0.06275540437152713
