x,y,z,roll,pitch,yaw
-66.37592596276362,947.6695687931386,718.2443521454255,-89.25480916142068,15.992543073964747,-0.06275487697162219
-67.44275381756646,946.2212390036243,715.7770694685327,-88.23999650237526,26.590698326818696,-2.238616580679413
-72.18694185449444,947.1453158461084,708.0054026869905,-88.18299901156954,44.640142582870915,-2.2177622236278713
-77.42557833416046,946.3879243462156,705.0457368779253,-88.25063442672533,72.14402895171479,-1.6871907173977765
-80.42114875594282,946.5473413398557,704.5648875855479,-87.4419493109165,82.24041213502032,-0.447035059117025
