x,y,z,roll,pitch,yaw
-191.49806266318478,929.5407951962061,740.9461906906886,-62.29256284282107,23.050570514728534,-151.09773275362747
-182.46298078079235,928.7750946859298,736.9172049605049,-121.25619814338157,24.116519037710518,-163.63301439474643
-181.5104168105076,929.6789123952465,736.1581291089499,-51.894548563319105,26.64111986427914,160.53023455718824
-180.42480069875245,928.4537523534277,735.52480074318,-66.93789032313067,22.524330244543314,-158.44523494240002
-179.40513046462405,928.3035172529741,734.9043498352785,-125.57699364262582,25.179398810414362,-171.12153377591392
-178.29224046390482,929.2077449356495,734.287280008924,-51.930899754787575,26.62838943581122,160.5948645363169
-177.21969023568346,928.0001088247461,733.6614026405947,-64.8994963262778,22.85553608283205,-155.4542174113156
-176.19920477633679,927.8709309818238,733.1164702401325,-57.902767208223494,23.311949050094356,-150.75098005142434
-175.03084799773416,927.7236486499183,732.7203397981727,-50.002713046710355,22.59714554089312,-145.4872328595134
-173.85922778540936,927.591561452218,732.5501059880049,-46.98890032108466,21.976334814102056,-143.57067257117222
-172.539622159999,927.4532184950839,732.4524005549046,180.0,0.0,0.0
