x,y,z,roll,pitch,yaw
509.7727627184778,-480.1162970514529,366.0678492914163,-89.46202538276275,1.0877415449941077,16.319005655000964
508.7473576191127,-477.65949368428045,364.58957210672884,-88.56402224351397,3.398937462657309,26.88405821765561
504.0627752726041,-469.83337763839404,365.4245981264163,-88.7403188521241,3.624169612708941,44.93428717266924
498.8611163228128,-466.83712130727884,364.6458118031557,-89.16804762515528,3.4700496233360965,72.44676693567433
495.86787538184404,-466.327090875062,364.809613184355,-88.50116921304182,2.3606941654797766,82.55757294487572
