x,y,z,roll,pitch,yaw
238.5900805512333,-493.9346878190121,359.73311295907854,0.020664036470951882,-0.005525773391018884,14.939317448232698
236.15035134704576,-489.62317224077856,362.0575080676008,-0.3474278758695312,-0.11395399923128978,15.091220619345144
228.60312478985728,-480.904082736545,362.6421309610396,-1.683055780612779,0.12679203918386542,21.08677161244599
