x,y,z,roll,pitch,yaw
508.93370947784393,-508.0855555881984,340.0957920799882,35.205310122055806,30.072555995127026,54.80320957826542
503.70603025810436,-501.53200575970925,347.16502691831806,18.131488118972662,18.6794926742017,55.04554409332473
495.1517807477187,-495.70466550849073,350.68971076171624,17.414269755043943,18.619251084353238,55.09332357038106
