x,y,z,roll,pitch,yaw
424.4562191338076,-487.3761392651884,358.8715055045585,-0.00021917578688784032,4.9922593804362175e-05,15.25427000338426
419.0956410229635,-486.5041425726379,361.9541726297324,-0.19060019738510445,-0.5130504754069664,14.675227119283413
414.63060108612353,-474.97040200233357,362.51336496562294,-2.814546077746366,-0.6456777186331278,31.495959032210184
411.3160400553743,-470.5977510453348,362.9379020294334,-6.842964664565514,0.9149606668626648,54.93677281808774
410.8382776851744,-468.39586881350726,363.1831964452325,-7.90636772112295,2.300983198676163,75.39097375019738
