x,y,z,roll,pitch,yaw
429.1904002848584,-488.7352771016116,359.84115544361464,0.047316872791422875,-0.01255847724551184,14.862077774568284
422.6812901085191,-481.5852099705703,362.3922384947672,0.047316872791422875,-0.01255847724551184,14.862077774568284
419.4267350203493,-478.0101764050497,363.66778002034346,0.047316872791422875,-0.01255847724551184,14.862077774568284
