x,y,z,roll,pitch,yaw
-554.1608820339401,678.5251076595291,887.1189317133313,-89.70200004045277,15.362221618686243,40.59476002905248
-556.2096619322285,676.8330208813164,877.4784277007222,-89.70200004045277,15.362221618686243,40.59476002905248
-559.4140303611915,674.4437889866779,874.4750259512979,-89.70200004045277,15.362221618686243,40.59476002905248
