x,y,z,roll,pitch,yaw
421.15619609571166,-489.416218021769,360.42399395391635,0.06525077992430522,-0.0172469567160385,14.813116716082943
418.5680056446865,-479.75695975887817,360.42399395391624,0.06525077992430522,-0.0172469567160385,14.813116716082943
414.65834946471034,-476.7060599189576,361.06164489380956,0.06525077992430522,-0.0172469567160385,14.813116716082943
