hook_num,trajectory_process,x_max_local,y_max_local,z_max_local,roll_max,pitch_max,yaw_max,x_mean_local,y_mean_local,z_mean_local
1,1,4.42,1.2766779329970725e-07,0.72,250.08,18.82,37.41,-1.4696875,-1.43787109375,-1.59328125
1,2,4.42,1.2766779329970725e-07,0.72,0.08,8.350557260054039,2.89,-1.4696875,-1.43787109375,-1.59328125
1,3,4.42,1.2766779329970725e-07,0.72,0.08,8.350557260054039,2.89,-1.4696875,-1.43787109375,-1.59328125
1,4,9.7,1.88,0.0,1.2598709986377798e-06,1.4,7.101464731817941e-07,-3.079609375,-4.59244140625,-1.4693945312499999
