hook_num,trajectory_process,x_max_local,y_max_local,z_max_local,roll_max,pitch_max,yaw_max,x_mean_local,y_mean_local,z_mean_local
1,1,4.42,2.59,1.64,269.87,38.37,112.27,-2.4360641479492187,-2.9055643272399903,-1.1846711730957034
1,2,4.42,2.59,1.64,0.12,8.350557260054039,5.57,-2.4360641479492187,-2.9055643272399903,-1.1846711730957034
1,3,4.42,2.59,1.64,0.12,8.350557260054039,5.57,-2.4360641479492187,-2.9055643272399903,-1.1846711730957034
1,4,9.7,2.88,0.59,1.2598709986377798e-06,1.41,0.1,-2.334882431030273,-0.6661742591857909,-0.36099550247192386
