hook_num,trajectory_process,x_max_local,y_max_local,z_max_local,roll_max,pitch_max,yaw_max,x_mean_local,y_mean_local,z_mean_local
1,1,4.42,0.28,0.72,251.54,20.73,37.41,-2.1662109375000003,-2.7922338867187504,-1.70791015625
1,2,4.42,0.28,0.72,0.08,8.350557260054039,2.89,-2.1662109375000003,-2.7922338867187504,-1.70791015625
1,3,4.42,0.28,0.72,0.08,8.350557260054039,2.89,-2.1662109375000003,-2.7922338867187504,-1.70791015625
1,4,9.7,1.88,0.0,1.2598709986377798e-06,1.41,7.101464731817941e-07,-1.844951171875,-2.86030517578125,-2.03742431640625
