hook_num,trajectory_process,x_max_work,x_max_local,x_min_work,x_min_local,y_max_work,y_max_local,y_min_work,y_min_local,z_max_work,z_max_local,z_min_work,z_min_local,x_mean_work,x_mean_local,y_mean_work,y_mean_local,z_mean_work,z_mean_local,euclidean_max_work,roll_max,pitch_max,yaw_max
13,1,0.134027770832333,-0.790796983380884,-6.0321527711229,-2.48031655411457,4.65997052580065,8.65543383746249,-3.60061025448135,-1.937418625564,2.05053700980477,4.67480788011623,-6.69478464805297,-3.57884183458882,-3.75928777899393,-1.03406347133147,2.48157456016306,6.46756902522434,-5.35498512106112,2.45409301437778,10.145064506414,269.542926704584,49.1898750757277,63.0111675848886
