hook_num,trajectory_process,x_max_work,x_max_local,x_min_work,x_min_local,y_max_work,y_max_local,y_min_work,y_min_local,z_max_work,z_max_local,z_min_work,z_min_local,x_mean_work,x_mean_local,y_mean_work,y_mean_local,z_mean_work,z_mean_local,euclidean_max_work,roll_max,pitch_max,yaw_max
18,4,0.934598553176329,0.232857790769937,0.363897541888264,-1.35841526621991,2.91977212553377,1.26521029507753,2.00240574480711,1.16064481926705,0.146370933607272,2.32017130102104,-1.06351405838132,2.00608654094377,0.805631713104022,-0.0165102192738108,2.07616575951702,1.21907362228875,-0.85711911921922,2.05139153576834,2.94599985340145,0.210769436575333,1.68335127173753,3.53018172916109e-07
