hook_num,trajectory_process,x_max_work,x_max_local,x_min_work,x_min_local,y_max_work,y_max_local,y_min_work,y_min_local,z_max_work,z_max_local,z_min_work,z_min_local,x_mean_work,x_mean_local,y_mean_work,y_mean_local,z_mean_work,z_mean_local,euclidean_max_work,roll_max,pitch_max,yaw_max
12,3,4.82294596580968,0.509295823138173,-1.59183244363703e-08,-1.37687893183576,2.02700395422789,-1.66753632768181e-08,-1.090993918864,-5.48028159952882,3.55653445213977,4.2628900437476,-3.27903535435325e-08,-7.71907513821817e-08,3.86965826064373,-0.294483007494732,0.496664881486896,-3.72626503892742,2.74314752529253,2.95413441537879,6.05442347613623,2.55484565779886,6.71126393407511,5.60238361379994
