hook_num,trajectory_process,x_max_work,x_max_local,x_min_work,x_min_local,y_max_work,y_max_local,y_min_work,y_min_local,z_max_work,z_max_local,z_min_work,z_min_local,x_mean_work,x_mean_local,y_mean_work,y_mean_local,z_mean_work,z_mean_local,euclidean_max_work,roll_max,pitch_max,yaw_max
11,4,4.98203659532758,3.51341763840657,-3.80111941922223e-10,1.94408032479694e-08,0.316975395540453,-2.09322671226027e-08,-4.06949993703165e-08,-2.95337178400335,2.05550209780381,2.76926241454476,5.54564394406043e-10,-2.89901770033876e-08,4.38288066899284,3.01458281902185,0.297675405451014,-2.73845009714437,1.74104956627809,2.39626174066819,5.23504400159615,8.61099048920823,34.9087840142609,-9.19405778176952e-08
