hook_num,trajectory_process,x_max_work,x_max_local,x_min_work,x_min_local,y_max_work,y_max_local,y_min_work,y_min_local,z_max_work,z_max_local,z_min_work,z_min_local,x_mean_work,x_mean_local,y_mean_work,y_mean_local,z_mean_work,z_mean_local,euclidean_max_work,roll_max,pitch_max,yaw_max
9,3,3.86377213069382,0.792887277793926,2.44739339905209e-09,-0.523664249527027,3.1884530604982,-4.1814562380605e-09,-1.47839914893336,-3.68900814197913,2.0071933905399,4.85584743887951,-1.34775746118976e-09,-3.64411158457454e-09,3.38917619589779,0.204098174878465,1.18091312396619,-2.06916434064044,1.27183139745879,3.18097266855344,5.01186939236151,1.65482778044802,5.78310368023961,12.5852532313607
