hook_num,trajectory_process,x_max_work,x_max_local,x_min_work,x_min_local,y_max_work,y_max_local,y_min_work,y_min_local,z_max_work,z_max_local,z_min_work,z_min_local,x_mean_work,x_mean_local,y_mean_work,y_mean_local,z_mean_work,z_mean_local,euclidean_max_work,roll_max,pitch_max,yaw_max
23,4,0.991731293778173,-0.133884855860437,-3.86582073048487,-0.791913831815564,1.30749499051035,7.20129276099803,-2.84915776464118,-3.67704027312648,3.575716237248,1.19196583342093,-6.37676701711302,-2.81315738903093,-3.50350595322652,-0.472811824752463,1.11649038499996,6.93729494580443,-5.99078384642634,1.031637416381,7.30050170414844,-3.65041330496751e-09,1.3532851284026e-07,1.13574429860819e-08
