hook_num,trajectory_process,x_max_work,x_max_local,x_min_work,x_min_local,y_max_work,y_max_local,y_min_work,y_min_local,z_max_work,z_max_local,z_min_work,z_min_local,x_mean_work,x_mean_local,y_mean_work,y_mean_local,z_mean_work,z_mean_local,euclidean_max_work,roll_max,pitch_max,yaw_max
11,3,0.383922486984183,-0.135391992480218,-6.57376728131756,-2.72536109612114,3.27305162357129,9.46640061319319,-3.77824847427314,-2.14045457228161,2.15408333780931,3.31598971212737,-7.35587100520161,-3.75594400066375,-3.51021153965674,-0.907960454244921,1.27107460057796,6.20195089902934,-5.19618566272061,1.26873204437962,10.3940425939405,0.349718923136194,7.17746492726791,-11.8443757956779
