hook_num,trajectory_process,x_max_work,x_max_local,x_min_work,x_min_local,y_max_work,y_max_local,y_min_work,y_min_local,z_max_work,z_max_local,z_min_work,z_min_local,x_mean_work,x_mean_local,y_mean_work,y_mean_local,z_mean_work,z_mean_local,euclidean_max_work,roll_max,pitch_max,yaw_max
3,4,-8.74058514455101e-09,0.371351792045225,-1.85924496062796,-0.138795963331128,3.52611095877364e-09,1.57020475427378,-0.313146979506655,4.84320892789476e-09,1.96314431377687e-09,-3.69958946671968e-09,-1.37498922215264,-1.464145295503,-1.65481074206234,0.113928141321104,-0.257919537049142,1.51982989939458,-1.16211075407457,-1.35323224741593,2.11869313945646,-1.03586614841333e-08,0.818966785900379,-2.48465994445723e-08
