hook_num,trajectory_process,x_max_work,x_max_local,x_min_work,x_min_local,y_max_work,y_max_local,y_min_work,y_min_local,z_max_work,z_max_local,z_min_work,z_min_local,x_mean_work,x_mean_local,y_mean_work,y_mean_local,z_mean_work,z_mean_local,euclidean_max_work,roll_max,pitch_max,yaw_max
10,2,0.64873628192835,-0.27310480949815,-6.36319814349667,-2.36276717155769,4.40988408285887,9.78680857392192,-0.0464859695215409,-2.12826196630047,2.04904135050572,4.44993166784393,-7.82488430460228,-0.0261368404252678,-3.3789279869477,-0.727614223275621,2.33546698090661,6.30906088768953,-5.38142140713278,2.33756021730104,11.0075511635451,0.167233882278211,15.7986074698908,-23.8741015926885
