hook_num,trajectory_process,x_max_work,x_max_local,x_min_work,x_min_local,y_max_work,y_max_local,y_min_work,y_min_local,z_max_work,z_max_local,z_min_work,z_min_local,x_mean_work,x_mean_local,y_mean_work,y_mean_local,z_mean_work,z_mean_local,euclidean_max_work,roll_max,pitch_max,yaw_max
5,2,3.23050528550084e-08,2.55427696691932,-1.70440863024558,3.94369238689853e-08,0.0193813543528449,1.93983164315407,-3.23716459107732,-0.743488471195371,-7.26640791981481e-09,-3.40158208919151e-09,-2.27133385482034,-2.87260919556393,-1.00536561534686,1.49874661526225,-1.20166313446615,0.882874690177566,-1.55852773948204,-1.36088568034702,3.7848215959376,2.90232517195277,7.00720435228093,4.26449271853028
