hook_num,trajectory_process,x_max_work,x_max_local,x_min_work,x_min_local,y_max_work,y_max_local,y_min_work,y_min_local,z_max_work,z_max_local,z_min_work,z_min_local,x_mean_work,x_mean_local,y_mean_work,y_mean_local,z_mean_work,z_mean_local,euclidean_max_work,roll_max,pitch_max,yaw_max
8,1,-0.0164718283094487,-0.469764070811942,-5.2976781547089,-1.79653155620564,7.50267766778575,8.41234776597108,-6.27039861799392,-1.431178809025,1.5357043140782,7.54939229753478,-6.82882703050734,-6.25361234115051,-3.44157254660563,-0.87801776405181,1.03910725666965,6.16258097194335,-5.1987356625709,1.04919075889939,11.4450183324518,269.907048619565,56.6502135228949,57.823583958036
