hook_num,trajectory_process,x_max_work,x_max_local,x_min_work,x_min_local,y_max_work,y_max_local,y_min_work,y_min_local,z_max_work,z_max_local,z_min_work,z_min_local,x_mean_work,x_mean_local,y_mean_work,y_mean_local,z_mean_work,z_mean_local,euclidean_max_work,roll_max,pitch_max,yaw_max
18,4,0.27620073392265,-0.216379879213474,-3.37132532826627,-1.21190313672182,1.19673758998181,6.66522888832612,-0.00440157329137492,-3.16218587650357,3.37531930016064,1.16957791371032,-5.88614768779939,0.0309494256642996,-3.15763250366779,-0.387565252317252,1.04809690263794,6.46785228142693,-5.65025886068274,1.00488895431442,6.78657788504698,0.235945722211341,1.1060642819416e-06,0.0143954642492968
