hook_num,trajectory_process,x_max_work,x_max_local,x_min_work,x_min_local,y_max_work,y_max_local,y_min_work,y_min_local,z_max_work,z_max_local,z_min_work,z_min_local,x_mean_work,x_mean_local,y_mean_work,y_mean_local,z_mean_work,z_mean_local,euclidean_max_work,roll_max,pitch_max,yaw_max
16,3,1.72740439939719,0.644152621101481,-1.30739083801504,-1.88427200865269,2.10048178984687,1.5051484444408,-0.534493861672445,-1.54195817643462,0.774497816497387,2.20745648800167,-0.930152158495275,-0.769608436969393,0.833799516537514,-0.0544666712542517,0.642391794691809,-0.272467644364313,0.221867400142864,1.03723770181253,2.48939928989922,1.37430722281304,7.96169607351912,3.59930793813674
