hook_num,trajectory_process,x_max_work,x_max_local,x_min_work,x_min_local,y_max_work,y_max_local,y_min_work,y_min_local,z_max_work,z_max_local,z_min_work,z_min_local,x_mean_work,x_mean_local,y_mean_work,y_mean_local,z_mean_work,z_mean_local,euclidean_max_work,roll_max,pitch_max,yaw_max
12,4,0.721522738775654,0.270508956502932,-3.66279141412228,-0.71484633824137,0.620760708178523,7.17722499516118,-2.68564701116327,-2.30861560367603,2.18895866307003,0.599479527343833,-6.59038615417455,-2.66381739412869,-3.18732749029664,-0.224358219188656,0.112056693861787,6.89457511096577,-6.11773067528458,0.0667394294552015,7.19131417861548,0.131928626511112,0.0281772897544421,7.4242785186307e-07
