x,y,z,roll,pitch,yaw
737.2976651587985,-502.3751940345019,363.21453493445506,0.02066520295651213,-0.005526850607842395,14.939318058306746
736.0035699332859,-497.54556490305663,363.2145349344553,0.02066520295651213,-0.005526850607842395,14.939318058306746
733.4367747560457,-493.3947304206031,362.1272743321289,0.02066520295651213,-0.005526850607842395,14.939318058306746
