x,y,z,roll,pitch,yaw
579.2084835879414,-504.99166199634607,336.9527980243827,36.54282364982407,26.335291796286565,59.26052645328756
574.2562662437214,-497.8741647939593,341.9018058878262,36.542823649824136,26.335291796286565,59.260526453287575
574.0024673601945,-496.9895145470122,342.0930862220039,36.542823649824136,26.335291796286565,59.26052645328756
573.480371999852,-496.1300298276265,342.5329364893605,36.54282364982411,26.335291796286565,59.26052645328756
572.769900687802,-495.28903977535816,343.1617086524674,36.54282364982409,26.335291796286565,59.26052645328755
571.9509739491522,-494.45987352976255,343.9197546738965,36.542823649824065,26.335291796286565,59.26052645328753
571.1035123090104,-493.6358602303956,344.7474265162191,36.542823649824044,26.335291796286565,59.260526453287525
570.3074362924845,-492.81032901681334,345.58507614200687,36.54282364982406,26.335291796286565,59.26052645328755
569.6426664246823,-491.9766090285711,346.37305551383145,36.542823649824065,26.335291796286565,59.26052645328755
