x,y,z,roll,pitch,yaw
101.13622392305405,970.7275370725075,744.0966086583687,-89.78603370519033,45.75021837883831,-42.65169743499304
6.285346592237957,1031.9302406217123,696.6403652716072
6.019532961823003,1032.1222842456727,695.7597047241392
5.47694546353533,1032.5514105351479,694.9089329253046
4.739521745028981,1033.161372391595,694.0801587935077
3.8891994539579855,1033.8959227164717,693.2654912471526
3.007916237976417,1034.6988144112354,692.4570392046435
2.1776097447382625,1035.5138003773436,691.6469115843847
1.4802176218976086,1036.284633516254,690.8272173047803
