x,y,z,roll,pitch,yaw
739.4740717541052,-507.74276232453985,334.1611940216164,-90.24671259407532,46.6979821812798,45.66435908805525
732.9777253132999,-502.574342970378,339.75755383327214,-90.24671259407532,46.6979821812798,45.66435908805525
729.7295520928972,-499.99013329329716,342.5557337391001,-90.24671259407532,46.6979821812798,45.66435908805525
