x,y,z,roll,pitch,yaw
583.5949183184223,-508.53632600942683,336.91886285152407,35.20536082651276,30.072581746813363,54.80323707796198
576.7991045074617,-501.592100753772,342.9605103855142,34.084734306271194,29.899071666781854,54.77025030911263
571.3944797216086,-495.4656700903099,348.4347666926012,33.350264511633206,29.945418936151686,54.57269873754235
