x,y,z,roll,pitch,yaw
583.5949502387384,-508.5364263219085,336.91880268230955,40.323383787111716,23.947708711642438,64.61370324021293
578.6260832421701,-501.4429125173342,341.87496483467453,40.323383787111716,23.947708711642438,64.61370324021293
578.4721177728379,-500.4084762098083,343.10042937135995,40.323383787111716,23.947708711642438,64.61370324021293
577.6822350837556,-499.6174317459586,343.1602239534898,40.323383787111716,23.947708711642438,64.61370324021293
576.9803007579267,-498.83710719896044,343.8276639486867,40.323383787111716,23.947708711642438,64.61370324021293
576.1601005579381,-497.99530947603387,344.50148672560977,40.323383787111716,23.947708711642438,64.61370324021293
575.3641202667209,-497.19930985767735,344.54502871081036,40.323383787111716,23.947708711642438,64.61370324021293
574.618023141725,-496.41086447416376,345.83754825792676,40.323383787111716,23.947708711642438,64.61370324021293
573.7820444116666,-495.55414026692983,346.50560020460773,40.323383787111716,23.947708711642438,64.61370324021293
