x,y,z,roll,pitch,yaw
341.9031337670414,-496.8207454074935,342.93312828063733,35.242235011587475,30.027301830430083,54.82363289697927
332.839935714632,-493.4724966060145,348.716345429174,33.65231245640259,29.568094185481463,54.22684864286336
326.9119567133898,-489.8061287894135,354.46731115410955,32.321605502373906,29.282842446118085,53.75238873628865
