x,y,z,roll,pitch,yaw
495.59821198862454,-506.17723594023045,354.8506684778075,-9.045219642365367,-6.467079365213839,54.81252005531537
491.4026918016224,-497.1294333496897,354.7661332108145,-9.045219642365367,-6.467079365213839,54.81252005531537
490.31028704907885,-496.17784060692594,354.1147936707973,-9.045219642365367,-6.467079365213839,54.81252005531537
489.4233100838861,-495.1118343216179,355.1066057681545,-9.045219642365367,-6.467079365213839,54.81252005531537
488.3352000728881,-494.1664143314301,354.4377261958773,-9.045219642365367,-6.467079365213839,54.81252005531537
487.287021936963,-493.10042310214743,354.5952288162156,-9.045219642365367,-6.467079365213839,54.81252005531537
486.2083357976616,-492.22330931277514,353.91575567374105,-9.045219642365367,-6.467079365213839,54.81252005531537
485.1612898296242,-491.277438617785,354.0581734661898,-9.045219642365367,-6.467079365213839,54.81252005531537
484.11300553851345,-490.3895929558145,354.1936241435292,-9.045219642365367,-6.467079365213839,54.81252005531537
