x,y,z,roll,pitch,yaw
-509.38695111739594,714.259277501633,901.6426519281407,-89.71755384230332,25.243199158056377,41.648775524094575
-512.6164728315011,711.4290223406479,892.6116009243907,-89.71755384230332,25.243199158056377,41.648775524094575
-515.1041300454535,708.1767683466393,889.7349402818368,-89.71755384230332,25.243199158056377,41.648775524094575
