x,y,z,roll,pitch,yaw
-141.52127065280305,983.5543388380775,725.8884232662095,-89.40491074798904,15.675189477817225,0.07883027967681851
-149.35805962177534,983.8405617094627,724.5313990449147,-89.30569689330682,14.450943648297386,0.9124656688374285
-154.03916965749409,984.2076707422705,714.0707730950784,-89.88240433175555,31.518527048783618,-0.013082652081728529
-154.66277908150244,984.3452298446216,710.1721803192411,-94.82954442980287,57.24643914700922,-1.0789181645406818
-158.8879447670087,985.4322435744081,708.4778727847993,-100.60896801639736,70.40492300771956,-4.20466320534242
