x,y,z,roll,pitch,yaw
322.3182923560643,-486.5068319042931,356.2529988392972,1.4159568507635771,2.1267047629682656,33.34124577704065
314.5714075898195,-480.23880943988115,356.6777145893517,1.4159568507635771,2.1267047629682656,33.34124577704065
313.6000912964082,-478.54616433236026,355.7249251418349,1.4159568507635771,2.1267047629682656,33.34124577704065
312.6115733871476,-476.72751869535944,356.7803381034977,1.4159568507635771,2.1267047629682656,33.34124577704065
311.6323373582627,-475.0537063743352,356.83478036712756,1.4159568507635771,2.1267047629682656,33.34124577704065
310.3270944700706,-473.37857904302757,356.94669381387837,1.4159568507635771,2.1267047629682656,33.34124577704065
308.72052315876715,-471.8691578634757,356.1067925615573,1.4159568507635771,2.1267047629682656,33.34124577704065
307.0929327891154,-470.78082044353937,356.3166116989464,1.4159568507635771,2.1267047629682656,33.34124577704065
305.30192516333625,-469.8579840104095,356.55074993548817,1.4159568507635771,2.1267047629682656,33.34124577704065
303.3030365955162,-469.59685512349586,357.8633950278004,1.4159568507635771,2.1267047629682656,33.34124577704065
301.17533797741436,-469.4255943537446,358.1816682813419,1.4159568507635771,2.1267047629682656,33.34124577704065
