Index,Hook_X,Hook_Y,Hook_Z,Tip_X,Tip_Y,Tip_Z,Lowpoint_X,Lowpoint_Y,Lowpoint_Z,Hook_WF_X,Hook_WF_Y,Hook_WF_Z,Tip_WF_X,Tip_WF_Y,Tip_WF_Z,Lowpoint_WF_X,Lowpoint_WF_Y,Lowpoint_WF_Z
1,-36.79625908254435,-0.1489276745410398,182.6648193932192,-20.539970330060974,7.369038502800639,186.0733796077286,-30.221710824804315,14.909746328597658,182.7057763635677,21.510211031805795,-480.1383333174374,352.7655224851093,37.671921757787004,-472.62022101629566,356.17506894893114,28.083644406096255,-465.07965467323305,352.80584835506266
2,-37.026144984516996,-0.24061576926685044,184.4191324092098,-20.260793704064014,9.020718093192945,187.79246237400153,-30.368633997270273,15.02572274891879,184.51944238609988,57.26069298150145,-480.22996469835556,354.5209290102922,73.9324465316069,-470.9684854984963,357.89515537067035,63.91544197433751,-464.96361882589713,354.6206213684522
3,-36.44831152571534,-1.368787809217088,180.79505568359957,-19.49989433203555,5.2585499931687005,186.7590354505729,-28.7046590602892,12.934637366998324,183.2088130699805,95.45814707450421,-481.35829830158957,350.89588826511243,112.24107270634812,-474.7307058791631,356.8618724698646,103.13483788231429,-467.0547679923676,353.3099585651605
