x,y,z,roll,pitch,yaw
-153.48723247931053,976.6389953258856,737.1349234310087,-89.32229086501606,25.64576392071867,0.4259994173743051
-158.6649627812876,981.4141401482154,730.0608239121768,-89.32229086501606,25.64576392071867,0.4259994173743051
-161.25382793227618,983.8017125593803,726.5237741527609,-89.32229086501606,25.64576392071867,0.4259994173743051
