x,y,z,roll,pitch,yaw
314.16208829323205,-497.141062713557,350.10023212645353,-0.0006517247919940315,0.0003047507204619793,25.20266010291026
309.0339542122189,-489.9726256961172,354.82418720394446,-0.0006517247919940315,0.0003047507204619793,25.20266010291026
306.46988717171234,-486.38840718739726,357.1861647426899,-0.0006517247919940315,0.0003047507204619793,25.20266010291026
