x,y,z,roll,pitch,yaw
-186.9497489926012,974.5639807192692,894.4882533096999,-89.60590486324428,45.30932551427837,40.779511344688885
-189.66468547896687,972.2589787826946,890.9788257861285,-89.60590486324428,45.30932551427837,40.779511344688885
-193.02058338380564,969.5299162795613,888.4714730951988,-89.60590486324428,45.30932551427837,40.779511344688885
