x,y,z,roll,pitch,yaw
891.3688940871778,-503.70371397484456,354.2706368296058,-0.00021858603469911904,0.00018860931041756653,45.09410465824103
882.5413894265407,-499.40247653167313,356.16127638380203,-0.00021858603469911904,0.00018860931041756653,45.09410465824103
878.1276370962221,-497.2518578100874,357.10659616090027,-0.00021858603469911904,0.00018860931041756653,45.09410465824103
