x,y,z,roll,pitch,yaw
428.0376157992376,978.5131810700584,741.3464610231723,-88.67808726160978,45.52050403280165,0.903060253969482
419.1823233651151,980.4665001809369,737.1444161094772,-88.67808726160978,45.52050403280165,0.903060253969482
414.7546771480539,981.4431597363762,735.0433936526297,-88.67808726160978,45.52050403280165,0.903060253969482
