x,y,z,roll,pitch,yaw
-645.6034398509305,575.1034360278123,901.9725092510697,-90.82878557519406,65.48381604162836,-7.559892152119292
-654.1796416859602,575.5369386538283,892.3665416107187,-91.13552954883053,65.39206022861472,-7.720055769538058
-664.2054541175708,576.285012099204,888.4493219882121,-91.19721493509005,65.11952643239752,-6.777182977674345
