x,y,z,roll,pitch,yaw
170.45215549127613,950.711598919535,718.2034061951534,-89.25480947352821,15.992543244607226,-0.06275517658731355
171.0838559508446,946.4257724784226,717.7322759694185,-88.61660662204478,36.655308830828396,-0.14361322405736282
165.77386023011388,946.7665850140055,711.7734414312399,-87.71499635743123,44.55817536773004,-0.03513350258933339
164.64757282270332,947.2557966202058,712.3845475789042,-74.73721659557772,41.47576562868409,27.465172102537288
162.39001099055716,946.3345371714149,709.5964192519449,-58.73947461361086,65.95615689742158,46.45120614402133
157.4864359013927,945.180306340084,707.9017674517024,-12.172820991530566,77.15993067609541,94.63401294654064
