x,y,z,roll,pitch,yaw
746.5652669867002,-482.17375279752207,368.2425863317192,-89.4620256904843,1.0877420592090217,16.319004472279918
746.5652669867002,-482.17375279752207,368.2425863317192,-89.4620256904843,1.0877420592090217,16.319004472279918
742.0906078007847,-479.9691211078631,368.5846744531929,-89.4620256904843,1.0877420592090217,16.319004472279918
