x,y,z,roll,pitch,yaw
-768.6682617111084,482.19314420251874,899.4040487608593,-89.59444283269633,68.66390588869642,29.081123361650555
-777.4426842107489,482.4009475404927,889.9347318028058,-89.99717716829336,68.59098667885253,28.75755560878356
-786.7075235266836,476.36440852903866,886.6333599995204,-90.4613159010505,68.43310889638707,28.924989929265127
