x,y,z,roll,pitch,yaw
147.66225991500693,-501.3313933600238,354.14542975504264,24.743304255739297,15.356081881915307,59.98317310475522
142.66964267297794,-494.29492694483946,359.20211750502904,24.743304255739297,15.356081881915307,59.98317310475522
142.13296221305404,-493.07914236217897,359.85575926413026,24.743304255739297,15.356081881915307,59.98317310475522
141.03249041512646,-492.16629983367665,359.87291993541464,24.743304255739297,15.356081881915307,59.98317310475522
139.8790348646702,-491.6130592818037,360.5657544569192,24.743304255739297,15.356081881915307,59.98317310475522
138.65413470450233,-491.18654497659435,360.5905810261771,24.743304255739297,15.356081881915307,59.98317310475522
137.42817199930073,-490.70036505952254,360.5971856440193,24.743304255739297,15.356081881915307,59.98317310475522
136.20330950268988,-490.27459036162196,360.6076135197545,24.743304255739297,15.356081881915307,59.98317310475522
134.92479356092207,-490.0440152842593,359.94407512627197,24.743304255739297,15.356081881915307,59.98317310475522
