x,y,z,roll,pitch,yaw
-768.6682612066772,482.1931436355485,899.4040487560869,-89.59455413487171,68.6639782329945,29.08100854640521
-775.7932742729494,482.6533405012936,892.4253805527444,-89.59455413487171,68.6639782329945,29.08100854640521
-776.6356873114619,482.784536265359,891.2162629508094,-89.59455413487171,68.6639782329945,29.08100854640521
-777.4759937865152,482.06331745889776,890.3117761201021,-89.59455413487171,68.6639782329945,29.08100854640521
-778.7991867688816,481.814835281548,889.7699608793614,-89.59455413487171,68.6639782329945,29.08100854640521
-779.733408144468,481.01754077372254,889.3527485655547,-89.59455413487171,68.6639782329945,29.08100854640521
-780.6568799643054,480.20573997430097,888.875808343963,-89.59455413487171,68.6639782329945,29.08100854640521
-781.5815560921837,479.3976618352844,888.4592781079167,-89.59455413487171,68.6639782329945,29.08100854640521
-782.0994784626105,478.0482729844964,888.2356645777603,-89.59455413487171,68.6639782329945,29.08100854640521
