x,y,z,roll,pitch,yaw
-76.91792695993865,974.9107379761654,740.6949595380493,-89.91443513462288,45.81140924184189,-45.18274552254724
-67.70618456295131,974.1364647912621,736.8889506920768,-89.91443513462288,45.81140924184189,-45.18274552254724
-63.10031336445766,973.7493281988105,734.9859462690905,-89.91443513462288,45.81140924184189,-45.18274552254724
