x,y,z,roll,pitch,yaw
386.02705330607023,-501.65866235151464,348.86646669196705,35.242236305602226,30.027302346125296,54.82363097628492
395.27331090792114,-497.9346563739723,348.06740484239333,35.242236305602226,30.027302346125296,54.82363097628492
399.8964397088465,-496.0726533852011,347.6678739176066,35.242236305602226,30.027302346125296,54.82363097628492
