x,y,z,roll,pitch,yaw
-371.53434581885426,990.5051133184095,743.0914385617692,-89.32229086501606,25.64576392071867,0.4259994173743051
-375.75340688540814,988.2148783634777,737.9833031140504,-89.32229086501606,25.64576392071867,0.4259994173743051
-378.7670219329466,986.5789962528122,734.3346349371084,-89.32229086501606,25.64576392071867,0.4259994173743051
