x,y,z,roll,pitch,yaw
-810.8943037792342,466.6083524431899,901.0915165586548,-89.68159759356645,37.957180742266424,44.009057071464746
-812.9699804051126,465.5480964661525,896.6031594313381,-89.68159759356645,37.957180742266424,44.009057071464746
-812.3635182895375,464.4720173435902,895.1400041712659,-89.68159759356645,37.957180742266424,44.009057071464746
-811.9452352241572,462.86080122534577,893.7601786942264,-89.68159759356645,37.957180742266424,44.009057071464746
-813.884465464899,463.24573052207893,892.3342030317651,-89.68159759356645,37.957180742266424,44.009057071464746
-814.2366023132752,462.2904067253172,890.9622130178961,-89.68159759356645,37.957180742266424,44.009057071464746
-814.5817976815638,461.33307869495343,889.5928937246601,-89.68159759356645,37.957180742266424,44.009057071464746
-814.873768050732,460.50979597942296,888.2247213436865,-89.68159759356645,37.957180742266424,44.009057071464746
-816.8690423346138,460.73166465762176,886.8222729693471,-89.68159759356645,37.957180742266424,44.009057071464746
