x,y,z,roll,pitch,yaw
98.35392568763888,-500.53598417633674,358.26218138230126,-3.0993317750705183,-3.5189810319974497,42.33669919352905
94.08098924082253,-491.52041743311946,358.0255829746958,-3.099332245109161,-3.5189807918718055,42.33670046766892
83.56382090448363,-485.80388189984484,358.71650945344436,-3.7494029859842244,-3.7457206240763594,42.24325177578638
