x,y,z,roll,pitch,yaw
-810.89430420339,466.6083529211158,901.0915164741793,-89.70773946046889,25.21863737679049,40.70679660309863
-813.7479880136098,460.9761064640696,894.0528300845353,-89.86510489443329,26.845899636391376,41.252414497930154
-819.1212759155078,457.24512143364706,883.621191825776,-90.52339453990572,26.884295800544653,41.33764179696589
