x,y,z,roll,pitch,yaw
-371.53434581885426,990.5051133184095,743.0914385617692,-89.17756714290209,43.04018785575861,29.789855214014935
-375.8373499866159,987.4583239228933,738.0349568575762,-90.67279965729155,54.26086519162409,-75.32040066643931
-376.26888245402967,989.0429766197481,736.8579299672136,-89.36313333099707,32.26883017407375,-4.055637066091285
-377.11265527539496,989.119574562912,735.5055680683347,-89.04684687549742,55.87745855152092,59.66822790835516
-378.02296496403113,987.6458401926889,734.3318182380925,-89.34637236331162,33.92808298509717,-3.5130185654849977
-378.86322248314116,987.7136563830222,733.0690630353946,-89.04201169294666,56.13397513700475,59.98237157701999
-379.7619153111605,986.2408714216116,731.9110992653293,-89.0329009749545,55.41757527921694,55.13985059416052
-380.8171221806034,984.8008747381307,730.6817798953334,-90.53619351884316,52.04904235767643,-68.4029002536186
-381.43726019037234,986.3356519518172,729.3935658386613,-88.97535879045358,57.593373099936215,55.56854708893256
-382.48435986086724,984.885645200244,728.2591950219712,-85.78841730353847,82.18979575223571,45.53010690440028
-384.00338132932177,983.552259691931,727.9819538968259,180.0,0.0,0.0
