x,y,z,roll,pitch,yaw
94.4031550479562,-502.39571961330836,368.9728724335009,0.057781981682434765,-0.026714737385656957,24.819277692243805
92.29006373925262,-497.86418067812525,368.9728724335009,0.057781981682434765,-0.026714737385656957,24.819277692243805
89.23364282006474,-493.9108876974063,368.80034483179736,0.057781981682434765,-0.026714737385656957,24.819277692243805
