x,y,z,roll,pitch,yaw
-353.2442976957708,965.6337504851147,744.9471366205817,-89.91443513462288,45.81140924184189,-45.18274552254724
-359.8411019645913,970.6129460777047,739.3405160251273,-89.91443513462288,45.81140924184189,-45.18274552254724
-363.1395040990015,973.1025438739997,736.5372057274001,-89.91443513462288,45.81140924184189,-45.18274552254724
