x,y,z,roll,pitch,yaw
140.63153122573362,-504.93132665836737,360.188094530532,-0.23311690623825262,-0.19764041205576363,49.78356910281114
132.9278228268667,-498.46803107930276,359.47747324577415,88.36433982996306,12.26093719703174,89.73069792135759
132.79993874786192,-497.45692512188526,364.0601525603015,-43.27828663161339,-23.010971330547303,67.3502701410623
131.70653034113502,-496.44477171425416,362.84899538409786,-38.122582040514594,-21.48289221430895,64.87450424736753
130.45866128574,-495.3566513356272,361.6876807387499,-44.46387850342672,-21.461150521975505,69.45260627769682
129.38062256996477,-494.4445727912843,360.4743839522374,9.131741231131281,9.109260482869987,45.56382610586134
128.40512869627446,-493.43501394980143,360.6972819397655,-45.12260412162907,-22.965984124753472,68.66469809618343
127.33515384233698,-492.44881696964177,359.4452274654566,7.657656485369293,7.704098999468317,45.214148343613125
126.3590369160521,-491.4412428151597,359.6322463203587,11.182677814697634,5.5693374288253805,63.9702073196749
125.2195948923881,-490.8552328944873,359.88437390393074,12.484812049758512,1.5173682307565264,83.27854915095821
123.9142698725791,-490.6916347241756,360.175556119391,-90.96638930173373,-0.04054484218922487,-0.33946115387598763
