x,y,z,roll,pitch,yaw
-331.1806410775392,836.0629700235728,899.1211650243351,-90.43673555950993,57.6129058396853,-6.071859835148393
-338.1056427868479,836.4286570997616,892.1208496688557,-90.43673555950993,57.6129058396853,-6.071859835148393
-337.4660685524622,835.3964310943667,891.4392985835361,-90.43673555950993,57.6129058396853,-6.071859835148393
-339.14250411412627,836.3870519657925,890.680505468079,-90.43673555950993,57.6129058396853,-6.071859835148393
-340.1906000068791,836.3636656417696,890.2404135577549,-90.43673555950993,57.6129058396853,-6.071859835148393
-341.57479967721594,836.8546056404256,889.7995228072172,-90.43673555950993,57.6129058396853,-6.071859835148393
-342.63571497903166,836.8288013866345,889.4658657376654,-90.43673555950993,57.6129058396853,-6.071859835148393
-343.7025546819929,836.8043791538504,889.3004358807971,-90.43673555950993,57.6129058396853,-6.071859835148393
-345.3026892435787,837.1637917824141,889.1928913227711,-90.43673555950993,57.6129058396853,-6.071859835148393
