x,y,z,roll,pitch,yaw
144.23415265043923,-504.1243222159528,340.52284837589605,35.20668977681617,30.07209421652394,54.96922639284447
138.3090954380438,-497.8542033480737,345.58044725407046,35.20668977681617,30.07209421652394,54.96922639284447
135.34656683184625,-494.7191439141343,348.10924669315773,35.20668977681617,30.07209421652394,54.96922639284447
