x,y,z,roll,pitch,yaw
149.10216238494394,-499.9030272842118,355.0306883953133,35.20558434281524,30.07250799782359,54.80322249390473
142.98566933533925,-492.2675885592621,361.7265774198647,-3.5340112563713215,-4.2265605827923105,53.24934322757087
135.41340457584943,-488.4428968185488,361.7952175856253,-4.077499662782071,-4.317666841325381,53.08639245060162
