x,y,z,roll,pitch,yaw
149.1021626829438,-499.9030271243763,355.03068689693987,35.2055860749739,30.072508653835104,54.803223031604496
144.1021626829438,-492.8319593125108,360.03068689693987,35.2055860749739,30.072508653835104,54.803223031604496
139.5078096546825,-490.9747429149335,360.6960195237333,35.2055860749739,30.072508653835104,54.803223031604496
