x,y,z,roll,pitch,yaw
149.1021626829438,-499.9030271243763,355.03068689693987,22.670811551190315,14.237680790511133,59.36871011175049
144.11917134035144,-492.8316977576022,360.131503092663,22.670811551190315,14.237680790511133,59.36871011175049
143.5208231880373,-491.7332488690497,359.4983409978653,22.670811551190315,14.237680790511133,59.36871011175049
142.40826473018524,-490.80457897690394,360.25821137831133,22.670811551190315,14.237680790511133,59.36871011175049
141.18667906640536,-490.3087536156611,360.3699359638597,22.670811551190315,14.237680790511133,59.36871011175049
139.96384012224178,-489.8132994178503,360.4720988031495,22.670811551190315,14.237680790511133,59.36871011175049
138.739847281915,-489.31825777632423,360.5646670245958,22.670811551190315,14.237680790511133,59.36871011175049
137.48393880640572,-488.80966094506766,361.3199306506549,22.670811551190315,14.237680790511133,59.36871011175049
136.13197542959676,-488.5594314229246,361.4124655904834,22.670811551190315,14.237680790511133,59.36871011175049
