x,y,z,roll,pitch,yaw
-760.440375509861,490.8839219420265,898.5035042418288,-90.27513223276942,45.430016682231766,-4.5454395124345055
-767.5319233478052,491.4192042822136,891.4929530594723,-90.27513223276942,45.430016682231766,-4.5454395124345055
-771.4572414040699,488.9228017414597,889.6691772710378,-90.27513223276942,45.430016682231766,-4.5454395124345055
