x,y,z,roll,pitch,yaw
-760.440375509861,490.8839219420265,898.5035042418288,-89.7824969304149,56.93481702625498,14.261651838180146
-767.5845127362882,491.5069909281809,891.4931461264387,-89.7824969304149,56.93481702625498,14.261651838180146
-767.6356872740798,490.6344901236149,890.3950545797152,-89.7824969304149,56.93481702625498,14.261651838180146
-768.9791130269624,490.4853453541979,889.4778521424737,-89.7824969304149,56.93481702625498,14.261651838180146
-769.980505516741,489.7720112088572,888.9905534532875,-89.7824969304149,56.93481702625498,14.261651838180146
-770.9766348987995,489.0505862527035,888.503580474563,-89.7824969304149,56.93481702625498,14.261651838180146
-771.9674042522169,488.32111043386544,888.0169737722799,-89.7824969304149,56.93481702625498,14.261651838180146
-773.4127396581738,488.0747610744802,887.5207281022773,-89.7824969304149,56.93481702625498,14.261651838180146
-774.4982492036195,487.2616177734867,887.2797500688903,-89.7824969304149,56.93481702625498,14.261651838180146
