x,y,z,roll,pitch,yaw
-492.3497556120111,738.345349850246,885.2274862905965,-89.68562258449643,41.70382892392681,44.07333781736375
-495.0920649218617,736.0048601483549,881.7414854386311,-89.68562258449643,41.70382892392681,44.07333781736375
-495.7162536243691,736.5418805734956,880.0852479695036,-89.68562258449643,41.70382892392681,44.07333781736375
-495.14785256300655,734.1440429937471,878.8218589144203,-89.68562258449643,41.70382892392681,44.07333781736375
-495.9711644690452,733.6122498613507,877.5012862243927,-89.68562258449643,41.70382892392681,44.07333781736375
-496.88959070670023,733.0042806818086,876.1204223252141,-89.68562258449643,41.70382892392681,44.07333781736375
-497.70279396071953,732.4564799931229,874.7372943756905,-89.68562258449643,41.70382892392681,44.07333781736375
-498.1019870314036,731.2480584375487,873.4564928872014,-89.68562258449643,41.70382892392681,44.07333781736375
-498.9999023094076,730.6176723853519,872.1376052603782,-89.68562258449643,41.70382892392681,44.07333781736375
