x,y,z,roll,pitch,yaw
535.2449388813301,-503.75187980109564,360.85609890119645,1.7435177557697297,1.1645921776238712,56.404243204743835
526.8630016267875,-498.20373700727333,360.7546050616925,67.813973382445,23.828500762381086,80.7328920743733
526.1916312546409,-497.27797381330066,362.578554289036,-39.967347814062,-18.786520149505147,68.87676945308644
524.9318871597135,-496.3573967355023,361.3838199184705,62.989530968578975,22.424542247535232,79.08609768248708
524.0812578747189,-495.4200955312696,363.2228286639296,-41.565292147710124,-17.357949729682748,71.30293763787911
522.824441963167,-494.5899147896592,361.9908486409938,10.708607978705867,8.858263768111765,50.969105892077614
521.846006489849,-493.7457364959585,362.2323444746851,-42.45301090832218,-18.857695596012682,70.43845692554088
520.5979400833419,-492.8401089990861,360.9527347894716,9.671012828265987,7.595301957631179,52.32740234833591
519.4558921816308,-491.9135893774232,361.2012125598278,12.538110978447449,3.0897276483875853,76.48232147360866
518.1476451006255,-491.58034175325,361.50101589545534,12.127335065764886,0.7088882140870658,86.79867212678027
516.8354546488584,-491.5014623346719,361.78346864473303,-90.96638930173373,-0.04054484218922487,-0.33946115387598763
