x,y,z,roll,pitch,yaw
535.2449388813301,-503.75187980109564,360.85609890119645,-0.00021858603469911904,0.00018860931041756653,45.09410465824103
526.931618974344,-498.2024575507888,361.16044214805333,-0.00021858603469911904,0.00018860931041756653,45.09410465824103
522.7749590208509,-495.42774642563535,361.3126137714818,-0.00021858603469911904,0.00018860931041756653,45.09410465824103
