x,y,z,roll,pitch,yaw
524.423083882457,-489.95156682021053,361.4270958716435,-1.4974971789970897,-1.7935623928210636,41.303733732446666
520.8444632714784,-486.43834314001805,361.4907896239207,-1.4974971789970897,-1.7935623928210636,41.303733732446666
520.7430572524163,-484.77806803801326,362.3003559109567,-1.4974971789970897,-1.7935623928210636,41.303733732446666
519.5953569879259,-483.5146610478243,360.1271180574281,-1.4974971789970897,-1.7935623928210636,41.303733732446666
518.6359049747513,-482.18626515360785,360.27269741974476,-1.4974971789970897,-1.7935623928210636,41.303733732446666
517.5551795786056,-480.79664158914926,360.4244633067957,-1.4974971789970897,-1.7935623928210636,41.303733732446666
516.5932134502486,-479.4057445448968,360.55111517050955,-1.4974971789970897,-1.7935623928210636,41.303733732446666
515.5049108363627,-478.11928298241816,359.90954583650466,-1.4974971789970897,-1.7935623928210636,41.303733732446666
514.424309709562,-476.79175860661206,360.03117871350037,-1.4974971789970897,-1.7935623928210636,41.303733732446666
