x,y,z,roll,pitch,yaw
-421.6394455344973,774.6995995542246,900.1425708587744,-89.49885793841122,45.20251490347251,46.01877680504076
-428.12741586673303,769.2169186036263,894.8738610270448,-89.49885793841122,45.20251490347251,46.01877680504076
-431.37140103285094,766.475578128327,892.2395061111799,-89.49885793841122,45.20251490347251,46.01877680504076
