x,y,z,roll,pitch,yaw
708.3282353340428,-505.34077194213023,355.8272803705483,0.05425018414924724,-0.053900978543496805,44.81449666192628
699.9058768964371,-500.0098829822409,356.63071129216956,0.05425018414924724,-0.053900978543496805,44.81449666192628
695.694697677634,-497.34443850229627,357.03242675298026,0.05425018414924724,-0.053900978543496805,44.81449666192628
