x,y,z,roll,pitch,yaw
39.51309913633636,964.9956644323066,744.5920529429234,-89.76802846656646,45.97710841070883,-44.90087706108702
33.90305708496374,969.3776316853213,739.4137691436938,-90.5669319938465,45.76007370710426,-44.54514050588173
27.433421383712602,973.903139174532,732.4286917485464,-91.79794458597502,45.7499345242555,-44.43758850201605
