x,y,z,roll,pitch,yaw
504.54140562635075,-504.97021849969036,341.31254019255994,35.21972227222999,30.055542637785532,54.913516356996844
498.9467325543694,-499.67806861079094,345.6219099224828,33.98091123769389,29.97578339824024,54.54227603140487
492.50497417507904,-492.5707791102506,350.0465947269548,32.64409871082645,29.919004084557976,54.48119768223395
