x,y,z,roll,pitch,yaw
-667.1937354063607,582.44071091748,891.672529604861,-89.68367568199383,27.241210305840273,45.67400526957829
-668.0095193037415,581.3028163914804,886.8465340260124,-89.68367568199383,27.241210305840273,45.67400526957829
-667.0504364924273,579.0578341289696,885.3587981091378,-89.68367568199383,27.241210305840273,45.67400526957829
-668.333557390713,579.2198335800217,883.9391321618704,-89.68367568199383,27.241210305840273,45.67400526957829
-669.6196909168066,579.3760098008614,882.6370522917675,-89.68367568199383,27.241210305840273,45.67400526957829
-669.5779695893201,577.4963642491779,881.2927733397419,-89.68367568199383,27.241210305840273,45.67400526957829
-670.8541216034679,577.6309523408185,879.9843581908294,-89.68367568199383,27.241210305840273,45.67400526957829
-671.2017289306307,576.4408532408606,878.6840526590393,-89.68367568199383,27.241210305840273,45.67400526957829
-672.0594716367852,575.8664272639261,877.346572663597,-89.68367568199383,27.241210305840273,45.67400526957829
