x,y,z,roll,pitch,yaw
274.7724152717335,-494.5523862415944,362.10545406822916,0.02066399210611857,-0.005525282212641538,14.939317769100814
271.125593528771,-491.3438045037535,361.37690007763,-0.25474649761040596,-0.16866555067677533,15.077785267825835
267.1243898862124,-482.2812987562237,362.02856657895165,-0.9300018256429409,-0.3059700211405615,15.122644840563115
