x,y,z,roll,pitch,yaw
381.14014435307536,-502.7845489933211,346.1655686098277,35.20668970805061,30.072094248686373,54.96922657270814
371.76325177677535,-499.767051008768,345.1925419023147,34.79232510153867,29.001595256400492,56.27548725191286
366.3777039455299,-493.71764961787994,349.79546795667966,33.72051119896475,29.009358822800394,55.889499409772604
