x,y,z,roll,pitch,yaw
-368.3525345654619,813.376389275235,895.3168374112663,-90.52373367907809,45.387841104279445,-4.409404141776452
-376.4425365587241,812.5558882894526,892.1016993881076,-91.10032211949924,45.48427181515985,-3.851428862436623
-384.712898928185,812.5240579658907,885.8421581933098,-92.0226466035976,45.68001174841662,-3.6634729408519164
