x,y,z,roll,pitch,yaw
-223.8533881239232,982.3569326557028,736.2886863084308,-89.32229086501606,25.64576392071867,0.4259994173743051
-230.42407944166686,983.8176409240875,728.9021697918429,-89.32229086501606,25.64576392071867,0.4259994173743051
-233.7094251005387,984.5479950582799,725.2089115335489,-89.32229086501606,25.64576392071867,0.4259994173743051
