x,y,z,roll,pitch,yaw
419.9200832062948,991.6779169609467,751.716910495488,-89.32229086501606,25.64576392071867,0.4259994173743051
414.7633319289176,991.1840376999055,743.1609279800725,-89.32229086501606,25.64576392071867,0.4259994173743051
412.184956290229,990.9370980693849,738.8829367223648,-89.32229086501606,25.64576392071867,0.4259994173743051
