x,y,z,roll,pitch,yaw
419.3239321746105,994.0666853988848,747.7718648345924,-89.32229088874696,25.64576431508728,0.4259994731467613
416.3165056932808,989.4963862403995,749.341693477352,-88.76195612760486,25.790980579670002,1.24484171644666
411.88368783235165,989.4671063796047,738.9087035550319,-88.60724706393547,26.673601000431354,2.227580375771601
