x,y,z,roll,pitch,yaw
669.3357495202258,-501.7698191291106,333.7362622515856,35.19136642494718,30.090234485753594,54.818785447312614
662.6981059518062,-498.48592894941476,338.4310017330155,34.13207000287151,29.714984347018028,54.64603713400304
656.4627209631199,-492.1581641024137,343.8272337488155,33.12391920148336,29.49392581501474,54.741524579540545
