x,y,z,roll,pitch,yaw
-289.2950834947196,985.24287892869,742.8005798212079,-88.67808726160978,45.52050403280165,0.903060253969482
-297.7643959054943,983.5549013779535,737.748783180951,-88.67808726160978,45.52050403280165,0.903060253969482
-301.9990521108817,982.7109126025852,735.2228848608225,-88.67808726160978,45.52050403280165,0.903060253969482
