x,y,z,roll,pitch,yaw
163.4481531190742,-492.8146507317984,366.44117901812933,-1.1529039169537998,-1.3595247606241232,42.27475647830757
159.89930464564168,-489.3282065250332,366.56428564228645,-1.1529039169537998,-1.3595247606241232,42.27475647830757
159.38172914300299,-487.73514398448975,365.1504384381104,-1.1529039169537998,-1.3595247606241232,42.27475647830757
158.26360017477396,-486.3459381831777,363.84235255940905,-1.1529039169537998,-1.3595247606241232,42.27475647830757
157.28612598105562,-485.1196681629056,363.98373478402675,-1.1529039169537998,-1.3595247606241232,42.27475647830757
156.3070453926108,-483.74680372581196,364.8539116658154,-1.1529039169537998,-1.3595247606241232,42.27475647830757
155.20134392811457,-482.39175731940037,364.99199343442604,-1.1529039169537998,-1.3595247606241232,42.27475647830757
154.21697250823132,-481.0979437951201,365.10251479506667,-1.1529039169537998,-1.3595247606241232,42.27475647830757
153.10895155106408,-479.7414548930645,365.2191649315072,-1.1529039169537998,-1.3595247606241232,42.27475647830757
