x,y,z,roll,pitch,yaw
-743.11690474868,514.3048431676818,897.2715751349272,-89.51345342316174,51.690299654584464,45.95622844469308
-745.6985298944693,511.7924086244399,893.7748048743748,-89.51345342316174,51.690299654584464,45.95622844469308
-746.3213215146072,511.38727682945284,892.3658352284339,-89.51345342316174,51.690299654584464,45.95622844469308
-747.0313751834094,510.1235137375993,891.1402016171966,-89.51345342316174,51.690299654584464,45.95622844469308
-747.7332583496096,508.8631369446076,890.2254541918378,-89.51345342316174,51.690299654584464,45.95622844469308
-748.528607634982,507.5358678495513,889.315539691109,-89.51345342316174,51.690299654584464,45.95622844469308
-749.6480838211086,506.7923004558153,888.340287813774,-89.51345342316174,51.690299654584464,45.95622844469308
-750.4218507927193,505.451204281616,887.377737136982,-89.51345342316174,51.690299654584464,45.95622844469308
-751.2893506038524,504.0505100739721,886.8438284981563,-89.51345342316174,51.690299654584464,45.95622844469308
