x,y,z,roll,pitch,yaw
241.53584156806085,917.0751639618456,743.8258984243921,-90.06901746942987,45.95286101531392,-45.262379859521126
235.44273795548918,923.2864937323004,739.001521063042,-90.06901746942987,45.95286101531392,-45.262379859521126
232.3961861492034,926.3921586175278,736.5893323823669,-90.06901746942987,45.95286101531392,-45.262379859521126
