x,y,z,roll,pitch,yaw
464.61675741693915,-522.9480605624195,345.01521041733804,-90.23469884739451,46.41059655322143,45.706782764379014
461.29091383078634,-511.9413011685763,343.815104933632,-93.59639085675929,30.78241481431857,11.2523869512167
460.86275787229357,-507.3589897514818,343.46033787330407,-93.7374190172039,31.19135291066404,10.957485998630421
460.182960587277,-504.18193608748913,343.6353865872988,-94.0893231096937,31.29002399428769,11.05060126245434
459.097933736585,-502.5822972844252,342.49512554785747,-94.12613651791253,31.459168076585698,10.920742942551165
457.941758913513,-499.7665864833723,343.27127257883234,-94.67393373309416,33.749988100196234,27.433512819148827
456.5026722180034,-499.74118332587335,343.98845776189773,-97.3854054293924,37.71381797242812,54.09148202888275
455.12868831318315,-500.32338288584106,343.4676780861918,-109.73252660395111,51.39699414498925,77.26495236186545
