x,y,z,roll,pitch,yaw
-111.41719921396404,925.8646635149986,761.1909659668054,-90.05385440540552,45.991396368200135,-44.974566098378716
-114.85798601269852,924.8025631305155,750.1993099546712,-93.72335076157732,11.316869483308434,-29.784924070018196
-115.33215228383565,924.5088426885466,745.6166545835287,-93.87191194102768,11.027074130932073,-30.196534369138988
-116.03834268540596,924.7246936529472,742.4485054831152,-94.22347679033818,11.120189704516871,-30.29076921943318
-117.15263737420494,923.6023840484611,740.8433863023861,-94.26350978035765,10.992525950865383,-30.461318669036082
-118.3240808348408,924.4124881330198,738.0489531727534,-94.61670357012508,27.531597933492424,-32.52326080957641
-119.75397805388864,925.1244493672764,738.0461971693562,-97.0163223379201,54.22874502896356,-36.10114142043754
-121.12942465688981,924.5906100780729,738.6336105200398,-109.1843794978266,77.5383440511635,-49.35768368144822
