x,y,z,roll,pitch,yaw
-570.2177261817715,629.606791774969,903.2045191035904,-89.49884634446715,45.20241038671495,46.01877288150166
-571.9975830686049,621.0116694204295,896.7235329823437,-89.79588150681533,45.533824887694706,47.32215721471994
-578.6667315406021,612.6502403195753,888.016729223669,-89.29218258683777,46.62126859778186,49.59024740506363
