x,y,z,roll,pitch,yaw
404.36548068213347,923.0602680036687,733.7879403802087,-90.14614277185945,45.878464345584646,-45.25878656639379
396.4894383549529,928.0221270075142,730.2247690079262,-90.14614277185945,45.878464345584646,-45.25878656639379
392.55141719136265,930.5030565094369,728.4431833217849,-90.14614277185945,45.878464345584646,-45.25878656639379
