x,y,z,roll,pitch,yaw
-79.3039381081106,970.763135790749,744.2492195171708,-89.76802943037357,45.97710903198734,-44.900877895813146
-88.1621301495826,970.8530774851544,738.784565097614,-90.39034424130097,45.888142121511834,-44.74263256889711
-93.08669944507089,975.5751160636888,731.7366074656916,-90.75864072400647,45.422889067701334,-44.500507704123436
