x,y,z,roll,pitch,yaw
385.69801547406183,-503.66951780440746,347.40408167444946,35.2197226197728,30.05554271023592,54.913516814443106
377.9001415347241,-497.90883326432,349.855137703143,35.2197226197728,30.05554271023592,54.913516814443106
374.0012045650553,-495.0284909942762,351.08066571748975,35.2197226197728,30.05554271023592,54.913516814443106
