x,y,z,roll,pitch,yaw
385.69801547406183,-503.66951780440746,347.40408167444946,14.395690160959791,9.967354321968617,56.29626362170819
377.97647412477204,-497.8677831336584,350.32282246485204,79.67035079380443,16.612988557481664,87.2219164595106
377.55857122482377,-497.132841746369,352.718554042631,-41.975453693528515,-22.38912862761086,66.7972788748984
376.5667434883017,-496.2413560882898,351.6706202172202,4.676828819696172,4.7151106671953515,45.1802297532066
375.76489800568373,-495.42746764978807,351.76392670388225,-49.022300412091155,-21.86411505721314,71.83258658773536
374.94205614063924,-494.7066221596404,350.691137189802,75.07145846635335,18.29817033601883,85.42182228072873
374.33788845341365,-493.86417011870475,353.08610963123874,-43.837791951352216,-20.776378521633877,69.47565567385229
373.3562498782725,-493.0644065235402,352.0113793103244,55.90814042513934,18.22511040526062,78.26924687731474
372.56444915804275,-492.47490211868825,353.2702688591205,-42.03116627834743,-1.3619731516076723,88.2870968357236
371.4308391567459,-492.4204386817789,352.2478136462098,6.982183549203057,0.9684403382472757,82.39055729685495
370.30743342643206,-492.2636539610398,352.3867185581514,-90.9694234775918,-0.07177426410488963,-0.18759616690807984
