x,y,z,roll,pitch,yaw
425.55079142917754,-502.0364439401285,356.8764813147834,0.029062576433045512,-0.028945279511788564,44.88859607158558
422.0152575232447,-498.50091003419584,356.8764813147833,0.029062576433045512,-0.028945279511788564,44.88859607158558
417.91953513564005,-495.8827474470643,355.7058905276084,0.029062576433045512,-0.028945279511788564,44.88859607158558
