x,y,z,roll,pitch,yaw
-549.1609653035141,676.3402306567119,898.350887973098,-89.4895726240185,51.982861820846736,48.882357385454426
-551.9937170642011,674.165531766512,894.8030518545711,-89.4895726240185,51.982861820846736,48.882357385454426
-551.7613275466035,672.4830583153436,893.4072217826929,-89.4895726240185,51.982861820846736,48.882357385454426
-553.2669954610691,672.453641582982,892.0849837771306,-89.4895726240185,51.982861820846736,48.882357385454426
-554.014506517692,671.0759349897783,891.0639802883516,-89.4895726240185,51.982861820846736,48.882357385454426
-554.7512953622265,669.6985854844881,890.1690798732033,-89.4895726240185,51.982861820846736,48.882357385454426
-555.476561263408,668.3183587678843,889.2203166065951,-89.4895726240185,51.982861820846736,48.882357385454426
-556.189720712331,666.9362462933295,888.3370888722748,-89.4895726240185,51.982861820846736,48.882357385454426
-556.9922789136261,665.4912113055318,887.637606997271,-89.4895726240185,51.982861820846736,48.882357385454426
