x,y,z,roll,pitch,yaw
106.58013798579691,-490.07658029133665,350.58708505136553,0.9909015279838156,1.0654312341092913,37.21003701343147
103.97397736725509,-480.4220870756478,350.8187505329312,0.9909015279838156,1.0654312341092913,37.21003701343147
103.04829138736807,-478.1654990146527,351.6461578842262,0.9909015279838156,1.0654312341092913,37.21003701343147
101.38040694919658,-476.34146302064255,351.8147647000093,0.9909015279838156,1.0654312341092913,37.21003701343147
99.55899612820338,-474.5160765487642,351.98265079899227,0.9909015279838156,1.0654312341092913,37.21003701343147
97.8871175534851,-472.8423193342313,352.11743398833835,0.9909015279838156,1.0654312341092913,37.21003701343147
95.75978954191896,-471.4701896629175,352.2931185313729,0.9909015279838156,1.0654312341092913,37.21003701343147
93.37077286825638,-471.2433606488795,351.7559043628594,0.9909015279838156,1.0654312341092913,37.21003701343147
90.8994967340729,-471.079697204823,352.7203181599966,0.9909015279838156,1.0654312341092913,37.21003701343147
