x,y,z,roll,pitch,yaw
-788.3564643927156,467.5786782092905,888.2190606965706,-89.57539944013983,60.10243654707769,37.76122331954068
-790.5662675514936,466.0503269892393,878.5845395784996,-89.57539944013983,60.10243654707769,37.76122331954068
-791.8202544656803,466.0796155111069,876.3383734077893,-89.57539944013983,60.10243654707769,37.76122331954068
-793.210969155223,465.1220815187723,874.527054367978,-89.57539944013983,60.10243654707769,37.76122331954068
-794.717858872925,464.0641575078116,872.7154759751704,-89.57539944013983,60.10243654707769,37.76122331954068
-796.088604540191,463.0782877392123,871.0543057907432,-89.57539944013983,60.10243654707769,37.76122331954068
-797.8290897552376,461.8279228961844,869.6981837313522,-89.57539944013983,60.10243654707769,37.76122331954068
-799.300520791446,459.86258008723354,869.4859619743244,-89.57539944013983,60.10243654707769,37.76122331954068
-801.7990992332155,458.99414243230524,869.3442817220407,-89.57539944013983,60.10243654707769,37.76122331954068
