x,y,z,roll,pitch,yaw
-345.7651068670556,983.5649678519317,725.4548665355137,-89.40491077686839,15.67518827531166,0.07883013143414164
-354.8011989761283,982.1181895248999,721.3938635515581,-89.40491077686839,15.67518827531166,0.07883013143414164
-359.3192450306647,981.3948003613841,719.3633620595803,-89.40491077686839,15.67518827531166,0.07883013143414164
