x,y,z,roll,pitch,yaw
112.48286499620235,-492.33289292887724,352.302440250652,13.302614012823957,7.623107844721042,60.15430264192718
109.93399626664626,-482.7364147425754,352.09031047932103,13.302614012823957,7.623107844721042,60.15430264192718
108.98740324571378,-480.5172256624102,353.8523365828521,13.302614012823957,7.623107844721042,60.15430264192718
107.26257318037705,-478.70198026800455,354.0560050013927,13.302614012823957,7.623107844721042,60.15430264192718
105.67789841584374,-476.90139857064213,355.0598622785383,13.302614012823957,7.623107844721042,60.15430264192718
103.80485152682894,-475.1485768161537,354.4038812844706,13.302614012823957,7.623107844721042,60.15430264192718
101.89223057746545,-473.72950964208115,355.41948054827617,13.302614012823957,7.623107844721042,60.15430264192718
99.52548336751914,-473.2473858948211,355.64993000351456,13.302614012823957,7.623107844721042,60.15430264192718
97.11734896244019,-473.0870233612954,356.7072968015358,13.302614012823957,7.623107844721042,60.15430264192718
