x,y,z,roll,pitch,yaw
114.54769905898314,-491.32265461601,354.77872978639675,0.015354733434500403,-0.004113599882272236,14.954952923717647
111.95950860795784,-481.6633963531194,354.77872978639664,0.015354733434500403,-0.004113599882272236,14.954952923717647
107.86078440767471,-479.1086374739582,356.07243261137614,0.015354733434500403,-0.004113599882272236,14.954952923717647
