x,y,z,roll,pitch,yaw
119.37383517761236,-486.17661756125193,354.58606400003487,2.8354445762125144,3.517630940685664,37.3053006352548
110.89488101698964,-481.1015602220522,356.59321804978424,2.8354445762125144,3.517630940685664,37.3053006352548
109.67771394499596,-479.022700957414,355.87738335223787,2.8354445762125144,3.517630940685664,37.3053006352548
107.9987182923295,-477.1788636276894,356.0376232432502,2.8354445762125144,3.517630940685664,37.3053006352548
106.16491036779348,-475.3334514392031,356.19665513305245,2.8354445762125144,3.517630940685664,37.3053006352548
104.48166846993121,-473.6414009829386,356.3232076002398,2.8354445762125144,3.517630940685664,37.3053006352548
102.33861021568532,-472.2529617109088,356.49014045057595,2.8354445762125144,3.517630940685664,37.3053006352548
100.00539512485511,-471.766346516445,357.5082336918807,2.8354445762125144,3.517630940685664,37.3053006352548
97.4364470514721,-471.7748856110156,356.89501226474056,2.8354445762125144,3.517630940685664,37.3053006352548
