x,y,z,roll,pitch,yaw
106.58013800643988,-490.07657984297725,350.5870865331806,0.09538198106040593,-0.02504438720077212,14.71723555006301
106.05678604435133,-481.79614295730914,354.2714799252424,-2.5454004911693784,-4.603455428829472,31.42164020065383
98.06772806938676,-473.46539648180897,355.73618922274613,-8.23347339562661,-1.9573698725933664,55.960965714684164
93.31226596207966,-472.3063509165063,356.46152583726064,-11.107174009765941,1.8983217496646756,80.32888783266662
