x,y,z,roll,pitch,yaw
662.4886559495501,-505.9518867337914,339.9313620399972,35.242236305602226,30.027302346125296,54.82363097628492
655.8266872404977,-501.0412397307606,345.5441794191065,35.242236305602226,30.027302346125296,54.82363097628492
652.4957028859715,-498.5859162292452,348.3505881086612,35.242236305602226,30.027302346125296,54.82363097628492
