x,y,z,roll,pitch,yaw
383.14230942033157,-508.1998694578024,335.77917624339307,35.2055860749739,30.072508653835104,54.803223031604496
378.14230942033146,-501.12880164593685,340.77917624339295,35.2055860749739,30.072508653835104,54.803223031604496
375.63497148511846,-498.0506058740009,343.81857869589555,35.2055860749739,30.072508653835104,54.803223031604496
