x,y,z,roll,pitch,yaw
822.6804760495686,-511.26762516997513,335.8836774768463,28.462711765474268,16.111915701857967,62.510727018378304
817.6795860537799,-504.1771941532307,340.6005654132739,28.462711765474268,16.111915701857967,62.510727018378304
817.4128034035177,-502.95333190579635,343.85060774428894,28.462711765474268,16.111915701857967,62.510727018378304
816.4544563055974,-502.0948053065783,343.19971286407383,28.462711765474268,16.111915701857967,62.510727018378304
815.4958502094166,-501.32872576427513,343.8647182889599,28.462711765474268,16.111915701857967,62.510727018378304
814.4812118137547,-500.6014755602802,343.8593311985727,28.462711765474268,16.111915701857967,62.510727018378304
813.5133410727481,-499.8852452398383,344.5126854770717,28.462711765474268,16.111915701857967,62.510727018378304
812.4955994267102,-499.1563840225727,344.49135309813187,28.462711765474268,16.111915701857967,62.510727018378304
811.3659016815411,-498.59696827911824,344.472026317875,28.462711765474268,16.111915701857967,62.510727018378304
