hook_num,trajectory_process,x_max_work,x_max_local,x_min_work,x_min_local,y_max_work,y_max_local,y_min_work,y_min_local,z_max_work,z_max_local,z_min_work,z_min_local,x_mean_work,x_mean_local,y_mean_work,y_mean_local,z_mean_work,z_mean_local,euclidean_max_work,roll_max,pitch_max,yaw_max
13,1,1.16733157420822,4.21566989916708e-09,-0.939157911059283,-1.91758274226936,0.499638331363826,0.857434939619591,-0.92618007547776,-0.141660808017907,2.39026944300184,2.52867732101503,-7.59428075980395e-09,-6.09472176244011e-09,0.814186341119644,-0.607208670841086,-0.0529126752989945,0.485279648162296,1.95901489602354,1.9738628849347,2.66046150672293,28.5109603327779,2.97155097240512,31.8306814114092
