hook_num,trajectory_process,x_max_work,x_max_local,x_min_work,x_min_local,y_max_work,y_max_local,y_min_work,y_min_local,z_max_work,z_max_local,z_min_work,z_min_local,x_mean_work,x_mean_local,y_mean_work,y_mean_local,z_mean_work,z_mean_local,euclidean_max_work,roll_max,pitch_max,yaw_max
1,4,-0.39052071930189,0.659415837775934,-3.89618212273401,-5.04530837396723,0.368836219412856,4.80393896105183,-0.22770807479958,-0.144115129247988,5.90680972580759,1.4574819753272,-1.19281396743986,-1.11782892165308,-3.73501510708372,-4.58624768434441,0.105722907278904,4.68175621556876,5.53675404664848,1.28847075682321,7.07774288725596,0.845211575811547,2.20146596063842e-07,0.138692609618161
