hook_num,trajectory_process,x_max_work,x_max_local,x_min_work,x_min_local,y_max_work,y_max_local,y_min_work,y_min_local,z_max_work,z_max_local,z_min_work,z_min_local,x_mean_work,x_mean_local,y_mean_work,y_mean_local,z_mean_work,z_mean_local,euclidean_max_work,roll_max,pitch_max,yaw_max
12,4,-3.38756080964231e-08,-3.09181948497635e-08,-1.66519107136418,-2.05492825570152,-2.68528310698457e-09,0.958801439920816,-0.933279111699619,2.72475352543012e-08,1.21459491606544,-6.79124535146287e-09,2.42840769715258e-08,-0.337520968898558,-1.44630522687519,-1.55483564757393,-0.481738469222601,0.87573101042204,0.976733795890239,-0.30562192272056,2.23563277493333,1.88199476764721,0.107077661031486,0.400627535941233
