x,y,z,roll,pitch,yaw
740.5390723019825,-506.3539541147712,339.9903103241968,35.242236305602226,30.027302346125296,54.82363097628492
734.2287100371743,-501.4131339180998,345.97091429629256,35.242236305602226,30.027302346125296,54.82363097628492
731.0735289047702,-498.94272381976396,348.9612162823403,35.242236305602226,30.027302346125296,54.82363097628492
