x,y,z,roll,pitch,yaw
277.5632787175077,965.1855008766083,742.4948371401765,-89.91443513462288,45.81140924184189,-45.18274552254724
271.25207921222955,971.2398713585118,737.6767463493688,-89.91443513462288,45.81140924184189,-45.18274552254724
268.0964794595904,974.2670565994634,735.267700953965,-89.91443513462288,45.81140924184189,-45.18274552254724
