x,y,z,roll,pitch,yaw
860.1220852429049,-505.9599713688391,341.4849294851032,35.217668594645566,30.058160493744666,54.92153274202834
854.359312830392,-500.6760773769606,347.7195841190162,35.217668594645566,30.058160493744666,54.92153274202834
851.4779266241356,-498.03413038102144,350.83691143597264,35.217668594645566,30.058160493744666,54.92153274202834
