x,y,z,roll,pitch,yaw
242.91915713098226,-493.6087951549942,356.77757121551167,-0.0006518064799496401,0.00030595302341222455,25.20266103691156
239.78740587183538,-493.19838776738226,358.3556408932826,0.09167532971581097,-0.12952222040923095,25.052174641562335
236.2715523906026,-485.1920485567269,357.09362224937774,-0.4768729646852717,-0.14703821293519317,24.82672012583718
