x,y,z,roll,pitch,yaw
-150.01898809611646,998.4609106615034,899.9716805913828,-90.27513223276942,45.430016682231766,-4.5454395124345055
-157.1105359340607,998.9961930016905,892.9611294090264,-90.27513223276942,45.430016682231766,-4.5454395124345055
-161.4633455073125,998.1995155866451,890.653601833168,-90.27513223276942,45.430016682231766,-4.5454395124345055
