x,y,z,roll,pitch,yaw
942.902386095799,-506.5761959770962,340.32589438450657,27.35234083405739,13.590329512723326,65.2349290116037
938.8852825239459,-498.4844738844764,346.15893420398686,23.52661540630315,13.927717501748242,64.2810449132153
929.6916807866717,-491.3711621786455,353.46125570455376,22.70503873310395,13.997812772805789,64.28453151997047
