x,y,z,roll,pitch,yaw
261.0320551082139,-499.6038853634949,343.6101967495614,-90.29485397709438,46.51830761457471,45.68961747576774
252.97109408734343,-495.0554798874641,347.39864440310504,-90.29485397709438,46.51830761457471,45.68961747576774
248.9406135769081,-492.7812771494488,349.2928682298768,-90.29485397709438,46.51830761457471,45.68961747576774
