x,y,z,roll,pitch,yaw
-409.2341108391502,801.8272286267033,894.980121582251,-90.44141093312928,45.41060956522565,-2.282678698975883
-418.0708320517923,801.569649541121,890.3460671369903,-90.44141093312928,45.41060956522565,-2.282678698975883
-422.4891926581134,801.4408599983299,888.0290399143599,-90.44141093312928,45.41060956522565,-2.282678698975883
