x,y,z,roll,pitch,yaw
-341.8000282089346,838.7618733974632,902.1200851611582,-90.36167623487545,45.38408582155098,-4.313271921831296
-350.3680041319673,838.8339749462568,897.0004704915098,-90.36167623487545,45.38408582155098,-4.313271921831296
-354.65199209348367,838.8700257206536,894.4406631566856,-90.36167623487545,45.38408582155098,-4.313271921831296
