x,y,z,roll,pitch,yaw
-81.22913006522163,981.1361266738102,736.5603635610142,-89.32229086501606,25.64576392071867,0.4259994173743051
-87.20623554794912,983.799731504695,729.0132867475834,-89.32229086501606,25.64576392071867,0.4259994173743051
-90.19478828931287,985.1315339201375,725.2397483408679,-89.32229086501606,25.64576392071867,0.4259994173743051
