x,y,z,roll,pitch,yaw
385.7862096985047,-495.02321660085653,354.1921898391306,-0.000651573252827455,0.0003053521037995382,25.202660730130134
383.91866926774134,-495.492259998095,356.21374130817105,-0.019196084900164456,-0.12446658004001449,24.985757452588068
378.72451766844233,-487.0024013811762,355.49701170692015,-0.5951934367295374,-0.1763286527595101,24.87434007761866
