x,y,z,roll,pitch,yaw
261.0320551029618,-499.60388536720694,343.6101974370442,-90.29485578595542,46.51830877512733,45.689618193176685
254.36538846695237,-495.12277567225556,348.39792398346333,-90.4324130613783,28.10063907774336,55.183687068077106
252.31862096489778,-492.5233647157388,349.035106707831,-90.56109424386065,28.10048972097051,55.04160327497789
250.5106914427529,-491.37169955842677,350.2224132619052,-90.51325096532398,27.950904302854827,54.95597045327888
247.18155620364064,-488.87060903310623,351.6430319693164,-91.27935243548413,28.124431502653454,60.22875437424946
245.88872093921788,-488.67879796447573,352.4592019192461,-91.3277660668343,27.90735404129635,60.222783382885
245.6572828169056,-489.0230782936093,352.38627957550307,-93.66311078280377,30.540866228103322,81.31025005981063
