x,y,z,roll,pitch,yaw
471.1669996127342,-522.9613661146495,334.85583456288396,35.194149689806736,30.086821278119288,54.814089850340046
466.1669996127343,-515.8902983027842,339.85583456288396,35.194149689806736,30.086821278119288,54.814089850340046
464.0605641630381,-511.3572586341489,339.735497291673,35.194149689806736,30.086821278119288,54.814089850340046
