x,y,z,roll,pitch,yaw
-111.69802911315895,923.2622129324833,761.0032212712138,-89.90016204503854,45.78618838350094,-45.105289243483405
-116.2149283103899,921.5759709612187,752.2413171647552,-89.90016204503854,45.78618838350094,-45.105289243483405
-118.47337790900539,920.7328499755864,747.8603651115259,-89.90016204503854,45.78618838350094,-45.105289243483405
