x,y,z,roll,pitch,yaw
468.0425472916029,-520.3545786375207,346.1367809987081,35.217667902345035,30.058160599870313,54.92153491670702
459.2707077904316,-508.0638317562524,344.0871464422428,0.6560214024799543,32.92226711268188,20.72243980311497
455.966875737057,-498.78888776809004,343.1189386731063,0.06693060413313134,33.63295451262116,20.422972629976996
