x,y,z,roll,pitch,yaw
301.4314767259692,-504.56304298442285,334.74804227336483,-90.24671259407532,46.6979821812798,45.66435908805525
295.8335317037237,-498.77888598136167,340.6996278372576,-90.24671259407532,46.6979821812798,45.66435908805525
293.0345591926009,-495.88680747983096,343.675420619204,-90.24671259407532,46.6979821812798,45.66435908805525
