x,y,z,roll,pitch,yaw
527.9047718441705,-493.48067146855516,354.28780979397936,5.211849017905323,6.132447090652939,40.78143399034743
523.4329292536377,-488.18802858078135,354.5863087738313,4.851741433414601,7.389705886638753,33.716039201427336
522.628495088406,-486.94422898379963,354.71131043994205,64.29778370957426,36.198192576542674,74.33177380099677
522.0657405733433,-485.6424254548784,356.2175190969091,-45.41866077677667,-26.72457837916511,65.87358989542702
521.0145003433543,-484.4537940450961,354.91121939787,4.238427377079211,5.404769239554325,38.4882276592421
520.0447488196368,-483.20764714571925,355.0279627685877,3.3609946107890374,4.811894583009097,35.292653672241784
519.2353953161385,-482.043623980665,355.11113217801835,-46.37569693337799,-26.651889863911165,66.62887765054634
518.1986608163156,-480.87461989114666,353.7875212938958,58.32152592766519,32.31177320997257,71.95029525624261
517.453309598557,-479.63027764890893,355.29236392093947,3.811049415179316,4.2223543574415485,42.4287306673099
516.4803781328204,-478.547792969627,355.38922744904903,9.960155366452826,2.7973973239877026,74.70634909489156
515.0241935444321,-478.1309433765386,355.6549542582429,-90.658479015042,0.1322888197086393,-0.24372007297330572
