x,y,z,roll,pitch,yaw
753.1654229250755,-486.1193323823714,368.1076869485455,-0.003111445097687399,0.0002660515428691,5.148005142362142
752.3720159839772,-476.1239354240019,368.25407955048547,-6.179866596038069,-3.2749768379334983,62.0123156843437
743.2882102089713,-467.64203165379644,366.68352958929756,-6.179868044642115,-3.2749767837919084,62.01231617510668
734.4473431865936,-467.5149886311663,365.76356535982575,-12.03283808673545,0.4363557863691305,88.04079796949853
