x,y,z,roll,pitch,yaw
753.165422924102,-486.1193323811771,368.10768633238524,-0.0031112853234078245,0.0002662462995295762,5.148003859964824
752.2938654966254,-476.15738540025967,368.10768633238524,-0.0031112853234078245,0.0002662462995295762,5.148003859964824
747.9126435653525,-473.8087138556254,367.5704374474558,-0.0031112853234078245,0.0002662462995295762,5.148003859964824
