x,y,z,roll,pitch,yaw
509.37745614822546,-509.59529061675926,338.94665807222464,22.015655997163222,14.171491878465133,58.452988891537366
504.38049008670146,-502.4894981193861,344.0635607898704,22.015655997163222,14.171491878465133,58.452988891537366
504.0904093626566,-501.3456897807811,345.2120440033318,22.015655997163222,14.171491878465133,58.452988891537366
503.14520783480856,-500.34068481103805,345.84415514943214,22.015655997163222,14.171491878465133,58.452988891537366
502.2310534605193,-499.59873233657686,345.89580816024124,22.015655997163222,14.171491878465133,58.452988891537366
501.20197980713976,-498.7999483267091,345.94548877446425,22.015655997163222,14.171491878465133,58.452988891537366
500.24498044738294,-498.01426886668287,346.56078284342107,22.015655997163222,14.171491878465133,58.452988891537366
499.16747541307285,-497.16683434581034,347.17728475288357,22.015655997163222,14.171491878465133,58.452988891537366
498.19917783087504,-496.3722405388529,347.7860570671337,22.015655997163222,14.171491878465133,58.452988891537366
