x,y,z,roll,pitch,yaw
-192.32757148295593,973.1581641473756,907.2793590020738,-89.79462659493353,41.89507631064697,19.31449188035559
-199.5229264918799,973.6995911733983,900.2746016071094,-89.79462659493353,41.89507631064697,19.31449188035559
-201.6147406088848,975.9237078332586,899.0095866215155,-89.79462659493353,41.89507631064697,19.31449188035559
-201.7734868914701,974.5499456143831,898.0358910659284,-89.79462659493353,41.89507631064697,19.31449188035559
-201.83535695205933,973.2490153640257,897.0704505969354,-89.79462659493353,41.89507631064697,19.31449188035559
-203.05304548064504,973.5940764102801,896.0200426147989,-89.79462659493353,41.89507631064697,19.31449188035559
-203.68555415827092,973.1056473225485,894.9555733067541,-89.79462659493353,41.89507631064697,19.31449188035559
-204.31553169331949,972.6148201554155,893.947004161291,-89.79462659493353,41.89507631064697,19.31449188035559
-205.0294752184351,972.0474554229412,892.882939497237,-89.79462659493353,41.89507631064697,19.31449188035559
