x,y,z,roll,pitch,yaw
-192.32757157604013,973.1581657690925,907.2793590237511,-89.79462544878463,41.89507499603148,19.314490418597607
-199.522927592091,973.6995912559701,900.2746005341263,-89.7946687703838,41.895068853971885,19.31448896723364
-206.37940048982722,972.6516522627442,888.6658212333008,-90.72943840668735,41.17474250031842,18.977168447148365
