x,y,z,roll,pitch,yaw
-192.4767806576471,923.2550150478042,735.7021524806909,-89.79709048994384,45.89206243464325,-44.85414430237658
-200.91082621431966,927.8289047193393,729.4517314369369,-90.75197739294758,53.85409647164451,-44.512060902955426
-207.92320755306494,933.3691716262493,725.0171913123371,-92.29190518587144,62.88897653834435,-44.69069237482429
