x,y,z,roll,pitch,yaw
113.1199757444079,-503.9781941441556,347.1175272237465,7.490590806938466,4.925418810005332,56.2289033710995
108.09185808267,-496.9205630717744,351.950314785414,7.490590806938466,4.925418810005332,56.2289033710995
107.48072024664975,-495.631969867567,352.57951193785266,7.490590806938466,4.925418810005332,56.2289033710995
106.51226519766601,-494.5707264969044,353.250925999109,7.490590806938466,4.925418810005332,56.2289033710995
105.35401002996741,-493.6758056672104,352.73328421230315,7.490590806938466,4.925418810005332,56.2289033710995
104.17136850777143,-492.9042490281199,352.8130303451269,7.490590806938466,4.925418810005332,56.2289033710995
103.07338800445058,-492.0719444435365,353.4763957976187,7.490590806938466,4.925418810005332,56.2289033710995
101.88604253769688,-491.3577187522303,353.53940976384195,7.490590806938466,4.925418810005332,56.2289033710995
100.69761155463232,-490.5253420613087,353.5877435731484,7.490590806938466,4.925418810005332,56.2289033710995
