x,y,z,roll,pitch,yaw
-723.6093322346214,511.3101488452767,902.1800676669866,-89.92839821331359,52.33077091695456,5.492851232104108
-730.6284393636166,511.6942552497179,895.1882336475227,-89.92839821331359,52.33077091695456,5.492851232104108
-731.9317921462729,512.4906322335065,894.0202112582174,-89.92839821331359,52.33077091695456,5.492851232104108
-732.8145452048648,511.88223421855616,893.0167162405595,-89.92839821331359,52.33077091695456,5.492851232104108
-734.162539686259,511.810171902432,892.1874696808652,-89.92839821331359,52.33077091695456,5.492851232104108
-735.0422201017874,511.1939175996466,891.5362582308028,-89.92839821331359,52.33077091695456,5.492851232104108
-736.3913301032328,511.10272302851445,890.6395947845353,-89.92839821331359,52.33077091695456,5.492851232104108
-736.8825518273612,509.86502580291096,889.9970816339346,-89.92839821331359,52.33077091695456,5.492851232104108
-738.2296424514112,509.7588380418389,889.274425586002,-89.92839821331359,52.33077091695456,5.492851232104108
