x,y,z,roll,pitch,yaw
302.5901894807917,-504.1185776321736,340.44990498450943,35.2055860749739,30.072508653835104,54.803223031604496
297.59018948079165,-497.04750982030805,345.44990498450943,35.2055860749739,30.072508653835104,54.803223031604496
294.87104664421145,-495.05358631747333,349.14185992723515,35.2055860749739,30.072508653835104,54.803223031604496
