x,y,z,roll,pitch,yaw
-559.0468519662139,675.0293498093594,891.6347081195537,-89.74284475262046,15.374230839384381,40.585657335536006
-558.7011711322925,672.104874801914,887.2232216375977,-89.97688569737032,15.373378803172887,40.72174829593689
-562.5026965256592,669.8788803522433,878.5074118636993,-90.52154458535452,15.185830687963188,40.79094250540066
