x,y,z,roll,pitch,yaw
-559.0468511164277,675.0293490358122,891.6347078829323,-89.74284475545734,15.37423082404623,40.58565732013335
-560.0704065733166,674.1787547423862,886.8150783364313,-89.74284475545734,15.37423082404623,40.58565732013335
-561.3812830511574,671.2979203871104,882.9422754091096,-89.74284475545734,15.37423082404623,40.58565732013335
