x,y,z,roll,pitch,yaw
-559.0468511164277,675.0293490358122,891.6347078829323,-89.53482299038808,39.18266272027401,66.27701537783489
-559.6753281218669,673.5945634630315,886.7975112033943,-89.53482299038808,39.18266272027401,66.27701537783489
-559.3869907353459,672.7944739939069,885.1441289936697,-89.53482299038808,39.18266272027401,66.27701537783489
-559.5328392077193,671.7329214100129,883.7599438701512,-89.53482299038808,39.18266272027401,66.27701537783489
-559.8905630179266,670.5404593847356,882.4497777635637,-89.53482299038808,39.18266272027401,66.27701537783489
-560.7664380498072,669.995839842742,880.991216420418,-89.53482299038808,39.18266272027401,66.27701537783489
-561.1087959224466,668.7986412941465,879.6930357621018,-89.53482299038808,39.18266272027401,66.27701537783489
-561.8636326479493,668.3085494807607,878.3009178607805,-89.53482299038808,39.18266272027401,66.27701537783489
-562.7201032817547,667.743024557675,876.9712427753898,-89.53482299038808,39.18266272027401,66.27701537783489
