x,y,z,roll,pitch,yaw
417.13577004707895,-495.5951058235329,362.08040078388535,0.02066520295651213,-0.005526850607842395,14.939318058306746
415.8416748215664,-490.76547669208753,362.08040078388535,0.02066520295651213,-0.005526850607842395,14.939318058306746
413.00438729502696,-486.876517431745,360.72918083023603,0.02066520295651213,-0.005526850607842395,14.939318058306746
