x,y,z,roll,pitch,yaw
465.78078049570667,-522.0004860029433,343.14211084022946,-90.24671259407532,46.6979821812798,45.66435908805525
461.5484573250296,-512.9468611749755,342.8057378280337,-90.24671259407532,46.6979821812798,45.66435908805525
459.43229573969097,-508.42004876099156,342.63755132193575,-90.24671259407532,46.6979821812798,45.66435908805525
