x,y,z,roll,pitch,yaw
-702.1278726575596,523.3490347579167,901.8779355482584,-90.46994766590153,45.39386022942498,-3.8033361504098777
-709.2212378147706,523.7616904040389,894.8644972948341,-90.46994766590153,45.39386022942498,-3.8033361504098777
-712.8998459756463,525.4789769493631,891.9591526958064,-90.46994766590153,45.39386022942498,-3.8033361504098777
