x,y,z,roll,pitch,yaw
-702.1278726575596,523.3490347579167,901.8779355482584,-90.69875766779529,54.30884615143046,-25.681968359095684
-709.143398085945,523.7439135689042,894.8323245280205,-90.69875766779529,54.30884615143046,-25.681968359095684
-709.3162133713444,523.584991127459,894.2076693321633,-90.69875766779529,54.30884615143046,-25.681968359095684
-710.5319691363459,524.7302520551776,893.3876880966166,-90.69875766779529,54.30884615143046,-25.681968359095684
-711.2051741710065,524.88619083321,892.76905435649,-90.69875766779529,54.30884615143046,-25.681968359095684
-712.2090380520157,525.5100016528611,892.0384387646593,-90.69875766779529,54.30884615143046,-25.681968359095684
-712.8898771426371,525.666644829356,891.4112220516918,-90.69875766779529,54.30884615143046,-25.681968359095684
-713.9087591629166,526.2972244804263,890.667353803618,-90.69875766779529,54.30884615143046,-25.681968359095684
-713.9228778919097,525.5039618337474,890.1446255833453,-90.69875766779529,54.30884615143046,-25.681968359095684
