x,y,z,roll,pitch,yaw
110.46308067042514,-502.615345304579,340.53382721507774,35.21308007541614,30.063971636070367,54.94063193795647
104.24135401722572,-497.0759625472474,346.06603799564664,35.21308007541614,30.063971636070367,54.94063193795647
101.130490690626,-494.3062711685816,348.8321433859312,35.21308007541614,30.063971636070367,54.94063193795647
