x,y,z,roll,pitch,yaw
167.27132949305172,989.0311174034198,739.2090535258812,-89.30697415804227,26.395309637152696,6.265629580993832
164.17781784177436,989.3866618837787,732.9484771216829,-89.33930663726167,6.718303465499275,19.053653899587225
163.99691379997074,989.3454343381701,731.4265074766067,-90.60751751416566,47.0129118822412,-76.2485271396673
163.59165603436048,990.9390907062266,729.8996454689977,-89.19103696321919,48.766002520902504,58.301775127984904
162.65655672376118,989.5008182208564,728.3973910358503,-89.37024771341561,19.708306449158098,-1.8653190005700058
162.14940499705705,989.5334765816001,726.9632839241585,-90.60427588889847,47.67841093506326,-75.57623612981739
161.7328403593927,991.0956704296884,725.4964274477297,-89.20257575383506,50.14904359554909,64.23102308514916
160.9689054827315,989.6015874378722,724.0949243424805,-89.35442631789147,24.154410725435255,-1.4856912812526184
160.2948480521041,989.6368648924387,722.5758293435917,-89.11248778582609,53.02468681274051,59.165837222711026
159.378069602513,988.1798475022197,721.2803117489418,-88.88304887157088,69.97556848400228,-9.375424914916922
158.06506665481555,988.4218691086345,720.7892334050805,180.0,0.0,0.0
