x,y,z,roll,pitch,yaw
314.67750173663035,-502.628600761599,356.56872159371335,-0.24239245169614385,-0.2512679610889651,56.01026867771729
310.44971401198603,-493.56000436322057,356.6306456824318,-0.24239245169614385,-0.2512679610889651,56.01026867771729
309.5094648824978,-492.60060992277573,356.7858887675204,-0.24239245169614385,-0.2512679610889651,56.01026867771729
308.44994528252874,-491.52053019292185,356.9518313754987,-0.24239245169614385,-0.2512679610889651,56.01026867771729
307.36230952292436,-490.7487604638165,356.35289949107073,-0.24239245169614385,-0.2512679610889651,56.01026867771729
306.3036395526067,-489.8489824020217,356.5062663193154,-0.24239245169614385,-0.2512679610889651,56.01026867771729
305.2433804453471,-489.008410619892,356.6533330940516,-0.24239245169614385,-0.2512679610889651,56.01026867771729
304.181504567091,-488.10791208752875,356.78945866241736,-0.24239245169614385,-0.2512679610889651,56.01026867771729
303.10647196277927,-487.4081093645081,356.1633429543656,-0.24239245169614385,-0.2512679610889651,56.01026867771729
