x,y,z,roll,pitch,yaw
314.6775017035159,-502.6286005778365,356.5687229175138,-0.04635746335286038,-0.18644533588793744,40.411663493228474
310.44971818992894,-493.5599271988854,356.6306958384554,-0.046576581292613155,-0.18629326529721527,40.41165538326728
302.05214258549216,-487.18777041786694,357.55371624510076,-0.6068856197800112,-0.28935444048299225,40.375515444788135
