x,y,z,roll,pitch,yaw
-645.5943728414005,595.1520206533193,899.4580582910585,-89.71755384230332,25.243199158056377,41.648775524094575
-648.8238945555058,592.321765492334,890.4270072873085,-89.71755384230332,25.243199158056377,41.648775524094575
-651.9317439706472,589.5329602073497,887.6765218463358,-89.71755384230332,25.243199158056377,41.648775524094575
