x,y,z,roll,pitch,yaw
-153.47076064994445,982.9093938338918,735.5992191151845,-89.32229086501606,25.64576392071867,0.4259994173743051
-157.51519309687785,984.4957494768423,730.1185700822109,-89.32229086501606,25.64576392071867,0.4259994173743051
-160.40407341611595,985.6288606503784,726.2038207729441,-89.32229086501606,25.64576392071867,0.4259994173743051
