x,y,z,roll,pitch,yaw
314.67750173663035,-502.628600761599,356.56872159371335,0.0612023045904366,-0.028288978649777145,24.81295804020633
310.4513191192233,-493.56552289123243,356.56872159371335,0.0612023045904366,-0.028288978649777145,24.81295804020633
306.2965868730916,-490.7838710601207,356.5439616780146,0.0612023045904366,-0.028288978649777145,24.81295804020633
