x,y,z,roll,pitch,yaw
-153.4707606510011,982.9093939438795,735.5992191169305,-89.32229093286716,25.645764067772674,0.4259992221802982
-154.9572223591537,983.3966433109412,735.2416672691361,-89.3126887610334,25.36594939179887,0.5715074143075659
-161.18367224890008,982.4991057880877,726.0909867790607,-89.90704861956516,25.275655443608475,0.6580906791698137
