x,y,z,roll,pitch,yaw
314.1831723838561,-495.5338033167929,356.35250462769034,-0.0006517247919940315,0.0003047507204619793,25.20266010291026
310.17964725805507,-490.00401710017405,357.8995181911647,-0.0006517247919940315,0.0003047507204619793,25.20266010291026
307.31998645391144,-486.05416980258934,359.0045278793606,-0.0006517247919940315,0.0003047507204619793,25.20266010291026
