x,y,z,roll,pitch,yaw
-645.5943737420711,595.1520216247934,899.4580581128117,-89.67311631558331,40.841127109562535,41.91417783336914
-648.866072735743,592.3672177077435,890.4216700906255,-89.67346693383257,40.84112043793718,41.91397677333506
-655.7966422436261,587.4595244762245,884.1164010049561,-90.14502539764959,40.80508057707425,42.04988156082496
