x,y,z,roll,pitch,yaw
71.10210044281928,-506.5661114927924,335.6286860004967,35.24223516079735,30.027300692524484,54.82363177377923
66.70431164023535,-496.73631116256024,342.1289858005166,34.702249165772244,30.063129614901186,54.16735293545612
61.757362317988964,-488.894024336146,346.5153735173608,34.369728498410105,30.055403875976847,53.12763818512821
