x,y,z,roll,pitch,yaw
-391.87740867823004,962.3185606813192,747.9171397198006,-89.9058212146539,50.130292134838164,-45.11516634961558
-397.235560402659,968.2728108999532,741.5454749226203,-89.24676383495033,9.123281285708185,5.340205149457469
-397.399053801322,968.2708252713749,740.518104990233,-89.26919817397831,40.16188893010961,-8.283320380567332
-398.1764567905831,968.3993513218721,739.580793448426,-89.3084712790962,29.96107340254142,-5.871452202594408
-398.80272431130635,968.4788325195157,738.4808464705918,-91.04829316937908,68.72980455483895,-81.82807461697739
-399.18551143893586,970.8501435391779,737.5503402596314,-88.94747454009642,50.59854862558004,53.71518972855766
-400.01454462783965,969.7801670927022,736.4397420449565,-90.3257196182725,52.83395204977853,-64.45591677982507
-400.6056156012156,971.0023621315092,735.4111843812171,-89.2245730866701,39.9574037095303,-5.234568531790535
-401.39301646638256,971.0907057204911,734.4618253039607,-90.26468539401766,84.96668155452288,-51.98463326447321
-402.45323392872154,972.4358187575153,734.3124114194925,-90.14387708827758,82.27358466048271,-51.51118161656745
-403.52390593339703,973.7772970396722,734.0807243373545,180.0,0.0,0.0
