x,y,z,roll,pitch,yaw
-829.6602922681706,439.94355964681614,898.1802588381785,-89.71369526432434,32.09954576869015,38.84264516283636
-830.4140871068867,438.6815186861851,893.3054368654891,-89.71369526432434,32.09954576869015,38.84264516283636
-831.4737700028024,438.99872965159784,891.9717445184858,-89.71369526432434,32.09954576869015,38.84264516283636
-832.4903550300188,438.4276741884438,890.8283098744416,-89.71369526432434,32.09954576869015,38.84264516283636
-833.6141782902783,437.7828797517765,889.556369510292,-89.71369526432434,32.09954576869015,38.84264516283636
-834.6203247303055,437.1932414831068,888.410391870116,-89.71369526432434,32.09954576869015,38.84264516283636
-835.2334461205238,435.9099185759327,887.2167836555263,-89.71369526432434,32.09954576869015,38.84264516283636
-836.225708868968,435.30418372640423,886.072463557388,-89.71369526432434,32.09954576869015,38.84264516283636
-836.8203887802008,434.01261100266606,884.888451857672,-89.71369526432434,32.09954576869015,38.84264516283636
