x,y,z,roll,pitch,yaw
-829.6602922681706,439.94355964681614,898.1802588381785,-89.68454577319133,48.82486071333406,37.09963300553937
-830.4140871068867,438.6815186861851,893.3054368654891,-89.68454577319133,48.82486071333406,37.09963300553937
-831.4737700028024,438.99872965159784,891.9717445184858,-89.68454577319133,48.82486071333406,37.09963300553937
-832.4903550300188,438.4276741884438,890.8283098744416,-89.68454577319133,48.82486071333406,37.09963300553937
-833.6141782902783,437.7828797517765,889.556369510292,-89.68454577319133,48.82486071333406,37.09963300553937
-834.6203247303055,437.1932414831068,888.410391870116,-89.68454577319133,48.82486071333406,37.09963300553937
-835.2334461205238,435.9099185759327,887.2167836555263,-89.68454577319133,48.82486071333406,37.09963300553937
-836.225708868968,435.30418372640423,886.072463557388,-89.68454577319133,48.82486071333406,37.09963300553937
-836.8203887802008,434.01261100266606,884.888451857672,-89.68454577319133,48.82486071333406,37.09963300553937
