x,y,z,roll,pitch,yaw
-671.1244900175237,562.3506717502745,897.894154112893,-90.27513223276942,45.430016682231766,-4.5454395124345055
-678.2160378554679,562.8859540904617,890.8836029305367,-90.27513223276942,45.430016682231766,-4.5454395124345055
-682.5950097087282,560.9465195160752,889.4717869442602,-90.27513223276942,45.430016682231766,-4.5454395124345055
