x,y,z,roll,pitch,yaw
604.6372367446826,-503.3561386217888,353.0335045509852,-2.1429151007735,-1.837609410973349,50.19653488773539
601.0388498021977,-499.8542321941376,352.44480745321675,-2.1429151007735,-1.837609410973349,50.19653488773539
600.1871419431577,-498.3653776098482,351.8138107150951,-2.1429151007735,-1.837609410973349,50.19653488773539
598.9064352940999,-497.05706205327635,352.0156993986868,-2.1429151007735,-1.837609410973349,50.19653488773539
597.648824223552,-495.9202296868009,352.9641265872742,-2.1429151007735,-1.837609410973349,50.19653488773539
596.2209300033977,-494.9083957014019,352.41041342844846,-2.1429151007735,-1.837609410973349,50.19653488773539
594.8156062343463,-493.77344958825665,352.5926815585549,-2.1429151007735,-1.837609410973349,50.19653488773539
593.407805436503,-492.75623926483695,352.7638004596614,-2.1429151007735,-1.837609410973349,50.19653488773539
592.0035711341736,-491.95757203989933,353.68691093471944,-2.1429151007735,-1.837609410973349,50.19653488773539
