x,y,z,roll,pitch,yaw
746.7840544546584,-501.6814657558011,337.5357167465504,35.21137067476738,30.0653250421352,54.79168859214349
739.945973515493,-496.5592071906866,342.73216902301135,35.21137067476738,30.0653250421352,54.79168859214349
736.5269330459103,-493.9980779081295,345.33039516124177,35.21137067476738,30.0653250421352,54.79168859214349
