x,y,z,roll,pitch,yaw
-197.24743188668248,969.3372958759876,739.6105885073312,-89.70072916133277,46.09126401564082,-45.23136292874541
-205.02486912577046,973.7599245456554,735.2243198976176,-89.70072916133277,46.09126401564082,-45.23136292874541
-208.91358774531452,975.9712388804893,733.031185592761,-89.70072916133277,46.09126401564082,-45.23136292874541
