x,y,z,roll,pitch,yaw
-239.4079833719063,984.9524219555781,726.4397361895343,-89.13379923802259,56.181855112576216,16.57992123356388
-247.5259662796397,982.0885904584422,720.9364119361969,-89.13379923802259,56.181855112576216,16.57992123356388
-248.3506314855766,982.1498396473614,719.3625601405071,-89.13379923802259,56.181855112576216,16.57992123356388
-249.50362784637397,981.2479953522418,717.7627021232395,-89.13379923802259,56.181855112576216,16.57992123356388
-250.80858322904177,980.3926500122571,716.3391925655243,-89.13379923802259,56.181855112576216,16.57992123356388
-252.11064596789876,980.539190576523,714.7766901008856,-89.13379923802259,56.181855112576216,16.57992123356388
-253.56217842712292,979.7341799479575,713.6140555794934,-89.13379923802259,56.181855112576216,16.57992123356388
-255.16369185922957,978.9596667515104,712.6235799659249,-89.13379923802259,56.181855112576216,16.57992123356388
-256.9328565977315,979.2209271380109,711.9779330015058,-89.13379923802259,56.181855112576216,16.57992123356388
-258.9677749319627,977.5963566463868,711.9762966238941,-89.13379923802259,56.181855112576216,16.57992123356388
-260.75863576246843,978.849405123665,711.6711027430192,-89.13379923802259,56.181855112576216,16.57992123356388
