x,y,z,roll,pitch,yaw
224.41971472780432,-486.32439918491593,357.9552042499125,-0.00021895261766035061,5.0535703948809376e-05,15.254268809983705
216.4371420747254,-480.7494676133814,355.67514464301087,-0.00021895261766035061,5.0535703948809376e-05,15.254268809983705
212.44585574818592,-477.96200182761424,354.5351148395599,-0.00021895261766035061,5.0535703948809376e-05,15.254268809983705
