x,y,z,roll,pitch,yaw
-239.40798337178833,984.9524219779818,726.4397361897838,-89.4049109736881,15.67518966403559,0.07882977703980933
-248.33471930822927,981.6668290600186,726.4098818636337,-89.40905307071174,15.719955974916491,0.6126107084919052
-251.88935599097562,981.0005783012988,716.1909566152635,-86.96896782581548,37.67656280247409,-1.187582046437112
-255.87371888717146,982.1286108003667,712.1088604375553,-92.36043082658784,72.73325086048929,0.04395904270472201
