x,y,z,roll,pitch,yaw
927.456634332487,-509.4366055524887,361.56114041648357,0.02066520295651213,-0.005526850607842395,14.939318058306746
926.1625391069745,-504.60697642104344,361.56114041648357,0.02066520295651213,-0.005526850607842395,14.939318058306746
923.6437915388497,-500.2970712758836,361.8450916936249,0.02066520295651213,-0.005526850607842395,14.939318058306746
