x,y,z,roll,pitch,yaw
-171.01575234305517,1006.6175863654088,901.6007762321939,-89.74273051011005,15.374138193942924,40.58569262585071
-173.71722154294895,1003.9510489439656,898.1465796379628,-89.90710892982833,15.534120755956415,40.99633700231687
-178.49645341666354,999.594629400781,890.0403734086772,-90.4963751065914,15.609523990511857,41.64478802661106
