x,y,z,roll,pitch,yaw
-506.85904784594385,933.877366209289,729.9026570813455,-89.22511207976459,15.61773855271175,-0.010711183938875008
-515.3111312898142,934.1065502724462,724.5637443928488,-89.22511207976459,15.61773855271175,-0.010711183938875008
-519.5371730117494,934.2211423040247,721.8942880486004,-89.22511207976459,15.61773855271175,-0.010711183938875008
