x,y,z,roll,pitch,yaw
-516.1682295487665,932.7033359991688,725.937287003062,-89.00920667466119,15.767242934006227,0.1707516674983811
-515.7777552185196,934.870566572903,722.1251176433537,-81.21681869148372,37.00058292313761,-5.189640155822438
-519.4599905736422,935.7584844262632,717.3881901714677,-80.46752764962687,43.7808402817722,-3.7254238712486965
-522.592085530152,936.9437188164542,713.8273643166209,-79.74389445883622,48.75604117235956,-2.4141188452960187
-524.1415037594353,937.522959508892,712.678947136384,-76.93070717399125,58.14852210113974,0.9849015833062262
-528.597463772415,938.2331345222183,712.2863493209745,-62.77067464641957,75.33044354199824,16.34994482163762
-529.0004419177408,938.2861814289053,712.714089785765,-12.97046797423397,83.17214265133005,66.80757192699235
