x,y,z,roll,pitch,yaw
242.35934063348242,915.9988227381918,745.0078812143241,-90.06901704215437,45.95286034454772,-45.26237887723775
235.91362908292874,922.9398769802453,739.2168104445931,-91.01128486473151,46.50796567865701,-45.85216806242616
232.66624675562366,925.2623471640755,735.2655938827153,-91.4824061169778,46.526370081144066,-45.9027252669901
229.25172187137105,928.1262150628309,731.298372985718,-92.22518478278062,46.85171340441544,-46.31298672489031
228.6213046042761,928.777714859293,730.7828980740755,-94.53716202205678,68.77514740243028,-48.97202291807395
228.0562429793122,929.0885126879673,730.4192319700044,-111.20105682451815,84.94359690421177,-65.92963206474363
