x,y,z,roll,pitch,yaw
-731.0704437734663,501.4383734737143,903.5235734386813,-90.13369678911926,51.64938617579723,4.281780800137355
-738.3664192552185,502.1391403493442,896.4676697215311,-90.13369678911926,51.64938617579723,4.281780800137355
-739.8703858290048,503.48859102178193,895.2217948624254,-90.13369678911926,51.64938617579723,4.281780800137355
-740.2124795704026,502.330349901405,894.2311910366785,-90.13369678911926,51.64938617579723,4.281780800137355
-741.8982710366959,502.69055976782334,893.31224777979,-90.13369678911926,51.64938617579723,4.281780800137355
-742.7131372660789,502.0075838451023,892.6174132776655,-90.13369678911926,51.64938617579723,4.281780800137355
-744.0134446057768,501.7990106044226,891.8624988512481,-90.13369678911926,51.64938617579723,4.281780800137355
-745.316723296285,501.5820245421562,891.0439253128777,-90.13369678911926,51.64938617579723,4.281780800137355
-746.1204710333147,500.8749014173923,890.3456874220562,-90.13369678911926,51.64938617579723,4.281780800137355
