x,y,z,roll,pitch,yaw
-604.091503990136,630.8316378739427,896.8956053548012,-89.60590494132354,45.30932344196076,40.77951123086944
-606.5555361479998,627.6880909642042,895.486416919401,-89.73826865773842,45.31128586268174,40.91507299275144
-613.2077305321644,620.2426221799974,889.4859596809121,-90.37342366127746,45.543122595947416,41.043270685946915
