x,y,z,roll,pitch,yaw
354.02081182155075,-500.0317413959228,357.5777953317913,-0.00021822834894945462,0.00018934825282143202,45.09410513077663
350.7068522517576,-498.3155904335553,358.7234217388582,-0.0696859327726771,-0.11108725228842022,45.042607887684355
341.3179132975978,-491.67268255667096,358.0562940521693,-0.8107026707240946,-0.15679045193989416,44.954125517243
