x,y,z,roll,pitch,yaw
619.2355885942391,-498.2497656680795,344.4100862789213,35.242236305602226,30.027302346125296,54.82363097628492
611.7721847214798,-495.0712151929538,350.25768574444226,35.242236305602226,30.027302346125296,54.82363097628492
608.0404827851,-493.4819399553909,353.1814854772027,35.242236305602226,30.027302346125296,54.82363097628492
