x,y,z,roll,pitch,yaw
-456.3007192201036,760.8451860983515,901.067255700113,-89.66153828221715,39.99316433179051,45.985143631777206
-459.6080797176467,758.0517524494012,892.0501103474227,-89.66153828221715,39.99316433179051,45.985143631777206
-460.0881633540532,756.9575167117051,891.0956090284487,-89.66153828221715,39.99316433179051,45.985143631777206
-461.3309751592782,756.9931346205851,890.0502543253317,-89.66153828221715,39.99316433179051,45.985143631777206
-461.7977785592203,755.8882200594127,889.1003890595964,-89.66153828221715,39.99316433179051,45.985143631777206
-462.69620021091384,755.3105990284123,888.0428812856335,-89.66153828221715,39.99316433179051,45.985143631777206
-463.490807825592,754.7904325195401,887.1022425072285,-89.66153828221715,39.99316433179051,45.985143631777206
-464.03678995610016,753.6134233826122,886.2209700418384,-89.66153828221715,39.99316433179051,45.985143631777206
-464.47702338644604,752.502226105301,885.4617215194985,-89.66153828221715,39.99316433179051,45.985143631777206
