x,y,z,roll,pitch,yaw
-456.3007192201036,760.8451860983515,901.067255700113,-89.71755384230332,25.243199158056377,41.648775524094575
-459.5302409342089,758.0149309373663,892.036204696363,-89.71755384230332,25.243199158056377,41.648775524094575
-462.1643414623741,754.8787346034517,889.1626629826106,-89.71755384230332,25.243199158056377,41.648775524094575
