x,y,z,roll,pitch,yaw
310.5040036469514,-495.69008201442034,360.1496033837402,-1.7959026369418765,-3.962434736708829,24.679695599064587
309.1539299364888,-490.8337420025633,359.9909790400807,-1.7959026369418765,-3.962434736708829,24.679695599064587
309.0262406796212,-489.1732011274021,360.0163257555181,-1.7959026369418765,-3.962434736708829,24.679695599064587
308.2680124325607,-487.70233344578594,360.1430183359878,-1.7959026369418765,-3.962434736708829,24.679695599064587
307.38271757018015,-486.23008036281783,360.2831712851838,-1.7959026369418765,-3.962434736708829,24.679695599064587
306.3405809124164,-484.8561321586142,359.5322388381976,-1.7959026369418765,-3.962434736708829,24.679695599064587
305.48267313520284,-483.4094832114033,360.55842112196694,-1.7959026369418765,-3.962434736708829,24.679695599064587
304.2977057618289,-482.09093262840827,358.9102277177951,-1.7959026369418765,-3.962434736708829,24.679695599064587
303.4150724972359,-480.6895550183315,359.01497465381976,-1.7959026369418765,-3.962434736708829,24.679695599064587
