x,y,z,roll,pitch,yaw
310.5040036469514,-495.69008201442034,360.1496033837402,0.02066520295651213,-0.005526850607842395,14.939318058306746
309.2099084214388,-490.86045288297487,360.1496033837403,0.02066520295651213,-0.005526850607842395,14.939318058306746
306.4203484489446,-486.732910662168,359.7232814686172,0.02066520295651213,-0.005526850607842395,14.939318058306746
