x,y,z,roll,pitch,yaw
-74.1019178412248,914.8751184800872,743.5177518028679,-90.06901746942987,45.95286101531392,-45.262379859521126
-80.52912174601335,920.8487425955236,738.8301522572517,-90.06901746942987,45.95286101531392,-45.262379859521126
-83.74272369840762,923.8355546532418,736.4863524844436,-90.06901746942987,45.95286101531392,-45.262379859521126
