x,y,z,roll,pitch,yaw
-74.94527641619625,915.9425127440509,744.6564777175377,-90.053855697437,45.99139687288896,-44.97456688194766
-78.7568209961921,920.0961826565526,739.615990297639,-86.55041718015518,43.978289761242166,-43.690996544958644
-82.46195888564884,923.422739602721,735.47051459776,-86.47672282446987,43.619520431616294,-43.352459293468485
-84.23263811570858,925.9841978705579,732.5317812178515,-86.35131731230454,54.73244098876872,-42.40898502553289
-85.68175511282381,926.0695193317944,731.9387227182117,-76.86868194234432,81.25154921617558,-32.45380534369183
