x,y,z,roll,pitch,yaw
569.921603283251,-491.2434966089835,356.0032254615679,0.015354535246052809,-0.004113687042319949,14.954952877233774
565.5390195955748,-480.4721001428761,356.79870197451487,-0.08958276630135642,-0.0829905365126156,14.965236330473374
558.772630913687,-468.2860723891466,358.81993526987526,-8.731032733042502,2.18538984108793,60.73416474223326
553.9813795654524,-466.59052963822694,359.59482099356956,-11.277067820887702,5.243016700409878,79.18142249743636
