x,y,z,roll,pitch,yaw
569.7818100927202,-487.2499283281952,353.6730139427592,-0.00021895261766035061,5.0535703948809376e-05,15.254268809983705
561.9481789054461,-481.1885148976761,355.04905523795696,-0.00021895261766035061,5.0535703948809376e-05,15.254268809983705
558.0313633118091,-478.1578081824165,355.7370758855558,-0.00021895261766035061,5.0535703948809376e-05,15.254268809983705
