x,y,z,roll,pitch,yaw
569.7818100932448,-487.24992832792043,353.6730157705359,-0.00021899197396958378,5.051421769893653e-05,15.254269404104415
564.0907849881802,-486.9171021659113,353.93108222298395,-0.12167843868261642,-0.33547609080567964,15.189074860533013
559.6042488964814,-479.56101287854597,356.4665122557237,-1.9710831759547283,-0.5962025258212673,30.736424358645024
556.3144883326313,-470.7318674095188,357.1653759942077,-8.313403671087947,1.629495668459939,69.92918429754864
