x,y,z,roll,pitch,yaw
569.921603286517,-491.2434966119937,356.0032244140325,8.346740717786982,5.782921142360274,55.35614767078587
567.2999110581458,-481.59344722989624,356.03727292322014,8.346740717786982,5.782921142360274,55.35614767078587
566.1647530436596,-479.27138539219106,355.2295710572181,8.346740717786982,5.782921142360274,55.35614767078587
564.7585572352071,-477.0443528270157,355.4308110745078,8.346740717786982,5.782921142360274,55.35614767078587
563.3795531916317,-474.6548525096081,356.5759982089912,8.346740717786982,5.782921142360274,55.35614767078587
561.4922496066381,-472.5711233812243,356.82245394090523,8.346740717786982,5.782921142360274,55.35614767078587
559.2859962343973,-470.7212406181451,357.1030158551114,8.346740717786982,5.782921142360274,55.35614767078587
556.7592329292511,-469.901601896481,357.43299283908266,8.346740717786982,5.782921142360274,55.35614767078587
554.0671853423717,-469.6205093427785,358.7474828247399,8.346740717786982,5.782921142360274,55.35614767078587
