hook_num,trajectory_process,x_max_work,x_max_local,x_min_work,x_min_local,y_max_work,y_max_local,y_min_work,y_min_local,z_max_work,z_max_local,z_min_work,z_min_local,x_mean_work,x_mean_local,y_mean_work,y_mean_local,z_mean_work,z_mean_local,euclidean_max_work,roll_max,pitch_max,yaw_max
1,4,1.43035094879451e-09,2.27002177146877e-09,-3.04590748514551,-0.271507574989959,4.15542956259912,4.89463504498958,-9.29465045373945e-07,3.78370891809356e-10,-1.64366156241158e-08,4.39447434695165,-4.1409610926404,-9.29608617992339e-07,-2.92722410688078,-0.166982303989671,3.8967199679373,4.74133887471314,-3.96885463212832,4.12252012804982,6.4931326381425,4.14962790900215,-7.33327073731971e-07,0.810823209372128
