hook_num,trajectory_process,x_max_work,x_max_local,x_min_work,x_min_local,y_max_work,y_max_local,y_min_work,y_min_local,z_max_work,z_max_local,z_min_work,z_min_local,x_mean_work,x_mean_local,y_mean_work,y_mean_local,z_mean_work,z_mean_local,euclidean_max_work,roll_max,pitch_max,yaw_max
11,4,-6.62524541894527e-08,-1.00553310240425e-07,-4.94022994479718,-1.46411770093419,2.35822389979364,5.49154833863711,-1.72156205735519e-07,-6.0425188899952e-09,7.32135276848567e-08,2.36269711659588,-2.95052770203176,-1.70996746345052e-07,-4.76414990971016,-1.30831348984361,2.18338996414416,5.36897987018117,-2.79077129638958,2.17105771682893,6.11816660336714,0.311171412599847,2.54156883272572e-06,9.97194178342653e-08
