x,y,z,roll,pitch,yaw
-447.0597987046457,731.1219065725511,907.600374590763,-90.27513223276942,45.430016682231766,-4.5454395124345055
-454.15134654259,731.6571889127382,900.5898234084066,-90.27513223276942,45.430016682231766,-4.5454395124345055
-457.80420151573435,732.369765879672,897.2618568333372,-90.27513223276942,45.430016682231766,-4.5454395124345055
