x,y,z,roll,pitch,yaw
543.362240584958,-511.6726931199871,332.1296711175455,43.1483289030528,31.911903353633832,60.73904407678849
538.402250640625,-504.595747075836,337.0888998070485,43.1483289030528,31.911903353633832,60.73904407678849
538.399892032438,-503.6682151692137,337.07834996568863,43.1483289030528,31.911903353633832,60.73904407678849
537.9206030137274,-502.76107514729347,338.675493231377,43.1483289030528,31.911903353633832,60.73904407678849
537.315398721213,-501.8497433543979,339.2147228848238,43.1483289030528,31.911903353633832,60.73904407678849
536.7069534328505,-500.93363440766575,339.752487855353,43.1483289030528,31.911903353633832,60.73904407678849
536.09525625019,-500.0127324788257,340.2887765438975,43.1483289030528,31.911903353633832,60.73904407678849
535.4777753276771,-499.0619630163362,341.92462872333044,43.1483289030528,31.911903353633832,60.73904407678849
534.6394058689044,-498.32371023388225,341.3684324837027,43.1483289030528,31.911903353633832,60.73904407678849
