x,y,z,roll,pitch,yaw
80.23553542033449,966.2780462023525,745.3517570170786,-89.91443513462288,45.81140924184189,-45.18274552254724
72.94067255393384,969.8787066117412,739.553681180927,-89.91443513462288,45.81140924184189,-45.18274552254724
69.29324112073354,971.6790368164357,736.6546432628511,-89.91443513462288,45.81140924184189,-45.18274552254724
