x,y,z,roll,pitch,yaw
-358.7248161188791,839.6964572755758,897.4489564899759,-89.60590496311183,45.30932449073364,40.7795102233899
-359.317959350292,835.9271729785494,895.1583040228512,-89.76778847790739,45.51143179032024,40.939458051075086
-367.30720128301994,829.2765357725151,887.2739329118007,-90.67760638684773,45.28387803234843,40.88436424305721
