x,y,z,roll,pitch,yaw
673.7642974414961,-504.40390317679027,361.09351396436875,-0.00022848372660297394,0.00042661715558607463,45.094198057649486
671.3954916582811,-501.1251912651957,358.79877239427276,-0.2341704485720762,0.020383027907801693,45.20826207834964
661.9508227224595,-493.9742267356651,357.299456724951,-0.9446458510033267,-0.08129083175319722,45.102903782003345
