x,y,z,roll,pitch,yaw
-383.38632484775513,834.6499510227444,897.553799293107,-89.68577577748341,18.86745910064125,61.00294075983612
-386.0337231482039,832.1932426049278,894.0393939530647,-89.68577577748341,18.86745910064125,61.00294075983612
-385.5544986538175,831.5455757601939,892.4315195935819,-89.68577577748341,18.86745910064125,61.00294075983612
-384.3567673622747,829.3959648334883,890.6714959230806,-89.68577577748341,18.86745910064125,61.00294075983612
-384.8065286532454,829.1689520677279,889.0651554971249,-89.68577577748341,18.86745910064125,61.00294075983612
-385.7757062706381,829.600853233469,887.4697320586247,-89.68577577748341,18.86745910064125,61.00294075983612
-386.1158112908241,829.4242157095432,885.8544107868591,-89.68577577748341,18.86745910064125,61.00294075983612
-386.1369227316556,828.4650692065071,884.2409245184438,-89.68577577748341,18.86745910064125,61.00294075983612
-387.520181427712,829.5951159993767,882.5574009570898,-89.68577577748341,18.86745910064125,61.00294075983612
