x,y,z,roll,pitch,yaw
676.4512849390784,-502.97715816337416,356.9284793451534,-9.104951705808983,-6.960206790946903,53.019948192945066
672.9751683098747,-499.44122977025427,356.91697581163294,-9.104951705808983,-6.960206790946903,53.019948192945066
671.8462517239673,-498.27695460183395,353.0823503438553,-9.104951705808983,-6.960206790946903,53.019948192945066
670.5575200218055,-496.9619009464003,353.27810311873077,-9.104951705808983,-6.960206790946903,53.019948192945066
668.9835427177482,-496.0115338359293,351.9513278624347,-9.104951705808983,-6.960206790946903,53.019948192945066
667.582251403289,-494.99749996558046,352.14264399632407,-9.104951705808983,-6.960206790946903,53.019948192945066
666.1783612740169,-494.04211803662315,352.322531567546,-9.104951705808983,-6.960206790946903,53.019948192945066
664.7631430537801,-493.1024835652273,351.71603203989605,-9.104951705808983,-6.960206790946903,53.019948192945066
663.122670599361,-492.40196552823795,351.1404794973698,-9.104951705808983,-6.960206790946903,53.019948192945066
