x,y,z,roll,pitch,yaw
210.46075743885984,985.0868714543633,743.8033608887537,-88.67808726160978,45.52050403280165,0.903060253969482
201.89548579206047,984.2004526370226,738.7136451296301,-88.67808726160978,45.52050403280165,0.903060253969482
197.6128499686608,983.7572432283523,736.1687872500684,-88.67808726160978,45.52050403280165,0.903060253969482
