x,y,z,roll,pitch,yaw
-262.41639425311234,934.1065112635396,893.0278156642776,-90.44141093312928,45.41060956522565,-2.282678698975883
-271.04262003602514,935.3864647415201,888.1703319081557,-90.44141093312928,45.41060956522565,-2.282678698975883
-275.3557329274815,936.0264414805102,885.7415900300948,-90.44141093312928,45.41060956522565,-2.282678698975883
