x,y,z,roll,pitch,yaw
-262.41637325110355,934.1065396357633,893.0276475582361,-90.44164442673488,45.410605035283076,-2.282757850621497
-270.70668922131017,937.1751003302237,888.7977964637544,-90.49113933910813,44.38569251713467,-1.6846451335406825
-279.13689898731957,937.6542256820551,881.3011233515098,-91.24693008344028,44.40745151146632,-1.666799994924497
