hook_num,trajectory_process,x_max_local,y_max_local,z_max_local,roll_max,pitch_max,yaw_max,x_mean_local,y_mean_local,z_mean_local
1,1,0.0,2.4143176681051384,0.0,49.04,15.84924513933191,33.56,-2.370026179890017,-3.442239532456326,-1.8154053405676107
1,2,0.0,2.4143176681051384,0.0,8.1666153666053,24.8398884818443,10.343326585449944,-2.370026179890017,-3.442239532456326,-1.8154053405676107
1,3,0.0,2.4143176681051384,0.0,8.1666153666053,24.8398884818443,10.343326585449944,-2.370026179890017,-3.442239532456326,-1.8154053405676107
1,4,0.0,0.6,0.04,0.95,27.19339115587257,2.22,-1.744094597212971,-3.062938792168742,-2.245263897752853
