hook_num,trajectory_process,x_max_work,x_max_local,x_min_work,x_min_local,y_max_work,y_max_local,y_min_work,y_min_local,z_max_work,z_max_local,z_min_work,z_min_local,x_mean_work,x_mean_local,y_mean_work,y_mean_local,z_mean_work,z_mean_local,euclidean_max_work,roll_max,pitch_max,yaw_max
20,2,0.787319194914744,-6.02857039977754e-07,-1.80917431988598,-0.258848058997805,2.09921283452525,2.31260099128395,-1.75009079069378,-1.94555507519203,7.60515742667553,7.75504007124664,-1.79186099558137e-06,-1.61955604706837e-06,0.0189909610621033,-0.179242823181998,-0.534296634556725,-0.601435257045337,2.30970486438771,2.28152392373081,8.09433293909315,-12.7624019598609,-15.1611251079952,12.7907051007629
