hook_num,trajectory_process,x_max_work,x_max_local,x_min_work,x_min_local,y_max_work,y_max_local,y_min_work,y_min_local,z_max_work,z_max_local,z_min_work,z_min_local,x_mean_work,x_mean_local,y_mean_work,y_mean_local,z_mean_work,z_mean_local,euclidean_max_work,roll_max,pitch_max,yaw_max
6,2,3.64865765050126e-05,1.73393818908643e-05,-3.15099093271743,-2.88186256312934,-1.55036456135349e-05,1.22122153493053,-2.10167060138099,-1.05294965455193,0.276055900217557,1.15167745296045e-05,-1.85823053723698,-2.53455415816403,-1.30296652962032,-1.68709882707676,-1.84615478269788,-0.638825786882209,-0.891193886586606,-1.62620294111994,3.54143787610024,-0.209740141011803,-9.94551415321144,6.03475304441501
