hook_num,trajectory_process,x_max_work,x_max_local,x_min_work,x_min_local,y_max_work,y_max_local,y_min_work,y_min_local,z_max_work,z_max_local,z_min_work,z_min_local,x_mean_work,x_mean_local,y_mean_work,y_mean_local,z_mean_work,z_mean_local,euclidean_max_work,roll_max,pitch_max,yaw_max
13,2,1.12238745491908,0.833475398908964,3.96878647279664e-07,-2.62072494462231e-05,0.663419056940597,0.29025540974662,-0.0272720341707213,-0.520347447975581,0.0632827869214339,0.00228883101173312,-1.50878103253058,-1.60840906144415,0.68258944332638,0.503436990047492,0.0662251280162381,-0.327180496062196,-0.804691210068383,-0.87001278174455,1.86039461311894,-4.97123221549498,-2.00807401358559,15.1195526648233
