hook_num,trajectory_process,x_max_work,x_max_local,x_min_work,x_min_local,y_max_work,y_max_local,y_min_work,y_min_local,z_max_work,z_max_local,z_min_work,z_min_local,x_mean_work,x_mean_local,y_mean_work,y_mean_local,z_mean_work,z_mean_local,euclidean_max_work,roll_max,pitch_max,yaw_max
14,4,2.88579826701607e-07,0.512404874901896,-1.09492073427077,-0.126297953353385,0.43016091283198,0.22226359143916,-0.248381394179376,-0.15386886792564,-2.17490287468536e-06,-1.33404290423167e-06,-2.44393956239821,-2.65419866438385,-0.892604300874275,0.183392070472818,0.116471409359162,0.0790413616380831,-1.79568500401811,-1.99884198013475,2.71232933286496,16.001302786135,8.45224101889266,6.58586008484117
