hook_num,trajectory_process,x_max_work,x_max_local,x_min_work,x_min_local,y_max_work,y_max_local,y_min_work,y_min_local,z_max_work,z_max_local,z_min_work,z_min_local,x_mean_work,x_mean_local,y_mean_work,y_mean_local,z_mean_work,z_mean_local,euclidean_max_work,roll_max,pitch_max,yaw_max
4,4,0.0883004127135507,1.43762667983821,-5.05997377331369e-09,9.01648479460611e-07,1.38255067518855,0.636781708786286,-6.11760242463788e-09,-9.06322459396106e-07,-1.81302402779693e-06,-1.28558499246202e-06,-2.98427263348071,-2.88902102163684,0.061480868278958,1.20996112933086,1.15244311254281,0.516946179314515,-2.42749728991843,-2.34380951982253,3.28917981853942,31.6782380855554,23.6206077353584,3.16389284890446
