hook_num,trajectory_process,x_max_work,x_max_local,x_min_work,x_min_local,y_max_work,y_max_local,y_min_work,y_min_local,z_max_work,z_max_local,z_min_work,z_min_local,x_mean_work,x_mean_local,y_mean_work,y_mean_local,z_mean_work,z_mean_local,euclidean_max_work,roll_max,pitch_max,yaw_max
16,4,-5.46037881576922e-09,0.622264813175701,-0.404202105817717,-2.14696888929359e-07,1.13036259145633,0.977637351177849,2.88196133624297e-09,1.73437553667057e-07,1.18656623876313,1.21554233681727,-1.94879930859315e-06,-1.92916601863944e-06,-0.333665494356135,0.479415307055429,1.03795613302862,0.941986167647573,0.81301122887455,0.856241935863835,1.6617723619128,5.51517646919121,6.25156189828758,6.01677459138516
