hook_num,trajectory_process,x_max_work,x_max_local,x_min_work,x_min_local,y_max_work,y_max_local,y_min_work,y_min_local,z_max_work,z_max_local,z_min_work,z_min_local,x_mean_work,x_mean_local,y_mean_work,y_mean_local,z_mean_work,z_mean_local,euclidean_max_work,roll_max,pitch_max,yaw_max
5,2,1.31282842298177,0.322869767099774,-0.22110080611003,-2.29948354388392,2.36291241708852,5.59254181224058,1.53974042405025e-08,-3.62119604092118e-07,6.20800252358424,2.94368205950193,-7.28568124941376e-07,-5.019820320194e-07,0.73013642831909,-0.663668553129389,1.63280523885142,3.03190213464749,3.3835126901299,2.23406381986675,6.64616701491333,27.8880120436833,4.44097995566354,19.2719558297585
