hook_num,trajectory_process,x_max_work,x_max_local,x_min_work,x_min_local,y_max_work,y_max_local,y_min_work,y_min_local,z_max_work,z_max_local,z_min_work,z_min_local,x_mean_work,x_mean_local,y_mean_work,y_mean_local,z_mean_work,z_mean_local,euclidean_max_work,roll_max,pitch_max,yaw_max
23,3,0.193048555592213,0.0469956508345857,-0.419598628673498,-0.26974827148389,0.390862816117192,0.745055416333339,-0.135556643515429,-0.0675981588212781,2.3927437950988e-06,3.16284444653435e-06,-2.86482654520091,-2.81215152168573,0.0791606716344236,-0.0398148269847953,-0.0228826877505131,0.00800199128299199,-1.26924022553498,-1.27116761992687,2.92165499063383,0.526879539486887,0.100652649267761,0.000127081493189962
