hook_num,trajectory_process,x_max_work,x_max_local,x_min_work,x_min_local,y_max_work,y_max_local,y_min_work,y_min_local,z_max_work,z_max_local,z_min_work,z_min_local,x_mean_work,x_mean_local,y_mean_work,y_mean_local,z_mean_work,z_mean_local,euclidean_max_work,roll_max,pitch_max,yaw_max
19,1,0.812042852206559,1.67531194519943,-1.65364699407974,-1.00482452437397,1.99201005870475,1.55341002053083,6.24098584012245e-06,-0.326808851562861,0.0378266041303732,0.0248102870834823,-5.00000143486864,-5.04163586688145,0.324898066743657,0.379026662553945,0.286882237077705,0.0473371218684672,-1.10521727370848,-1.12373459467473,5.43754648383083,37.5744955566018,44.340806770938,41.8379243761637
