hook_num,trajectory_process,x_max_work,x_max_local,x_min_work,x_min_local,y_max_work,y_max_local,y_min_work,y_min_local,z_max_work,z_max_local,z_min_work,z_min_local,x_mean_work,x_mean_local,y_mean_work,y_mean_local,z_mean_work,z_mean_local,euclidean_max_work,roll_max,pitch_max,yaw_max
4,1,2.41556274084257,2.16140584531163,-0.61096867028985,-2.92651732960542,-9.95056552710594e-08,0.458100235014241,-3.58236994181124,-1.67609729596085,-1.8847725868909e-06,-1.88485481270398e-06,-4.06945169227936,-4.31825591503785,1.24127084200935,-0.336893420436255,-1.73048458368207,-1.22147301765251,-3.39038256945307,-3.59328224762254,5.25652655050554,46.8734554712185,34.4582576164689,51.5371197079916
