hook_num,trajectory_process,x_max_work,x_max_local,x_min_work,x_min_local,y_max_work,y_max_local,y_min_work,y_min_local,z_max_work,z_max_local,z_min_work,z_min_local,x_mean_work,x_mean_local,y_mean_work,y_mean_local,z_mean_work,z_mean_local,euclidean_max_work,roll_max,pitch_max,yaw_max
9,1,2.47240285597911,3.5795782038899,-4.71205007684381,0.00301584401794508,2.58819044188976,4.89810448061125,-0.663801525395968,-2.15358210261554,-0.236593908914188,0.454362404175095,-5.0000009429375,-4.91963492023252,1.1002613235685,1.02608100240059,0.233993395311506,-0.71997405676777,-1.15186665800339,-1.13334206155329,6.1249950681614,34.0310838809846,38.577392524819,24.4055840322659
