hook_num,trajectory_process,x_max_work,x_max_local,x_min_work,x_min_local,y_max_work,y_max_local,y_min_work,y_min_local,z_max_work,z_max_local,z_min_work,z_min_local,x_mean_work,x_mean_local,y_mean_work,y_mean_local,z_mean_work,z_mean_local,euclidean_max_work,roll_max,pitch_max,yaw_max
3,1,2.10800305371419,1.48285064812247,-1.03553390579606,-0.65305277676893,1.36946061539561,1.34712933153065,-0.821209138283564,-2.00671234272834,1.0894472253882,1.14369516770438,-2.50000138044322,-2.56653501634789,1.58690848571278,1.20401925958272,-0.110075213655299,-1.16188447514589,-1.42888817109664,-1.32985503675574,3.14827167683057,46.8170221998163,38.5535608412635,39.7404749266784
