hook_num,trajectory_process,x_max_work,x_max_local,x_min_work,x_min_local,y_max_work,y_max_local,y_min_work,y_min_local,z_max_work,z_max_local,z_min_work,z_min_local,x_mean_work,x_mean_local,y_mean_work,y_mean_local,z_mean_work,z_mean_local,euclidean_max_work,roll_max,pitch_max,yaw_max
14,4,-2.83421286439989e-10,4.67670742548435e-07,-2.68318032145294,-2.31532789014579,7.99445842858404e-10,1.07493707055493,-0.980315882043897,-4.64747481448252e-07,0.643670587758777,-6.59712421780679e-07,-9.3269818535191e-07,-1.41464968814796,-2.46650378791909,-2.02545999325379,-0.707640385127558,1.03552697473482,0.571713017171911,-1.31771567658662,2.9051950463364,1.6640286787458,-2.70741897772098e-05,0.485423110872908
