hook_num,trajectory_process,x_max_work,x_max_local,x_min_work,x_min_local,y_max_work,y_max_local,y_min_work,y_min_local,z_max_work,z_max_local,z_min_work,z_min_local,x_mean_work,x_mean_local,y_mean_work,y_mean_local,z_mean_work,z_mean_local,euclidean_max_work,roll_max,pitch_max,yaw_max
11,4,0.716400712135169,0.26656832348477,-0.651007192493353,-2.01904618344602,-5.04712716065114e-09,-6.2394316368733e-09,-2.73451942042573,-1.86506822757689,-9.38533844418998e-07,-9.38529189548035e-07,-3.70280079338329,-3.81839732946628,0.0320679760221087,-0.841553989564019,-2.1264931360042,-1.77570802371811,-3.43846845393857,-3.5070184480214,4.64888594620727,3.95328216733452,0.303676932353944,0.108104587356705
