hook_num,trajectory_process,x_max_work,x_max_local,x_min_work,x_min_local,y_max_work,y_max_local,y_min_work,y_min_local,z_max_work,z_max_local,z_min_work,z_min_local,x_mean_work,x_mean_local,y_mean_work,y_mean_local,z_mean_work,z_mean_local,euclidean_max_work,roll_max,pitch_max,yaw_max
4,2,2.15547686366335e-08,0.960675614787489,-2.7317553435395,-1.03593500845538,3.10131567785334,4.09138073203874,1.82226358447224e-08,-3.28613156717094e-07,3.5802653898981,2.39713462850349,-6.625009518757e-07,-0.644895348129642,-0.964498701815257,0.318044264552438,2.73539982824493,3.53100198936675,2.21537223862601,0.880108783630605,4.66495194068648,-0.4857453420192,-12.1830725782839,12.577323572605
