hook_num,trajectory_process,x_max_work,x_max_local,x_min_work,x_min_local,y_max_work,y_max_local,y_min_work,y_min_local,z_max_work,z_max_local,z_min_work,z_min_local,x_mean_work,x_mean_local,y_mean_work,y_mean_local,z_mean_work,z_mean_local,euclidean_max_work,roll_max,pitch_max,yaw_max
12,4,0.102959274775742,0.0700039107792771,-2.62139110418502e-09,-0.000105814058711641,0.0397978892178799,-1.05800784214662e-08,-0.0700226262347314,-0.120266068966954,0.548270358563968,0.54858865545768,-9.6629105428292e-07,-9.6627114619252e-07,0.03985542277609,0.0341683100591782,0.0091192196860604,-0.0182354047922464,0.426005466052586,0.426197255449215,0.553100192331066,-0.0474513697664478,-0.236950396517853,-17.0742252061086
