hook_num,trajectory_process,x_max_work,x_max_local,x_min_work,x_min_local,y_max_work,y_max_local,y_min_work,y_min_local,z_max_work,z_max_local,z_min_work,z_min_local,x_mean_work,x_mean_local,y_mean_work,y_mean_local,z_mean_work,z_mean_local,euclidean_max_work,roll_max,pitch_max,yaw_max
14,4,2.52001790386203e-05,3.01185480340733,-0.73478657648127,-2.58294876984297e-05,3.58398197092504,2.13357610314006,-8.7585273604418e-05,-9.79810045173782e-05,-4.69657950361579e-05,-1.56389065576808e-05,-1.67213164292411,-1.45195555625379,-0.507965313352547,2.52736495879515,3.20520077736082,2.08195596421612,-1.43353897262807,-1.36516674370533,3.9663070080409,13.2020635197062,6.96147695135691,4.69314094601262
