hook_num,trajectory_process,x_max_work,x_max_local,x_min_work,x_min_local,y_max_work,y_max_local,y_min_work,y_min_local,z_max_work,z_max_local,z_min_work,z_min_local,x_mean_work,x_mean_local,y_mean_work,y_mean_local,z_mean_work,z_mean_local,euclidean_max_work,roll_max,pitch_max,yaw_max
8,1,1.00546549753295,9.19906341468494e-05,-0.266825332808878,-2.05181262374041,5.2990383096585e-05,1.00552468227225,-1.62326468351171,-0.678417438770877,2.50752172032173,1.71286254098241,-6.50509625756968e-05,-1.49916688701768e-05,0.631963460092861,-1.12333032387137,-1.12744890603715,-0.376140855124873,0.985139614756131,1.11354542254548,2.85568083193831,24.6684847335464,27.4938320598274,20.0252190349656
