hook_num,trajectory_process,x_max_work,x_max_local,x_min_work,x_min_local,y_max_work,y_max_local,y_min_work,y_min_local,z_max_work,z_max_local,z_min_work,z_min_local,x_mean_work,x_mean_local,y_mean_work,y_mean_local,z_mean_work,z_mean_local,euclidean_max_work,roll_max,pitch_max,yaw_max
14,1,1.1468601355939,3.12344663829641,-1.179569528299,-2.58294876984297e-05,3.60605541983568,2.06714831126274,-8.7585273604418e-05,-0.285657437331195,-4.69657950361579e-05,0.364574800372846,-2.33703954465824,-1.96713596727473,0.551511035824271,2.2128594048817,1.99090206776526,0.649898403111462,-1.22826522864742,-0.679718550368919,4.12426834087204,64.5592365760344,17.7445909359348,38.6981678874803
