hook_num,trajectory_process,x_max_work,x_max_local,x_min_work,x_min_local,y_max_work,y_max_local,y_min_work,y_min_local,z_max_work,z_max_local,z_min_work,z_min_local,x_mean_work,x_mean_local,y_mean_work,y_mean_local,z_mean_work,z_mean_local,euclidean_max_work,roll_max,pitch_max,yaw_max
17,1,3.15572836189983,1.93938317234442,7.19940089766169e-07,-0.241958355872125,2.52237327913463e-07,-8.18509095785652e-07,-1.66866624325235,-3.48067218228297,-1.27467126276315e-06,0.816979615646307,-3.47853795563583,-1.98714266471427,2.53806502179031,1.3972209810096,-1.1917369123159,-3.10810466433693,-1.92917564815956,-0.0136443996785853,3.86086754375977,52.147413947679,10.9472470125877,29.4730760954993
