hook_num,trajectory_process,x_max_work,x_max_local,x_min_work,x_min_local,y_max_work,y_max_local,y_min_work,y_min_local,z_max_work,z_max_local,z_min_work,z_min_local,x_mean_work,x_mean_local,y_mean_work,y_mean_local,z_mean_work,z_mean_local,euclidean_max_work,roll_max,pitch_max,yaw_max
16,4,8.10713174814737e-06,-5.21466184740584e-05,-1.56188315746476,-2.5048226407651,-0.000101956605021769,0.49566973647965,-1.82111644417489,-9.1995380969482e-05,1.0248482694318,-1.69201737050571e-05,-3.17464537147316e-05,-0.473381703982429,-1.45907912623561,-2.15809447169398,-1.47780741844407,0.463235186568978,0.848501051434624,-0.401049766081857,2.56899610106479,0.000173922863801579,5.60137097021275,-2.55837401965664e-05
