hook_num,trajectory_process,x_max_work,x_max_local,x_min_work,x_min_local,y_max_work,y_max_local,y_min_work,y_min_local,z_max_work,z_max_local,z_min_work,z_min_local,x_mean_work,x_mean_local,y_mean_work,y_mean_local,z_mean_work,z_mean_local,euclidean_max_work,roll_max,pitch_max,yaw_max
16,4,1.65177683750551,1.95437322393717,1.1186784831807e-10,6.884867519219e-07,2.11583529820268,0.833555663040182,1.15824150270782e-09,-6.83845758546455e-07,1.25100398223299,2.10427132319344,-1.37221536533616e-06,-9.70215096691708e-07,1.58037533947353,1.80097788490364,1.98554242600347,0.804411215888193,1.07825888857442,1.92659316958315,2.8337796803854,2.28786863035126,4.59297748828014,-1.52863575380024e-05
