hook_num,trajectory_process,x_max_work,x_max_local,x_min_work,x_min_local,y_max_work,y_max_local,y_min_work,y_min_local,z_max_work,z_max_local,z_min_work,z_min_local,x_mean_work,x_mean_local,y_mean_work,y_mean_local,z_mean_work,z_mean_local,euclidean_max_work,roll_max,pitch_max,yaw_max
6,4,0.250540118158625,0.487990235479455,-0.0352201576840798,-0.0273419347454474,0.503901459922702,0.24003038337933,-1.98443331100862e-07,-1.40107534143684e-07,-8.21023036223778e-07,-8.21346836374131e-07,-0.75478998705421,-0.768534906043922,0.105589596652649,0.226171978652488,0.250794771713445,0.133984028284459,-0.44051671472293,-0.446128952647935,0.941485505292812,2.39692333438259,2.56639698777961,-17.0028048670657
