hook_num,trajectory_process,x_max_work,x_max_local,x_min_work,x_min_local,y_max_work,y_max_local,y_min_work,y_min_local,z_max_work,z_max_local,z_min_work,z_min_local,x_mean_work,x_mean_local,y_mean_work,y_mean_local,z_mean_work,z_mean_local,euclidean_max_work,roll_max,pitch_max,yaw_max
7,3,4.21918553240079,2.46239388092017,-2.16145792819589e-07,-1.59731451786809e-08,2.39786460713299,5.12081202797803e-08,-1.31075294863763,-4.22556521983205,2.70452548317689,2.73391136696732,-0.0284046357760417,-1.06452028801636e-06,2.60135060502132,1.2568879125177,-0.0256994668386315,-2.68872500748567,1.13987588602787,0.960569590508843,4.87085930131806,13.4602792673044,7.51182363082993,0.595856226646404
