hook_num,trajectory_process,x_max_work,x_max_local,x_min_work,x_min_local,y_max_work,y_max_local,y_min_work,y_min_local,z_max_work,z_max_local,z_min_work,z_min_local,x_mean_work,x_mean_local,y_mean_work,y_mean_local,z_mean_work,z_mean_local,euclidean_max_work,roll_max,pitch_max,yaw_max
17,1,0.773817555479241,1.6158226678484,-2.22005937515667,-1.28541746072632,1.99200998957474,2.09912821750632,-8.14215183027045e-05,-0.122746155224505,0.283678225013148,0.246503367922612,-5.00000080869313,-5.05041345337801,0.136290852561557,0.359460755720805,0.437500024683452,0.265193896912711,-0.620049560431727,-0.628062710427739,5.43754590736165,38.4806642658822,45.2515873787249,47.992008244094
