hook_num,trajectory_process,x_max_work,x_max_local,x_min_work,x_min_local,y_max_work,y_max_local,y_min_work,y_min_local,z_max_work,z_max_local,z_min_work,z_min_local,x_mean_work,x_mean_local,y_mean_work,y_mean_local,z_mean_work,z_mean_local,euclidean_max_work,roll_max,pitch_max,yaw_max
9,4,0.00141919199995755,0.0112118940453882,-0.0622167854198779,-0.0832105147652962,0.0103586869525998,0.0322338617076009,-0.0338794655817196,-3.56565704553575e-08,0.157031994577096,0.156927533337619,-0.691344807559176,-0.689212142890003,-0.0298142044432607,-0.0351260848620042,-0.0115342292071126,0.0171371015576047,-0.262018797154068,-0.261065703119254,0.694965027548236,1.27511973091226,1.18264392536207,-18.1633329122831
