hook_num,trajectory_process,x_max_work,x_max_local,x_min_work,x_min_local,y_max_work,y_max_local,y_min_work,y_min_local,z_max_work,z_max_local,z_min_work,z_min_local,x_mean_work,x_mean_local,y_mean_work,y_mean_local,z_mean_work,z_mean_local,euclidean_max_work,roll_max,pitch_max,yaw_max
18,4,1.04708272313667,0.55322162504961,7.45077272767958e-07,1.20968522186613e-06,2.62758362623572e-07,-8.37186165722388e-07,-1.0025541275503,-1.61576509451152,-1.3017661331105e-06,-3.93138846667665e-07,-1.05016376699029,-0.0491865792884032,0.95537366980231,0.3726912273792,-0.841964838975817,-1.55233755700411,-0.96408303348729,-0.0477380147857871,1.64608160591485,1.82091767127563,7.2299651776575e-07,0.405359815921067
