hook_num,trajectory_process,x_max_work,x_max_local,x_min_work,x_min_local,y_max_work,y_max_local,y_min_work,y_min_local,z_max_work,z_max_local,z_min_work,z_min_local,x_mean_work,x_mean_local,y_mean_work,y_mean_local,z_mean_work,z_mean_local,euclidean_max_work,roll_max,pitch_max,yaw_max
16,2,0.440910263083765,9.84721861960889e-07,-1.60172804463673,-3.42142564968337,1.06285824585939e-09,1.19797890210343,-2.204018070323,-1.19620404126852,3.08430215061685,1.12123069987877,-1.95842164885107e-06,-0.437092288787429,-0.104513835093446,-1.69798173998734,-1.67685674347468,-0.702450838605616,0.934145454439981,0.568572714017594,3.78710940262516,9.0789616943572,-6.28828424745578,12.0120561344358
