hook_num,trajectory_process,x_max_work,x_max_local,x_min_work,x_min_local,y_max_work,y_max_local,y_min_work,y_min_local,z_max_work,z_max_local,z_min_work,z_min_local,x_mean_work,x_mean_local,y_mean_work,y_mean_local,z_mean_work,z_mean_local,euclidean_max_work,roll_max,pitch_max,yaw_max
1,4,1.42607156858185,0.983255788345047,1.35899732072176e-05,1.70893330562629e-05,1.05128503946617e-05,-2.73640083289828e-06,-0.573048946048061,-1.26078241804163,-2.19181822558312e-06,-6.91569592493733e-07,-1.37765086724858,-1.26333789601165,1.18819282554503,0.687370280095561,-0.308157758586953,-1.1608589109685,-1.26757339612416,-1.13727468219461,1.88182982423714,-4.03008555906791,-4.32577630742206,-1.67336887499532
