hook_num,trajectory_process,x_max_work,x_max_local,x_min_work,x_min_local,y_max_work,y_max_local,y_min_work,y_min_local,z_max_work,z_max_local,z_min_work,z_min_local,x_mean_work,x_mean_local,y_mean_work,y_mean_local,z_mean_work,z_mean_local,euclidean_max_work,roll_max,pitch_max,yaw_max
18,4,2.08740402740659e-09,-8.9286816680028e-08,-0.334263995034803,-0.650144746031612,2.97291080642026e-10,0.0662566048605211,-0.499939644002723,-0.0799944788039497,-1.44589193951106e-06,-1.44093792350709e-06,-1.03908304928211,-1.00612044104868,-0.204134260083188,-0.369277484822633,-0.255087577666703,-0.00728201624165199,-0.737649802588633,-0.71728637284048,1.20056888570694,3.5396946048853,3.65187286716335,-17.7746365756089
