hook_num,trajectory_process,x_max_work,x_max_local,x_min_work,x_min_local,y_max_work,y_max_local,y_min_work,y_min_local,z_max_work,z_max_local,z_min_work,z_min_local,x_mean_work,x_mean_local,y_mean_work,y_mean_local,z_mean_work,z_mean_local,euclidean_max_work,roll_max,pitch_max,yaw_max
15,2,3.21916005768026,3.15243387231615,-1.47021990727444,-3.91462646022443,0.726460484605639,1.04512361239302,-3.96626251071024,-1.71844389326348,1.09526254992272,0.980104833846882,-0.938851690054037,-1.20820118626099,1.72748070623417,0.127045418276378,-1.03131358289172,-1.26260393798764,-0.186369324824861,-0.430587712965568,4.05183188952025,7.96180359935891,-1.44969344472321,46.0016148617894
