hook_num,trajectory_process,x_max_work,x_max_local,x_min_work,x_min_local,y_max_work,y_max_local,y_min_work,y_min_local,z_max_work,z_max_local,z_min_work,z_min_local,x_mean_work,x_mean_local,y_mean_work,y_mean_local,z_mean_work,z_mean_local,euclidean_max_work,roll_max,pitch_max,yaw_max
11,3,0.868827694801325,0.497165973174827,-1.99304395209765e-09,-1.46660932537864e-07,0.163888834040335,0.00602219937191845,-0.0991740531310938,-0.258404440258769,-7.25020754543948e-07,-9.41412007309721e-07,-2.37876842872794,-2.47258765446949,0.702439784715484,0.36489411066824,0.0185482866964256,-0.161714317507108,-1.94085573979531,-2.0252424226447,2.50746651339063,15.4665641623101,22.4101750500252,10.0685699096044
