hook_num,trajectory_process,x_max_work,x_max_local,x_min_work,x_min_local,y_max_work,y_max_local,y_min_work,y_min_local,z_max_work,z_max_local,z_min_work,z_min_local,x_mean_work,x_mean_local,y_mean_work,y_mean_local,z_mean_work,z_mean_local,euclidean_max_work,roll_max,pitch_max,yaw_max
1,1,2.0894887022686,1.16597568003056,-2.00377440887456,-0.521145654879488,1.19427704872942,2.20359356298171,-0.755361184242815,-1.84091725078455,-0.021073678806772,0.19601923374367,-2.50000219181834,-2.59930256272373,1.28593537359704,0.797089217678151,-0.222647975844115,-1.14684655291286,-0.995901379396679,-0.859411700834576,2.7059773251031,55.8453062151584,37.1803918015273,38.8671113521232
