hook_num,trajectory_process,x_max_work,x_max_local,x_min_work,x_min_local,y_max_work,y_max_local,y_min_work,y_min_local,z_max_work,z_max_local,z_min_work,z_min_local,x_mean_work,x_mean_local,y_mean_work,y_mean_local,z_mean_work,z_mean_local,euclidean_max_work,roll_max,pitch_max,yaw_max
2,2,1.42249640982753,1.62079741420102,-1.15841203296441e-09,-1.16684310580615e-08,0.828294926239721,8.55503810755005e-09,-0.250955921727723,-0.742353514448012,0.166856238262199,0.148631352446993,-1.03191994657749,-1.04712948153952,1.15226479581654,1.11016790922459,0.360338626408126,-0.462843119587744,-0.335672434708809,-0.352124405429096,1.67490027094555,0.698512149581522,-0.344062043925073,-4.50619911721995
