hook_num,trajectory_process,x_max_work,x_max_local,x_min_work,x_min_local,y_max_work,y_max_local,y_min_work,y_min_local,z_max_work,z_max_local,z_min_work,z_min_local,x_mean_work,x_mean_local,y_mean_work,y_mean_local,z_mean_work,z_mean_local,euclidean_max_work,roll_max,pitch_max,yaw_max
1,4,1.45802536053452e-05,2.09211996883698e-05,-0.457890673796825,-0.572446209472061,0.0365863015036894,0.0964617810629152,-0.396827426203799,-2.92572306476751e-06,0.00344688461495934,-6.53488183952973e-07,-0.131460619066502,-0.217757277164806,-0.248310068002644,-0.280752370026923,-0.176656419216817,0.0769492400287201,-0.0627760343796743,-0.109839275374067,0.620014330240028,26.3631401729886,23.3255775752409,1.61773268233539
