hook_num,trajectory_process,x_max_work,x_max_local,x_min_work,x_min_local,y_max_work,y_max_local,y_min_work,y_min_local,z_max_work,z_max_local,z_min_work,z_min_local,x_mean_work,x_mean_local,y_mean_work,y_mean_local,z_mean_work,z_mean_local,euclidean_max_work,roll_max,pitch_max,yaw_max
7,2,2.90219288108398,4.82015307052325e-07,7.09331970938365e-09,-1.83886442431085,5.77097125642467e-09,-4.72152168259164e-07,-3.71260102485206,-4.47377831532544,1.31849907503761,1.79992434159257,-2.26640547834836,-0.92372718965859,2.30147993734677,-0.649330909430935,-3.24427370635128,-3.90787187108518,-0.85575365109902,0.938920012244729,4.76283043424064,18.5794646340608,-1.33652068264866,15.8880621273301
