hook_num,trajectory_process,x_max_work,x_max_local,x_min_work,x_min_local,y_max_work,y_max_local,y_min_work,y_min_local,z_max_work,z_max_local,z_min_work,z_min_local,x_mean_work,x_mean_local,y_mean_work,y_mean_local,z_mean_work,z_mean_local,euclidean_max_work,roll_max,pitch_max,yaw_max
9,2,0.637448692008718,1.06443327308811,5.53696224869782e-07,-2.91044233263179e-08,0.703900757454335,-8.27399199415254e-07,-1.10084853304215e-05,-0.3865979163853,-4.44160491497314e-07,0.330385048837923,-0.75823277922251,-0.14069541887336,0.430311904008561,0.740226663270825,0.500106183888373,-0.211426734929295,-0.417447199148623,0.130228924483787,1.13247264889262,1.24535630042409,-3.13408456662501e-05,0.342984485552151
