hook_num,trajectory_process,x_max_work,x_max_local,x_min_work,x_min_local,y_max_work,y_max_local,y_min_work,y_min_local,z_max_work,z_max_local,z_min_work,z_min_local,x_mean_work,x_mean_local,y_mean_work,y_mean_local,z_mean_work,z_mean_local,euclidean_max_work,roll_max,pitch_max,yaw_max
7,4,4.77463559905107,2.73039957813312,2.00138607144959,-4.90072814975304,-7.72721430715558,-7.4098660848632,-8.72184486845941,-8.58942629214402,-2.23765251124615,-2.32981935130139,-7.68486062029046,-7.76728671553215,2.31741399021807,-3.0468728768183,-8.25288301188427,-7.90931798034682,-2.75587459662447,-2.77392443498525,11.898069961373,1.21979681719608,0.660282587200336,0.734880424028335
