hook_num,trajectory_process,x_max_work,x_max_local,x_min_work,x_min_local,y_max_work,y_max_local,y_min_work,y_min_local,z_max_work,z_max_local,z_min_work,z_min_local,x_mean_work,x_mean_local,y_mean_work,y_mean_local,z_mean_work,z_mean_local,euclidean_max_work,roll_max,pitch_max,yaw_max
6,2,1.72931258638442,2.23175307132855,3.38377788011712e-08,-6.31159019337404e-07,1.50665607131543,0.29301164726286,-1.96027110632713e-06,-0.0842490422583135,-2.46241143031511e-08,-7.35772998265559e-08,-1.4836524310947,-1.56915032751522,0.892507167216221,1.21301025152984,0.871382069649607,0.0867215856618671,-0.692067515114508,-0.745847967405405,2.60827649714992,-2.96311172635363,-0.650085865052124,17.4067283348908
