hook_num,trajectory_process,x_max_work,x_max_local,x_min_work,x_min_local,y_max_work,y_max_local,y_min_work,y_min_local,z_max_work,z_max_local,z_min_work,z_min_local,x_mean_work,x_mean_local,y_mean_work,y_mean_local,z_mean_work,z_mean_local,euclidean_max_work,roll_max,pitch_max,yaw_max
9,4,-2.64066102317884e-09,-6.46897031258621e-09,-0.444623949116817,-0.235362079677875,0.279879468594686,0.441079054310029,-9.11234110390069e-09,-7.08564291373382e-09,-3.70215161638043e-07,-3.70212398286861e-07,-1.52413195338522,-1.52262712341673,-0.383582276265318,-0.153497008405892,0.217290061810701,0.415173260198767,-1.21403896766511,-1.21347281668778,1.57540106416004,0.351155765892844,-0.225679767166423,5.32209030314532
