hook_num,trajectory_process,x_max_work,x_max_local,x_min_work,x_min_local,y_max_work,y_max_local,y_min_work,y_min_local,z_max_work,z_max_local,z_min_work,z_min_local,x_mean_work,x_mean_local,y_mean_work,y_mean_local,z_mean_work,z_mean_local,euclidean_max_work,roll_max,pitch_max,yaw_max
2,1,1.42249640982753,1.62079741420102,-1.91714344667594,-0.808824969423622,1.91556163367125,2.70425469315605,-0.250955921727723,-0.742353514448012,0.166856238262199,0.148631352446993,-2.50000155262831,-2.49105431988587,0.753727257468213,0.921305245003736,0.540391779500863,-0.0657580857718183,-0.444034449304721,-0.451084628023596,2.71784020683484,36.2366652829882,41.9198472820284,32.4555116025614
