hook_num,trajectory_process,x_max_work,x_max_local,x_min_work,x_min_local,y_max_work,y_max_local,y_min_work,y_min_local,z_max_work,z_max_local,z_min_work,z_min_local,x_mean_work,x_mean_local,y_mean_work,y_mean_local,z_mean_work,z_mean_local,euclidean_max_work,roll_max,pitch_max,yaw_max
5,4,3.4966585968819,2.87805807186741,2.96616394734883e-06,-0.457742025861502,-1.26698807889625e-06,-1.99482927746133e-06,-2.74727206686669,-3.28170802094708,-3.20163132982998e-06,-3.20268688250267e-06,-2.59190753119196,-2.68387856021036,2.58352224907615,1.21098053129384,-1.82853944330944,-2.76761157366613,-2.04261728702126,-2.11526062220325,4.47379900344741,1.49252281878993,3.3324863912,-1.36214234558452e-07
