hook_num,trajectory_process,x_max_work,x_max_local,x_min_work,x_min_local,y_max_work,y_max_local,y_min_work,y_min_local,z_max_work,z_max_local,z_min_work,z_min_local,x_mean_work,x_mean_local,y_mean_work,y_mean_local,z_mean_work,z_mean_local,euclidean_max_work,roll_max,pitch_max,yaw_max
10,1,3.39928441067138,1.65529568454178,-1.06631839289776,-1.1082166305438,3.09149745376044,3.17197257425115,-2.0055269419525,-3.24248843431189,2.93441585502364,2.76513364857534,-2.50000134396953,-2.69205896536584,2.09052314393537,0.976839832597573,-0.616820158455571,-1.68557742467643,-0.996445554694235,-1.39035964922145,4.20736873094064,42.7667202943267,49.5331173281227,43.0809585965073
