hook_num,trajectory_process,x_max_work,x_max_local,x_min_work,x_min_local,y_max_work,y_max_local,y_min_work,y_min_local,z_max_work,z_max_local,z_min_work,z_min_local,x_mean_work,x_mean_local,y_mean_work,y_mean_local,z_mean_work,z_mean_local,euclidean_max_work,roll_max,pitch_max,yaw_max
2,4,6.45224372419761e-06,-1.85787346709245e-06,-2.27167901535188,-1.85142981077879,0.0551189554667531,1.6015762641096,-0.111956228355552,-1.01807993334692e-05,1.3004123950335,3.22301790903087e-06,-1.87154341801943e-06,-0.669253783749811,-2.04152408567527,-1.70537424190839,-0.0278722877843205,1.55404341645242,1.16701330536376,-0.455303437026949,2.51756229059689,0.387049685380973,6.08975143821159,5.80116230426069
