hook_num,trajectory_process,x_max_work,x_max_local,x_min_work,x_min_local,y_max_work,y_max_local,y_min_work,y_min_local,z_max_work,z_max_local,z_min_work,z_min_local,x_mean_work,x_mean_local,y_mean_work,y_mean_local,z_mean_work,z_mean_local,euclidean_max_work,roll_max,pitch_max,yaw_max
13,4,5.80826053919736e-10,4.67443877503782e-07,-1.2053529734834,-1.38351157416403,8.07858668849804e-10,-4.64512304480694e-07,-1.088869085319,-0.150389920607044,0.114254766549834,-6.58163646543845e-07,-0.0317785886551292,-0.773998596875514,-1.08347325979873,-1.17054459356993,-0.859763246548849,-0.0347858433667674,0.0408402142100874,-0.737134862092259,1.58685144383667,1.8692547143286,-4.91044775507987e-05,0.525688298615002
