hook_num,trajectory_process,x_max_work,x_max_local,x_min_work,x_min_local,y_max_work,y_max_local,y_min_work,y_min_local,z_max_work,z_max_local,z_min_work,z_min_local,x_mean_work,x_mean_local,y_mean_work,y_mean_local,z_mean_work,z_mean_local,euclidean_max_work,roll_max,pitch_max,yaw_max
11,3,0.984506047576929,1.23739768997201,-1.01624664239353e-09,-3.63118264738837e-07,1.02931590894627,0.283119623567208,-1.11577423922427e-06,-1.1731408316776e-06,7.80516984377755e-09,-2.03143170119139e-08,-2.63164001668395,-2.68761003594975,0.540380809698092,0.764474484146009,0.625469355973164,0.157844171050083,-1.19184877113373,-1.22242521531736,2.96368429452248,0.550511058892394,0.172626237247615,0.00509513703561026
