hook_num,trajectory_process,x_max_work,x_max_local,x_min_work,x_min_local,y_max_work,y_max_local,y_min_work,y_min_local,z_max_work,z_max_local,z_min_work,z_min_local,x_mean_work,x_mean_local,y_mean_work,y_mean_local,z_mean_work,z_mean_local,euclidean_max_work,roll_max,pitch_max,yaw_max
3,4,1.11649334760455,0.0902603589463034,2.97999861231801e-07,-0.258039530366737,1.59835508384276e-07,-7.83899207554073e-07,-0.961311235537323,-1.29074504422836,-1.49837342178216e-06,-8.48418610690412e-07,-1.69589052292486,-1.77989750440259,1.03054131324419,-0.0824094676251111,-0.748170972196288,-1.18381333409387,-1.35684661538239,-1.43374063036682,2.10739564584205,39.0592963939398,34.3526611534116,1.64973320225084
