hook_num,trajectory_process,x_max_work,x_max_local,x_min_work,x_min_local,y_max_work,y_max_local,y_min_work,y_min_local,z_max_work,z_max_local,z_min_work,z_min_local,x_mean_work,x_mean_local,y_mean_work,y_mean_local,z_mean_work,z_mean_local,euclidean_max_work,roll_max,pitch_max,yaw_max
15,2,0.451890685864782,0.396635398456154,-4.75542639655737,-1.25241421395118,7.08221674671245,8.3947631316476,-2.55601494650364,-2.50507220177792,3.52100318505438,3.62336146276841,-4.6960326021516,-4.69606471105887,-2.00172317196562,-0.0807943556912825,4.01983708231481,4.47481512001825,1.54818941686589,1.58357258220908,9.22872351355549,18.1311066929866,22.2291854124829,14.9239863793921
