hook_num,trajectory_process,x_max_work,x_max_local,x_min_work,x_min_local,y_max_work,y_max_local,y_min_work,y_min_local,z_max_work,z_max_local,z_min_work,z_min_local,x_mean_work,x_mean_local,y_mean_work,y_mean_local,z_mean_work,z_mean_local,euclidean_max_work,roll_max,pitch_max,yaw_max
7,1,4.14569560224567,3.59260844145748,-3.03622300634743e-08,9.63089090840612e-07,1.34296005135752,-9.9140041250841e-07,-2.313970526302e-08,-3.55265338463798,-1.98484633529006e-06,1.37126547428719,-3.05943063332563,-0.353154736291588,3.63412687851004,3.17108155222888,1.03555345190186,-3.2531794736932,-2.66092096254235,0.852403659229347,5.01413921676124,46.3934206789129,19.8275520176645,22.9527562261086
