hook_num,trajectory_process,x_max_work,x_max_local,x_min_work,x_min_local,y_max_work,y_max_local,y_min_work,y_min_local,z_max_work,z_max_local,z_min_work,z_min_local,x_mean_work,x_mean_local,y_mean_work,y_mean_local,z_mean_work,z_mean_local,euclidean_max_work,roll_max,pitch_max,yaw_max
10,1,1.01482432092075,1.74793025455621,-1.1675410094864,-0.166568677141182,1.99200948911493,1.54087059376531,-8.49229821824338e-05,-6.11969083461652e-05,0.276884158607118,0.260223611856248,-5.00000153176768,-5.03716620662945,0.488095402684545,0.902831893545365,0.803321022114527,0.24626507035572,-0.119367237311443,-0.145410978248628,5.43754637187625,37.2441348003775,43.7960738731719,50.3474935334664
