hook_num,trajectory_process,x_max_work,x_max_local,x_min_work,x_min_local,y_max_work,y_max_local,y_min_work,y_min_local,z_max_work,z_max_local,z_min_work,z_min_local,x_mean_work,x_mean_local,y_mean_work,y_mean_local,z_mean_work,z_mean_local,euclidean_max_work,roll_max,pitch_max,yaw_max
7,1,-0.0476209918707582,0.786087927471385,-8.14036874473408,-6.06793309470707,5.19202130941574,9.43421486241399,-1.44549007659077,0.896716466517382,2.73233141381286,0.985653840145866,-0.0315166554534585,-1.20256787497905,-2.32920484181118,-1.26676342793327,0.276639175086877,2.21806583515183,1.00544430655788,-0.0185757054922461,9.45601871532049,9.61038999053136,22.5622204315992,20.0512949849637
