hook_num,trajectory_process,x_max_work,x_max_local,x_min_work,x_min_local,y_max_work,y_max_local,y_min_work,y_min_local,z_max_work,z_max_local,z_min_work,z_min_local,x_mean_work,x_mean_local,y_mean_work,y_mean_local,z_mean_work,z_mean_local,euclidean_max_work,roll_max,pitch_max,yaw_max
23,4,0.753929252471153,0.177465083306105,5.0752566949086e-07,1.17014208384103e-06,5.90566287428373e-07,-3.33994015896587e-07,-0.644598871462449,-1.21996778280932,-9.96521180240961e-07,-3.44413717318811e-07,-1.51859189428603,-1.26826120584796,0.389944172810149,0.148941621729042,-0.613184748150776,-1.11160277177594,-1.14560231026238,-0.763912737195914,1.65025170553289,7.90824089406831,5.73587204723913,3.97499775317556e-07
