hook_num,trajectory_process,x_max_work,x_max_local,x_min_work,x_min_local,y_max_work,y_max_local,y_min_work,y_min_local,z_max_work,z_max_local,z_min_work,z_min_local,x_mean_work,x_mean_local,y_mean_work,y_mean_local,z_mean_work,z_mean_local,euclidean_max_work,roll_max,pitch_max,yaw_max
16,1,0.971048943013784,3.30668456867694,-1.31727527335136,4.69787202613887e-07,3.31049142393033,3.30078036604592,-4.1743533074623e-09,-4.73157935407367e-07,0.581958583227333,0.588227267904073,-2.32687444823262,-1.86150016140935,0.182464684892195,2.68701512178553,2.95674523217364,1.5074719826696,-1.00691653101881,-0.553902505016083,3.67365557582952,37.7495229037382,11.4659812634386,31.7977674547129
