hook_num,trajectory_process,x_max_work,x_max_local,x_min_work,x_min_local,y_max_work,y_max_local,y_min_work,y_min_local,z_max_work,z_max_local,z_min_work,z_min_local,x_mean_work,x_mean_local,y_mean_work,y_mean_local,z_mean_work,z_mean_local,euclidean_max_work,roll_max,pitch_max,yaw_max
16,4,0.440683529809462,-0.22267711178533,-3.75248566337029,-0.799601584588563,6.42419294543231,7.21428570226021,-2.81422062173442,-2.73393737759473,-0.561452701755229,-0.531359924505751,-3.72551157460543,-3.72554692563033,-3.45106294401163,-0.500857571551749,6.10736077232401,6.99791872628719,-0.726494608230059,-0.715516769090111,7.26070449546186,0.231329894497486,0.152831651846592,3.25753720886723e-07
