hook_num,trajectory_process,x_max_work,x_max_local,x_min_work,x_min_local,y_max_work,y_max_local,y_min_work,y_min_local,z_max_work,z_max_local,z_min_work,z_min_local,x_mean_work,x_mean_local,y_mean_work,y_mean_local,z_mean_work,z_mean_local,euclidean_max_work,roll_max,pitch_max,yaw_max
12,4,1.53512542308181,0.500664049640185,6.38760866422672e-09,-1.32024698448045,-4.8880792746786e-09,1.81251850972224e-09,-2.34244080075194,-2.04421624994841,-9.3874382400827e-07,-9.38678725934961e-07,-0.462253841855272,-0.512713184391158,1.07575550957136,-0.403809827945182,-1.75603607465807,-1.96821293127746,-0.420651539998701,-0.496783380378025,2.48691515457029,4.20358206957098,1.2117236472002,-20.4381234101302
