hook_num,trajectory_process,x_max_work,x_max_local,x_min_work,x_min_local,y_max_work,y_max_local,y_min_work,y_min_local,z_max_work,z_max_local,z_min_work,z_min_local,x_mean_work,x_mean_local,y_mean_work,y_mean_local,z_mean_work,z_mean_local,euclidean_max_work,roll_max,pitch_max,yaw_max
18,1,0.249876418492022,-0.229202344297529,-3.83779013228252,-1.21199237964921,5.92791490620277,6.73685533818082,-3.377196654258,-3.16211522846918,2.02880673647815,2.11133162529584,-1.77632827592566,-1.75044016652051,-2.35093059684294,-0.574795820894162,3.62850415411008,4.28466486293988,-0.118103019558694,-0.0885100523385267,7.1372935057919,83.692018191505,42.9057229041671,61.7719129720799
