hook_num,trajectory_process,x_max_work,x_max_local,x_min_work,x_min_local,y_max_work,y_max_local,y_min_work,y_min_local,z_max_work,z_max_local,z_min_work,z_min_local,x_mean_work,x_mean_local,y_mean_work,y_mean_local,z_mean_work,z_mean_local,euclidean_max_work,roll_max,pitch_max,yaw_max
16,4,2.61358798430035,0.0172731212976323,8.68688061927969e-07,-0.0611465647266691,2.92995764539228e-07,-9.86939506334445e-07,-1.92643984246331,-2.8328692333054,-1.52057577906817e-06,1.54688833019997,-0.349755939424085,-4.60396845890682e-07,2.51310967255138,-0.0215219466979985,-1.85473254351824,-2.77319394097469,-0.314371423280621,1.47099642785865,3.21862569126729,0.750305108029579,1.65136313608771,6.92987562445069e-07
