hook_num,trajectory_process,x_max_work,x_max_local,x_min_work,x_min_local,y_max_work,y_max_local,y_min_work,y_min_local,z_max_work,z_max_local,z_min_work,z_min_local,x_mean_work,x_mean_local,y_mean_work,y_mean_local,z_mean_work,z_mean_local,euclidean_max_work,roll_max,pitch_max,yaw_max
19,4,0.176062497075463,-9.50987326621263e-05,-0.464257520882938,-1.14877200614523,0.590141210205616,0.894465867194451,-0.341812758680874,-9.29580444342625e-05,1.47527915959614,1.01531557144871,-1.56056588593856e-05,-2.3909102462987e-05,-0.146488211275347,-0.612237972844797,0.14560430045805,0.804152658839998,1.31753997055149,0.870082074912411,1.5707056098595,2.50684896009471,0.930459476309821,0.135772262635449
