hook_num,trajectory_process,x_max_work,x_max_local,x_min_work,x_min_local,y_max_work,y_max_local,y_min_work,y_min_local,z_max_work,z_max_local,z_min_work,z_min_local,x_mean_work,x_mean_local,y_mean_work,y_mean_local,z_mean_work,z_mean_local,euclidean_max_work,roll_max,pitch_max,yaw_max
14,4,0.0637689071638761,0.0363791289570711,-0.0189550932152542,-0.119169359060095,3.42612338499748e-08,7.23369999441524e-08,-0.193241012217925,-0.174018723426514,0.266554357949303,0.263900315047546,-0.348898275711178,-0.35214637420267,0.0132399081902169,-0.0414060138957233,-0.0750909942036575,-0.0633848546439594,-0.0445560159016086,-0.0451875578109018,0.403904158332291,2.25736580762858,2.40252813719125,-16.3445670763383
