hook_num,trajectory_process,x_max_work,x_max_local,x_min_work,x_min_local,y_max_work,y_max_local,y_min_work,y_min_local,z_max_work,z_max_local,z_min_work,z_min_local,x_mean_work,x_mean_local,y_mean_work,y_mean_local,z_mean_work,z_mean_local,euclidean_max_work,roll_max,pitch_max,yaw_max
22,2,0.783275652275734,2.86888914855846,-1.25582340144399,0.000220627555985958,1.72450088619712,0.59011025186516,0.000237239656598831,-1.19004443603269,-1.24520149711316e-05,0.273860745413334,-4.55995941964204,-3.57493881912328,0.0108116085756172,2.26796737943109,1.51536701705376,-0.0875944658752811,-2.39152902362349,-1.6940490418155,4.71839570090898,-21.3385931648552,-16.2424711697769,-10.6317440071917
