hook_num,trajectory_process,x_max_work,x_max_local,x_min_work,x_min_local,y_max_work,y_max_local,y_min_work,y_min_local,z_max_work,z_max_local,z_min_work,z_min_local,x_mean_work,x_mean_local,y_mean_work,y_mean_local,z_mean_work,z_mean_local,euclidean_max_work,roll_max,pitch_max,yaw_max
3,2,1.57181652719845,2.87980805183718,-2.08274286706001e-10,-1.62078773929809e-08,2.78645143824235,1.30144197146538,5.5717919167364e-10,1.30517698356972e-08,-2.22959215534502e-07,-2.21986760040234e-07,-1.97560100105125,-2.08564945735706,1.43882660208964,2.50052600204561,2.41981678471201,1.14320037605354,-1.53816248659762,-1.65335163259707,3.38205784240907,-4.06742084013073,-2.39718154738103,13.6376750407747
