hook_num,trajectory_process,x_max_work,x_max_local,x_min_work,x_min_local,y_max_work,y_max_local,y_min_work,y_min_local,z_max_work,z_max_local,z_min_work,z_min_local,x_mean_work,x_mean_local,y_mean_work,y_mean_local,z_mean_work,z_mean_local,euclidean_max_work,roll_max,pitch_max,yaw_max
15,4,-1.0705061868066e-06,0.432597134091586,-0.523164927795733,-6.46332831065377e-07,1.06336112944888,1.03295719114131,2.74919898402004e-07,8.63988299161082e-07,0.0342423253084689,0.0382228661545213,-0.220014732233039,-0.223039211494161,-0.401980528747021,0.289866005085933,0.965449163873558,1.00474374298206,-0.0910999759290657,-0.0906442822940175,1.10447149346268,0.083525548427656,-0.464079881194894,6.20169868334791
