hook_num,trajectory_process,x_max_work,x_max_local,x_min_work,x_min_local,y_max_work,y_max_local,y_min_work,y_min_local,z_max_work,z_max_local,z_min_work,z_min_local,x_mean_work,x_mean_local,y_mean_work,y_mean_local,z_mean_work,z_mean_local,euclidean_max_work,roll_max,pitch_max,yaw_max
9,3,7.14606433120935e-05,3.40976741422156e-05,-4.83905203895819,-4.8750170043497,1.19549495384558,5.26147955407826,-0.50420967475776,-8.82850651897889e-05,5.7970128325893,3.36412892264656,-5.09237582946298e-05,1.44167369759027e-05,-2.95220674303301,-3.24192433417717,0.249855437749122,3.86862447037801,4.75802019369319,2.43725591257398,7.55165416660433,7.5811648163383,3.10476821193754,9.96433309269642
