hook_num,trajectory_process,x_max_work,x_max_local,x_min_work,x_min_local,y_max_work,y_max_local,y_min_work,y_min_local,z_max_work,z_max_local,z_min_work,z_min_local,x_mean_work,x_mean_local,y_mean_work,y_mean_local,z_mean_work,z_mean_local,euclidean_max_work,roll_max,pitch_max,yaw_max
17,1,2.55226053353533,3.11745054756311,-1.15295872578713,-1.99956895971043,2.36325342432895,1.6219124868824,-1.86035353676732,-1.67648796163796,4.77252109430435,4.73654934115352,-6.61556100567395e-07,-6.77060166207043e-07,1.43820866607712,0.926968590972939,0.47304798553652,-0.417374054136885,2.03356164893202,2.03367679421198,5.12435571810431,41.2738407102695,36.9735958386736,47.3609367189117
