hook_num,trajectory_process,x_max_work,x_max_local,x_min_work,x_min_local,y_max_work,y_max_local,y_min_work,y_min_local,z_max_work,z_max_local,z_min_work,z_min_local,x_mean_work,x_mean_local,y_mean_work,y_mean_local,z_mean_work,z_mean_local,euclidean_max_work,roll_max,pitch_max,yaw_max
2,1,6.45224372419761e-06,-1.85787346709245e-06,-3.37013527018297,-1.97372657857668,2.32392399625462,4.95335176484734,-0.0323214384972061,-1.01807993334692e-05,3.32866681542725,0.679515400097294,-1.87154341801943e-06,-0.913284222936277,-1.63222769068295,-0.925072989052992,0.729694885798155,1.85151579281914,1.09025815975848,-0.335889283045185,5.27621618660816,30.1080196697916,17.6892187153116,33.5476270483118
