hook_num,trajectory_process,x_max_work,x_max_local,x_min_work,x_min_local,y_max_work,y_max_local,y_min_work,y_min_local,z_max_work,z_max_local,z_min_work,z_min_local,x_mean_work,x_mean_local,y_mean_work,y_mean_local,z_mean_work,z_mean_local,euclidean_max_work,roll_max,pitch_max,yaw_max
5,3,3.92787471274295,2.9210896519326,2.96616394734883e-06,-2.99470494981795,-1.26698807889625e-06,-1.99482927746133e-06,-3.27377828448823,-4.12041851179134,-3.20163132982998e-06,-3.20268688250267e-06,-4.32808190595608,-4.46322862835409,3.32667217383435,-0.0965523923967831,-2.14520673948262,-3.27785397994307,-2.64650535778423,-2.90984082925157,5.90427906190547,13.6991246051405,9.92803110052851,20.5196462278715
