hook_num,trajectory_process,x_max_work,x_max_local,x_min_work,x_min_local,y_max_work,y_max_local,y_min_work,y_min_local,z_max_work,z_max_local,z_min_work,z_min_local,x_mean_work,x_mean_local,y_mean_work,y_mean_local,z_mean_work,z_mean_local,euclidean_max_work,roll_max,pitch_max,yaw_max
14,4,3.85148268833291e-09,5.16588824064414e-07,-2.06611170806468,-1.61671198489512,0.765698022315746,2.20174895279407,-1.00760644272668e-09,-5.15227583458417e-07,2.63339486232803,1.7392470531646,-1.02795831935509e-06,-7.24148244226509e-07,-1.70757579976564,-1.42073759248148,0.561793449804087,2.06635456976771,2.0645602444948,1.09903926499103,3.08117169434793,17.2346031118179,10.6240146807675,8.66190094507292
