hook_num,trajectory_process,x_max_work,x_max_local,x_min_work,x_min_local,y_max_work,y_max_local,y_min_work,y_min_local,z_max_work,z_max_local,z_min_work,z_min_local,x_mean_work,x_mean_local,y_mean_work,y_mean_local,z_mean_work,z_mean_local,euclidean_max_work,roll_max,pitch_max,yaw_max
22,4,0.0330833340321988,-9.54130291340487e-08,-0.0861948969214836,-0.478028447854359,2.86433987639612e-09,8.55701266976238e-08,-0.413735513762674,-0.128624427561004,-9.31404542825476e-07,-9.22550531064111e-07,-1.35921563044951,-1.33454798540127,-0.0260450933718564,-0.237589691970647,-0.216649850831267,-0.0794824504785426,-0.729992527734546,-0.719515245914424,1.42340217987118,5.43903594771979,5.94493745673665,-16.4621288630679
