hook_num,trajectory_process,x_max_work,x_max_local,x_min_work,x_min_local,y_max_work,y_max_local,y_min_work,y_min_local,z_max_work,z_max_local,z_min_work,z_min_local,x_mean_work,x_mean_local,y_mean_work,y_mean_local,z_mean_work,z_mean_local,euclidean_max_work,roll_max,pitch_max,yaw_max
15,4,0.647790205168917,2.08364737901614e-08,1.38697942020372e-11,-0.941630618491717,0.161152521269173,0.916531235167297,-0.259145178060919,-2.05598528942532e-08,2.24119743198344,2.08747223511183,-4.13817815569928e-08,-2.92507672977562e-08,0.466976719446767,-0.716943136997412,-0.0480540913084811,0.832904982404984,2.12480592035264,1.87820629336033,2.3384969989618,4.72287524644344e-07,5.66918453595758,-9.93778570546056e-07
