hook_num,trajectory_process,x_max_work,x_max_local,x_min_work,x_min_local,y_max_work,y_max_local,y_min_work,y_min_local,z_max_work,z_max_local,z_min_work,z_min_local,x_mean_work,x_mean_local,y_mean_work,y_mean_local,z_mean_work,z_mean_local,euclidean_max_work,roll_max,pitch_max,yaw_max
15,2,1.09196689303258,0.920036702311779,1.21520997709013e-08,-2.07742039880001e-05,0.394696066074857,1.36817946000088e-08,-9.99335652522859e-05,-0.465004790130782,0.0985687308519232,0.0588660515470506,-1.70476650967151,-1.7885150380073,0.621376285428888,0.562946535706836,0.18540425556576,-0.22364847707594,-0.541250553052316,-0.588486282404547,2.03191355686993,-3.62932572964008,-1.47417685106414,14.9778478214101
