hook_num,trajectory_process,x_max_work,x_max_local,x_min_work,x_min_local,y_max_work,y_max_local,y_min_work,y_min_local,z_max_work,z_max_local,z_min_work,z_min_local,x_mean_work,x_mean_local,y_mean_work,y_mean_local,z_mean_work,z_mean_local,euclidean_max_work,roll_max,pitch_max,yaw_max
1,4,3.87397190767916,0.608259611270103,4.26545165055359e-06,-8.75968479904815e-06,-1.2049396900693e-05,-8.30126669530442e-06,-4.39165584949058,-5.8688704219073,4.72205647383817e-06,6.32746033338105e-06,-4.09116928166526,-3.90077001735962,3.66644044876764,0.312830779029883,-4.18851589263103,-5.73320713938715,-3.88704435954933,-3.61964441406183,7.00026343782684,32.6141331395597,19.5836938983264,10.8476737728631
