hook_num,trajectory_process,x_max_work,x_max_local,x_min_work,x_min_local,y_max_work,y_max_local,y_min_work,y_min_local,z_max_work,z_max_local,z_min_work,z_min_local,x_mean_work,x_mean_local,y_mean_work,y_mean_local,z_mean_work,z_mean_local,euclidean_max_work,roll_max,pitch_max,yaw_max
4,3,2.56718158738309,2.07761857458797,5.26398480360513e-10,-2.40878174893018e-08,0.797030306863917,1.67022311186664e-08,-0.0736753887223358,-1.5651757788018,1.98043296564549,1.96096901963678,-0.967540985414473,-1.03462962496186,1.95679458148899,1.5164656617337,0.0934358517435067,-1.23446256623725,-0.0514966624485859,-0.12253996265409,2.57485780585162,0.696228479747318,0.00947643051602798,0.44548951918442
