hook_num,trajectory_process,x_max_work,x_max_local,x_min_work,x_min_local,y_max_work,y_max_local,y_min_work,y_min_local,z_max_work,z_max_local,z_min_work,z_min_local,x_mean_work,x_mean_local,y_mean_work,y_mean_local,z_mean_work,z_mean_local,euclidean_max_work,roll_max,pitch_max,yaw_max
1,3,4.16401690805235,2.98677317062721,3.57397311745444e-09,1.33768065718193e-07,0.705856677612928,-1.02508065382131e-07,-1.10110960173466,-4.03014087178324,-6.71338170832314e-07,0.0223996735688113,-3.02252927645873,-2.49851359831943,3.8401027729224,1.64636627101161,-0.481720479467604,-3.6074317603129,-1.96469323422029,-1.52291840796333,4.78653112368562,9.29925129971673,10.3011825805723,0.13195849298058
