hook_num,trajectory_process,x_max_work,x_max_local,x_min_work,x_min_local,y_max_work,y_max_local,y_min_work,y_min_local,z_max_work,z_max_local,z_min_work,z_min_local,x_mean_work,x_mean_local,y_mean_work,y_mean_local,z_mean_work,z_mean_local,euclidean_max_work,roll_max,pitch_max,yaw_max
23,4,1.11762043028602,3.13826664216888,-5.46792534805718e-07,-4.33784298447732e-07,3.68146242097851,1.81791895682165,-8.62752926877874e-07,-7.82122891398744e-07,0.390393345404505,1.34205107819498,-8.97114318831882e-07,-1.02384264180541e-06,0.658857968621091,2.49853295775192,3.06853054507302,1.6794184829236,0.278796655515518,0.929883239905375,3.86712398914306,11.002397875024,3.9079811795536,-1.56524674821412e-06
