hook_num,trajectory_process,x_max_work,x_max_local,x_min_work,x_min_local,y_max_work,y_max_local,y_min_work,y_min_local,z_max_work,z_max_local,z_min_work,z_min_local,x_mean_work,x_mean_local,y_mean_work,y_mean_local,z_mean_work,z_mean_local,euclidean_max_work,roll_max,pitch_max,yaw_max
23,4,0.835391913546232,2.73992075757829,2.17466140384204e-06,3.54753840126762e-06,4.42651738363099,3.52104044984271,2.82515554772544e-06,4.46062212513575e-07,2.0752516360501,2.03920024847117,-9.26642428566993e-07,8.86183995975821e-07,0.745439626280689,2.23430965814925,3.86748684573453,3.23265111365623,1.79021319092173,1.80949894237596,4.75392482366309,0.764933900166248,0.483592842804232,0.204597831993965
