hook_num,trajectory_process,x_max_work,x_max_local,x_min_work,x_min_local,y_max_work,y_max_local,y_min_work,y_min_local,z_max_work,z_max_local,z_min_work,z_min_local,x_mean_work,x_mean_local,y_mean_work,y_mean_local,z_mean_work,z_mean_local,euclidean_max_work,roll_max,pitch_max,yaw_max
15,1,2.70381518128579,3.1994301223662,1.01184728009684e-05,-2.6077934638318e-05,1.7360017276302,1.21906516877319,-6.33948095583037e-05,-1.29982380778203,-2.73528651177912e-05,0.36138105078021,-2.66609492596217,-1.30934745266331,2.29145804038332,2.68145672995837,0.620859642682073,-0.888303440395197,-1.55731630602969,-0.288513841555566,3.56793459736541,52.1637436514114,18.8144138527633,40.7009714578431
