hook_num,trajectory_process,x_max_work,x_max_local,x_min_work,x_min_local,y_max_work,y_max_local,y_min_work,y_min_local,z_max_work,z_max_local,z_min_work,z_min_local,x_mean_work,x_mean_local,y_mean_work,y_mean_local,z_mean_work,z_mean_local,euclidean_max_work,roll_max,pitch_max,yaw_max
23,1,-5.79802872380242e-11,9.96688429497931e-09,-3.03343636223053,-3.08456940517208,1.85825577016811,3.31579226099404,2.91151991405059e-10,-9.51650725731629e-09,3.37340015292307,1.40438405327317,-1.95412894754554e-08,-0.0622959004638892,-1.27359358019928,-0.991779950310889,1.01582778470804,2.41261149572873,2.13937541223073,0.653747112389417,4.54046394577177,33.2291605533657,13.184394546927,34.8991699700927
