hook_num,trajectory_process,x_max_work,x_max_local,x_min_work,x_min_local,y_max_work,y_max_local,y_min_work,y_min_local,z_max_work,z_max_local,z_min_work,z_min_local,x_mean_work,x_mean_local,y_mean_work,y_mean_local,z_mean_work,z_mean_local,euclidean_max_work,roll_max,pitch_max,yaw_max
11,4,4.96950166670979,3.52498386233252,-1.2522605175036e-10,1.94769077178076e-08,-1.18575371743646e-09,-2.10771245138364e-08,-2.07818702348425,-2.95313041701883,0.328658097402013,2.75106565840789,-4.06819253839785e-08,-2.88590650293854e-08,4.36895571246012,3.02444347723747,-1.76448487283158,-2.73610617054878,0.313390515417088,2.38018146088053,5.23222363502184,37.0750620777628,7.05144387325163e-09,42.5595976427953
