hook_num,trajectory_process,x_max_work,x_max_local,x_min_work,x_min_local,y_max_work,y_max_local,y_min_work,y_min_local,z_max_work,z_max_local,z_min_work,z_min_local,x_mean_work,x_mean_local,y_mean_work,y_mean_local,z_mean_work,z_mean_local,euclidean_max_work,roll_max,pitch_max,yaw_max
16,4,0.104783843555197,0.0227449002773144,-0.048305298492096,-0.61262406412486,0.759481512992807,1.04514837965174,-2.80545009445632e-09,-4.76263010352153e-07,1.54009171052076,1.0823935310161,-9.39100232244527e-07,-6.58979842095891e-07,0.027280003442008,-0.295264939860008,0.485362773697356,0.971815938626551,1.32078848669119,0.974160958401636,1.55979338512633,1.53662265369345,0.35254024357921,0.117679539270625
