hook_num,trajectory_process,x_max_work,x_max_local,x_min_work,x_min_local,y_max_work,y_max_local,y_min_work,y_min_local,z_max_work,z_max_local,z_min_work,z_min_local,x_mean_work,x_mean_local,y_mean_work,y_mean_local,z_mean_work,z_mean_local,euclidean_max_work,roll_max,pitch_max,yaw_max
18,1,10.4553088543188,3.39828524632374,3.98014890379272e-07,-3.80382630856216,1.52731544127056,0.242761205719062,-3.84294083927387,-8.84637500140719,27.782489319604,28.3713481600867,-0.114263640276931,2.39191547974548e-07,7.36028730553649,-0.88027323909576,-1.61377382980436,-4.86740156361358,11.3940597258984,12.587167774407,28.4927156038341,75.0028051434579,37.3833306527455,70.22645955227
