hook_num,trajectory_process,x_max_work,x_max_local,x_min_work,x_min_local,y_max_work,y_max_local,y_min_work,y_min_local,z_max_work,z_max_local,z_min_work,z_min_local,x_mean_work,x_mean_local,y_mean_work,y_mean_local,z_mean_work,z_mean_local,euclidean_max_work,roll_max,pitch_max,yaw_max
11,1,2.26322095852106,0.926889134542147,-1.06103771215714,-3.76166578523874,-5.04712716065114e-09,1.48421550625584,-3.9767813457587,-3.16428638878048,-9.38533844418998e-07,-9.38529189548035e-07,-4.58263403204739,-4.67543153010642,1.59368844413463,-1.14214438920077,-2.86574390213459,-2.16174332460785,-2.99754715411273,-3.33464699255062,6.15963680506188,88.2233175540942,40.4671345127635,73.7896122000152
