hook_num,trajectory_process,x_max_work,x_max_local,x_min_work,x_min_local,y_max_work,y_max_local,y_min_work,y_min_local,z_max_work,z_max_local,z_min_work,z_min_local,x_mean_work,x_mean_local,y_mean_work,y_mean_local,z_mean_work,z_mean_local,euclidean_max_work,roll_max,pitch_max,yaw_max
6,1,0.816278546867295,4.84442671124618e-07,-0.136865545752755,-3.14885241247366,6.35441210761201e-09,-4.7375598300495e-07,-4.58743915489555,-3.47229816593862,-9.48750425777689e-07,-6.64174311626296e-07,-4.0238381156534,-4.05430509473536,0.597754646289074,-1.75584785204021,-3.48655349571308,-3.02195067649717,-3.03809499119851,-3.08952797795816,5.11493878555787,22.8211427382014,26.6400939257022,25.7242749371835
