hook_num,trajectory_process,x_max_work,x_max_local,x_min_work,x_min_local,y_max_work,y_max_local,y_min_work,y_min_local,z_max_work,z_max_local,z_min_work,z_min_local,x_mean_work,x_mean_local,y_mean_work,y_mean_local,z_mean_work,z_mean_local,euclidean_max_work,roll_max,pitch_max,yaw_max
4,3,1.53308908527382,2.11950663179412,-0.00612356771324585,9.01648479460611e-07,1.51877014739796,0.647803912182897,-6.11760242463788e-09,-0.76653137438075,-1.81302402779693e-06,-1.28558499246202e-06,-3.14593607281722,-3.05546045426562,1.14083718791003,1.90337837037464,1.27058217244387,-0.207356731076031,-1.85741392708019,-1.64463353534697,3.42859787148232,25.8437379908365,14.3573023823598,5.88608393253514
