hook_num,trajectory_process,x_max_work,x_max_local,x_min_work,x_min_local,y_max_work,y_max_local,y_min_work,y_min_local,z_max_work,z_max_local,z_min_work,z_min_local,x_mean_work,x_mean_local,y_mean_work,y_mean_local,z_mean_work,z_mean_local,euclidean_max_work,roll_max,pitch_max,yaw_max
21,1,0.666091443449432,1.62309613770758,-1.06627324584292,2.67695622229611e-07,-3.26417648466304e-09,-3.90758786941651e-07,-1.47474917796274,-3.74998445856033,-6.04512706559035e-07,-3.76119974347613e-07,-4.59891861058696,-3.13673882113452,0.250709876731272,1.02739552646616,-1.17279851391707,-2.78521917417495,-3.21230147658234,-1.71660012374484,4.82176231017792,43.0855470746496,7.02403807526201,28.616672139115
