hook_num,trajectory_process,x_max_work,x_max_local,x_min_work,x_min_local,y_max_work,y_max_local,y_min_work,y_min_local,z_max_work,z_max_local,z_min_work,z_min_local,x_mean_work,x_mean_local,y_mean_work,y_mean_local,z_mean_work,z_mean_local,euclidean_max_work,roll_max,pitch_max,yaw_max
1,1,4.77683303123151,1.24308418210792,4.26545165055359e-06,-0.618469616559036,-1.2049396900693e-05,-8.30126669530442e-06,-4.71844408731107,-6.59885440703231,4.72205647383817e-06,6.32746033338105e-06,-6.45054848764704,-6.33588247906949,4.29520525944662,0.744935759329396,-4.08065812738197,-6.09124894898466,-4.63014740850122,-4.31633566981538,8.91712557989145,64.0522532219834,49.8087337405731,35.887263985266
