hook_num,trajectory_process,x_max_work,x_max_local,x_min_work,x_min_local,y_max_work,y_max_local,y_min_work,y_min_local,z_max_work,z_max_local,z_min_work,z_min_local,x_mean_work,x_mean_local,y_mean_work,y_mean_local,z_mean_work,z_mean_local,euclidean_max_work,roll_max,pitch_max,yaw_max
25,4,-8.93578544491902e-11,0.176933034312433,-0.242895461737589,-0.667453466651989,0.281307197078092,0.246172902528611,-0.683966491279989,-0.256796412465193,-1.28576436964067e-06,-1.28106828542379e-06,-0.445874348254165,-0.462789124069377,-0.176108848889315,-0.248038997071988,-0.197457923117248,0.00838640209505315,-0.246740432915803,-0.258723403474545,0.851828797915199,-2.79990781598631,-2.06765503452902,-27.598530854905
