hook_num,trajectory_process,x_max_work,x_max_local,x_min_work,x_min_local,y_max_work,y_max_local,y_min_work,y_min_local,z_max_work,z_max_local,z_min_work,z_min_local,x_mean_work,x_mean_local,y_mean_work,y_mean_local,z_mean_work,z_mean_local,euclidean_max_work,roll_max,pitch_max,yaw_max
1,4,1.7220407966935838,-1.2654620136919682e-07,-1.5376927682265915,-7.213017923641138,-1.0644498615874909e-09,-1.2279867756861497e-07,-7.1663552159636765,-4.0828264827071,-2.4893768113543047e-07,-1.757292367395423e-07,-4.4400456709581135,-1.8237092613749561,-0.5115535984961765,-4.516367188369336,-3.839450894162472,-1.816937130783006,-3.0326639255590377,-1.096850095541704,8.327867756098751,0.16779465996236098,27.193391155872575,1.3332025089007402
