hook_num,trajectory_process,x_max_work,x_max_local,x_min_work,x_min_local,y_max_work,y_max_local,y_min_work,y_min_local,z_max_work,z_max_local,z_min_work,z_min_local,x_mean_work,x_mean_local,y_mean_work,y_mean_local,z_mean_work,z_mean_local,euclidean_max_work,roll_max,pitch_max,yaw_max
6,3,2.70774437951411,3.05298353945857,1.13883515950874e-08,4.91805311418394e-07,2.09098660654615,0.339487463101553,8.90815954335267e-09,-1.66361089710419,-9.57552174440934e-07,-6.69013853858621e-07,-2.84351412124113,-2.73148097405531,2.21622305123477,2.66931468461472,1.7366059475981,-1.16125397081982,-2.07560357288287,-1.94045885615529,4.09405089008035,27.3579777479799,8.84280414265207,7.03577598926974
