hook_num,trajectory_process,x_max_work,x_max_local,x_min_work,x_min_local,y_max_work,y_max_local,y_min_work,y_min_local,z_max_work,z_max_local,z_min_work,z_min_local,x_mean_work,x_mean_local,y_mean_work,y_mean_local,z_mean_work,z_mean_local,euclidean_max_work,roll_max,pitch_max,yaw_max
1,1,1.65812222494581,2.18655468766778,-0.621926822891737,0.22283209669696,1.99201005809982,1.9656987918365,1.15472020718238,0.209439040205459,-1.93699149951726,-2.05713053513839,-5.00000118099626,-5.05405338618339,1.37658333368694,1.83433653536149,1.56194176040941,0.585326027547599,-3.04165762228591,-3.14268782982125,5.43754625038968,38.7298194240222,45.567502293375,50.2938786650979
