hook_num,trajectory_process,x_max_work,x_max_local,x_min_work,x_min_local,y_max_work,y_max_local,y_min_work,y_min_local,z_max_work,z_max_local,z_min_work,z_min_local,x_mean_work,x_mean_local,y_mean_work,y_mean_local,z_mean_work,z_mean_local,euclidean_max_work,roll_max,pitch_max,yaw_max
13,1,2.66611762700131,3.61965491857505,-4.04333138826337,0.329177720166806,2.5881902382539,4.14701309824474,-0.640557651381414,-2.59239232969972,1.69489259701436,1.92849991336411,-5.00000129754949,-4.89680964927132,1.27670223430885,1.00503987755019,0.291662300592176,-1.06888676496268,0.213925040413361,0.215322173208313,6.12499537778077,33.734414508123,38.1292856944807,24.790562205979
