hook_num,trajectory_process,x_max_work,x_max_local,x_min_work,x_min_local,y_max_work,y_max_local,y_min_work,y_min_local,z_max_work,z_max_local,z_min_work,z_min_local,x_mean_work,x_mean_local,y_mean_work,y_mean_local,z_mean_work,z_mean_local,euclidean_max_work,roll_max,pitch_max,yaw_max
24,1,1.21531564873283,1.90535003581516,-1.78039869573945,-0.0410999638272245,1.99202903035825,2.55219042404539,2.7431166245151e-06,4.80284974210788e-06,0.350236645884536,0.333333178736822,-5.0000010213181,-5.02228577776612,0.425824254077892,1.11692486375156,1.16817832233353,0.541992932239502,-0.381740653358777,-0.390573100024769,5.43755347836703,36.1914991094444,42.6123556104896,45.6323228320447
