hook_num,trajectory_process,x_max_work,x_max_local,x_min_work,x_min_local,y_max_work,y_max_local,y_min_work,y_min_local,z_max_work,z_max_local,z_min_work,z_min_local,x_mean_work,x_mean_local,y_mean_work,y_mean_local,z_mean_work,z_mean_local,euclidean_max_work,roll_max,pitch_max,yaw_max
14,1,3.48854893798114,3.28466354134158,-2.24589560345953,-0.111375614893407,2.58819045009886,2.49418838653916,-1.26916611688068,-3.1348072585547,-0.0354033483583862,-0.0658457279742479,-5.0000009341411,-5.09649008696453,2.1069244950492,0.781754127834009,-0.251188477029191,-1.93065974079292,-1.10898561479738,-1.36128838374382,6.12499505782989,36.433746775824,38.7771362053041,21.5237242197004
