hook_num,trajectory_process,x_max_work,x_max_local,x_min_work,x_min_local,y_max_work,y_max_local,y_min_work,y_min_local,z_max_work,z_max_local,z_min_work,z_min_local,x_mean_work,x_mean_local,y_mean_work,y_mean_local,z_mean_work,z_mean_local,euclidean_max_work,roll_max,pitch_max,yaw_max
17,2,0.360391198315028,0.477367818373253,-2.42671555693505,-1.87648532456086,0.893775288124857,2.89524456517825,-0.0161690083327812,-0.192477862139584,2.46010788883439,0.919412415091209,-2.0050392233104,-2.59188100702154,-0.515012810585921,0.00320066010628008,0.263704209345927,0.448891523349474,-0.229006825519756,-0.425807296753613,3.56930154016699,24.0558204220261,-6.01539769155847,17.2350003018459
