hook_num,trajectory_process,x_max_work,x_max_local,x_min_work,x_min_local,y_max_work,y_max_local,y_min_work,y_min_local,z_max_work,z_max_local,z_min_work,z_min_local,x_mean_work,x_mean_local,y_mean_work,y_mean_local,z_mean_work,z_mean_local,euclidean_max_work,roll_max,pitch_max,yaw_max
3,1,0.170695604516567,1.49587487895964,-2.8797495667967,-0.399423939758431,1.34988174231648,1.89858083973085,-0.165376188942503,-1.47094291741763,0.469264884530503,-3.69548226636325e-09,-3.05345204314767,-2.49393633257326,-0.534148551467538,0.88563444922092,0.357676349372695,-0.371677021467135,-1.8320446489637,-1.68744302450581,3.15908870758766,38.8242815058356,3.54135877143818,31.0660347520889
