hook_num,trajectory_process,x_max_work,x_max_local,x_min_work,x_min_local,y_max_work,y_max_local,y_min_work,y_min_local,z_max_work,z_max_local,z_min_work,z_min_local,x_mean_work,x_mean_local,y_mean_work,y_mean_local,z_mean_work,z_mean_local,euclidean_max_work,roll_max,pitch_max,yaw_max
18,2,0.618183311048483,0.319487621015243,2.08740402740659e-09,-0.22489899363481,0.177031979805463,0.00553651425719846,-0.516166210673248,-0.666820395648059,0.225029398231868,0.209894513009891,-2.33445864339058,-2.34689236823785,0.314878663826096,0.165725397078267,-0.0332721346305713,-0.194935978699894,-0.653236135553495,-0.679049404413377,2.37193938500213,-4.59720060551363,-1.04921269399562,17.913927665271
