hook_num,trajectory_process,x_max_work,x_max_local,x_min_work,x_min_local,y_max_work,y_max_local,y_min_work,y_min_local,z_max_work,z_max_local,z_min_work,z_min_local,x_mean_work,x_mean_local,y_mean_work,y_mean_local,z_mean_work,z_mean_local,euclidean_max_work,roll_max,pitch_max,yaw_max
12,2,0.686361923901643,0.980696753736922,-2.62139110418502e-09,-3.80850987024525e-07,0.717326803084347,0.0977160509987732,-1.18653360914323e-06,-1.25433538185546e-06,0.151154874452914,0.152941564966113,-0.414899468203146,-0.412733616996562,0.435864607049816,0.639910184856776,0.471605707044111,0.0603739838623077,-0.159168892790525,-0.156936809397732,0.999454449897963,0.769616713198299,0.106920587130646,17.5814634809526
