hook_num,trajectory_process,x_max_work,x_max_local,x_min_work,x_min_local,y_max_work,y_max_local,y_min_work,y_min_local,z_max_work,z_max_local,z_min_work,z_min_local,x_mean_work,x_mean_local,y_mean_work,y_mean_local,z_mean_work,z_mean_local,euclidean_max_work,roll_max,pitch_max,yaw_max
20,4,0.135146794348657,0.193159264109276,1.70234670804348e-09,-2.70129689681596e-08,0.187720352847009,0.0827148772485355,3.23325366480276e-10,-0.0327158792548412,0.500942602728401,0.496364819337071,-0.663192510241572,-0.670205670154143,0.0968079586192888,0.140417248888631,0.10900514587441,0.0236763633802655,-0.0795648705185254,-0.0853056606055382,0.702373043714123,2.46849498723377,2.68438166949969,-15.71354046573
