hook_num,trajectory_process,x_max_work,x_max_local,x_min_work,x_min_local,y_max_work,y_max_local,y_min_work,y_min_local,z_max_work,z_max_local,z_min_work,z_min_local,x_mean_work,x_mean_local,y_mean_work,y_mean_local,z_mean_work,z_mean_local,euclidean_max_work,roll_max,pitch_max,yaw_max
6,4,7.02113721899877e-05,9.79971850749277e-05,-5.40799756380665,-3.07774894879958,0.704378524820754,4.18130756540643,5.79756258503039e-05,-1.59293552964336e-05,-4.3722554210035e-05,1.85816867214797e-05,-1.03500612736934,-1.96219004718059,-5.1460542895898,-2.89677124936685,0.68742777629391,4.06240419710561,-0.720617575921509,-1.605328781588,5.55032083123278,21.8063971195694,32.349138320166,5.86430943322748
