hook_num,trajectory_process,x_max_work,x_max_local,x_min_work,x_min_local,y_max_work,y_max_local,y_min_work,y_min_local,z_max_work,z_max_local,z_min_work,z_min_local,x_mean_work,x_mean_local,y_mean_work,y_mean_local,z_mean_work,z_mean_local,euclidean_max_work,roll_max,pitch_max,yaw_max
10,4,1.06644858412636,0.84033983415316,8.16480110188422e-08,-6.83715361168049e-08,9.6153826234513e-08,1.92314526336816e-07,-0.303161803984267,-1.15078942509511,3.10499337105239,2.92235729623104,-1.34396964313055e-06,-1.33435632934693e-06,0.814605382323921,0.760784833667511,-0.252062469310797,-1.03703914717121,2.38805240006788,2.18505335601186,3.18705180250407,7.90713107013915,8.17891247710951,2.48842555159784
