hook_num,trajectory_process,x_max_work,x_max_local,x_min_work,x_min_local,y_max_work,y_max_local,y_min_work,y_min_local,z_max_work,z_max_local,z_min_work,z_min_local,x_mean_work,x_mean_local,y_mean_work,y_mean_local,z_mean_work,z_mean_local,euclidean_max_work,roll_max,pitch_max,yaw_max
19,4,1.8560969238024e-05,0.659140386678402,-0.975766094193659,-0.000139697923185195,0.820473147584607,0.494608793138056,-0.0001984032268183,-0.00014076504241824,1.16210527494331e-05,2.16025420265718e-05,-1.20380322023851,-1.55043417264765,-0.62391900029851,0.424266265517037,0.529560262437181,0.315487960860621,-0.765924666630123,-0.988291592119532,1.75340749671659,1.44696290197402,-6.32112518417216e-06,3.62582283347697
