hook_num,trajectory_process,x_max_work,x_max_local,x_min_work,x_min_local,y_max_work,y_max_local,y_min_work,y_min_local,z_max_work,z_max_local,z_min_work,z_min_local,x_mean_work,x_mean_local,y_mean_work,y_mean_local,z_mean_work,z_mean_local,euclidean_max_work,roll_max,pitch_max,yaw_max
2,3,8.60086126079555,0.974461881608265,-2.30011168991575,-7.67129328404212,-2.48118533055833,2.23784814036401,-9.95498483421193,-11.402412402057,-0.694082432138941,-0.936102648357261,-2.37968869358633,-3.11102289770055,4.68359011628427,-4.44155995360302,-5.54425048247987,-5.40494948542548,-1.30105106916373,-1.94352402519448,12.309101233158,5.40835612808225,-1.12474705957343,-6.16159395288679
