hook_num,trajectory_process,x_max_work,x_max_local,x_min_work,x_min_local,y_max_work,y_max_local,y_min_work,y_min_local,z_max_work,z_max_local,z_min_work,z_min_local,x_mean_work,x_mean_local,y_mean_work,y_mean_local,z_mean_work,z_mean_local,euclidean_max_work,roll_max,pitch_max,yaw_max
7,2,0.765298369555296,-0.167693482038365,-6.78294041710296,-3.31611612058509,6.70053300173151,8.89443064297805,-2.01997407038198,-2.15355270737812,3.91553905895569,4.0161357974449,-1.30904704834188,-1.3090724375902,-3.60689428573997,-1.289400301346,4.67911683318386,5.74743386902122,1.92784030419547,1.97246969687845,10.3071271133847,14.5096100561902,16.228219900173,16.904361972471
