hook_num,trajectory_process,x_max_work,x_max_local,x_min_work,x_min_local,y_max_work,y_max_local,y_min_work,y_min_local,z_max_work,z_max_local,z_min_work,z_min_local,x_mean_work,x_mean_local,y_mean_work,y_mean_local,z_mean_work,z_mean_local,euclidean_max_work,roll_max,pitch_max,yaw_max
25,1,3.74607885081707,1.77976596393915,-1.0355345421026,-0.734918505282632,1.12325398991698,0.729540656766735,-0.243078020389817,-2.92823998540826,-2.50000035003518,-2.49999975175623,-6.39331568384955,-6.69342682826255,3.0359153650745,1.41961259176101,0.617763112428101,-2.10887855196585,-5.03389135112679,-5.33963422613087,7.20494325702226,39.4469700660816,41.9598002013801,15.2973022733478
