hook_num,trajectory_process,x_max_work,x_max_local,x_min_work,x_min_local,y_max_work,y_max_local,y_min_work,y_min_local,z_max_work,z_max_local,z_min_work,z_min_local,x_mean_work,x_mean_local,y_mean_work,y_mean_local,z_mean_work,z_mean_local,euclidean_max_work,roll_max,pitch_max,yaw_max
13,4,1.12607789137007,0.586725813096543,2.88667138192977e-07,-1.2022328947863,-2.12771396945755e-07,-3.71088920939211e-07,-1.77550855943826,-1.29951412948418,-1.29754937461257e-06,-1.28365136554489e-06,-0.378196643477054,-0.340612101174375,0.581559029900844,-0.304221367102239,-1.15490185873098,-1.22371171180519,-0.320173873626441,-0.325608246997366,1.80280822870923,1.03039744817726,-1.80175400577829,-19.3848547525831
