hook_num,trajectory_process,x_max_work,x_max_local,x_min_work,x_min_local,y_max_work,y_max_local,y_min_work,y_min_local,z_max_work,z_max_local,z_min_work,z_min_local,x_mean_work,x_mean_local,y_mean_work,y_mean_local,z_mean_work,z_mean_local,euclidean_max_work,roll_max,pitch_max,yaw_max
8,1,2.64912942067656,1.49988783764394,-3.05665710666955,-4.01328087503886,1.45416834129719e-07,2.26500641324399,-3.97520744727228,-2.76435008213138,1.43214674966225,1.41307622189131,-1.62410697362748,-1.87976562809605,1.5238383616643,-0.684247382855241,-2.12836823409393,-1.83982902179525,-0.825426434829441,-1.06879615976688,4.28315433339742,50.2596395989456,38.6968224107012,57.045001622442
