hook_num,trajectory_process,x_max_work,x_max_local,x_min_work,x_min_local,y_max_work,y_max_local,y_min_work,y_min_local,z_max_work,z_max_local,z_min_work,z_min_local,x_mean_work,x_mean_local,y_mean_work,y_mean_local,z_mean_work,z_mean_local,euclidean_max_work,roll_max,pitch_max,yaw_max
2,4,0.253890573771073,0.224640564318421,8.14828808870516e-08,-1.41765352804647e-07,0.17450479613251,0.062387425958656,-2.2908079699846e-07,-0.0312063896566049,0.236597627339961,0.231923150635489,-0.760609406856361,-0.779509664567819,0.107238044437798,0.135971276708123,0.109211856299956,0.0243740425271684,-0.26369754253698,-0.271767162728413,0.811832827032347,3.4368146145715,3.58705624190896,-17.4840267334125
