hook_num,trajectory_process,x_max_work,x_max_local,x_min_work,x_min_local,y_max_work,y_max_local,y_min_work,y_min_local,z_max_work,z_max_local,z_min_work,z_min_local,x_mean_work,x_mean_local,y_mean_work,y_mean_local,z_mean_work,z_mean_local,euclidean_max_work,roll_max,pitch_max,yaw_max
18,2,2.42572593258808,4.22650951176672,-0.202184189160334,-0.000106565641817715,4.11608222125142,3.06969259873995,-0.00015997386719846,-0.121901256948791,0.297384387106035,0.327258701157667,-3.17379055591675,-2.52669336254392,1.61193533358217,3.9190485837936,3.1793521641989,0.597018788323981,-1.77404950406263,-0.369743068129675,5.20153417669007,19.4571379529945,-1.91344711955443,16.0249417058901
