hook_num,trajectory_process,x_max_work,x_max_local,x_min_work,x_min_local,y_max_work,y_max_local,y_min_work,y_min_local,z_max_work,z_max_local,z_min_work,z_min_local,x_mean_work,x_mean_local,y_mean_work,y_mean_local,z_mean_work,z_mean_local,euclidean_max_work,roll_max,pitch_max,yaw_max
16,2,3.59749409022174,1.17761517350931,8.68688061927969e-07,-0.15769333915764,2.92995764539228e-07,-9.86939506334445e-07,-1.85839878583579,-3.09027387721794,0.64622799364065,1.99503826719687,-0.985591406213018,-4.60396845890682e-07,3.16043881358655,0.83236089592642,-1.21937277156037,-2.78145008620801,-0.465814217582937,1.80765998240766,3.81966648210873,-3.23031112927293,-8.42424479033783,5.11090500195452
