hook_num,trajectory_process,x_max_work,x_max_local,x_min_work,x_min_local,y_max_work,y_max_local,y_min_work,y_min_local,z_max_work,z_max_local,z_min_work,z_min_local,x_mean_work,x_mean_local,y_mean_work,y_mean_local,z_mean_work,z_mean_local,euclidean_max_work,roll_max,pitch_max,yaw_max
22,3,0.538343220701563,0.0328103012994565,-4.50732993359566,-1.43875172914149,5.97286883584047,7.34489514626055,-3.64111371555344,-3.52374673416744,3.35820218641868,3.29825769089858,-0.254676382258936,-0.196351909725347,-2.72415854492474,-0.248470118413336,4.9213591395498,5.62384207872872,1.90421195887216,1.89777192295491,7.49008841768442,-3.11211391297741,-4.41018486038096,2.50950075166068
