hook_num,trajectory_process,x_max_work,x_max_local,x_min_work,x_min_local,y_max_work,y_max_local,y_min_work,y_min_local,z_max_work,z_max_local,z_min_work,z_min_local,x_mean_work,x_mean_local,y_mean_work,y_mean_local,z_mean_work,z_mean_local,euclidean_max_work,roll_max,pitch_max,yaw_max
6,4,2.56642010754149e-07,1.07956324592065,-3.32787441168307,-0.490918605759297,2.31916234804351,3.25195617992011,8.2700921666401e-08,-6.51036601382356e-07,-1.1647736073428e-06,-6.41901418991554e-07,-2.26763092919077,-2.88199819168001,-3.14767279883677,0.280188822189514,1.6781479864597,3.08165214741522,-1.54003451861284,-2.34903583284867,4.47734177553045,21.5597270848453,8.50389714504287,3.86022286136267e-07
