hook_num,trajectory_process,x_max_work,x_max_local,x_min_work,x_min_local,y_max_work,y_max_local,y_min_work,y_min_local,z_max_work,z_max_local,z_min_work,z_min_local,x_mean_work,x_mean_local,y_mean_work,y_mean_local,z_mean_work,z_mean_local,euclidean_max_work,roll_max,pitch_max,yaw_max
11,2,1.33984608520473,2.03874046273585,-0.553083984296165,1.77713795866045e-08,2.03044692170806e-10,-1.73988463962154e-08,-3.59215645057265,-3.65121984646193,-3.50516984326532e-08,-2.47009108056296e-08,-3.47184152537318,-3.41643892997435,0.977520122657673,1.63068149371785,-2.42732681411095,-2.62974429379929,-2.08836770053629,-1.27596108982851,4.85045171566395,-10.0936638497689,-45.5597965897467,16.4005599256953
