hook_num,trajectory_process,x_max_work,x_max_local,x_min_work,x_min_local,y_max_work,y_max_local,y_min_work,y_min_local,z_max_work,z_max_local,z_min_work,z_min_local,x_mean_work,x_mean_local,y_mean_work,y_mean_local,z_mean_work,z_mean_local,euclidean_max_work,roll_max,pitch_max,yaw_max
25,2,7.05085767549463e-10,0.911801213088923,-1.99676082038263,2.09242888396319e-07,2.54641426478707,2.83521339096329,-5.93786353420001e-10,-1.75685140041363e-07,0.598037324839822,0.442335977457623,-2.24095504323657,-2.63461000523982,-1.01421671075988,0.711080495697776,2.11696247707982,2.15974560248477,-0.732962786898248,-0.932916660028258,3.89714394108928,7.8022139570279,11.6506721701947,-3.26735161369375
