hook_num,trajectory_process,x_max_work,x_max_local,x_min_work,x_min_local,y_max_work,y_max_local,y_min_work,y_min_local,z_max_work,z_max_local,z_min_work,z_min_local,x_mean_work,x_mean_local,y_mean_work,y_mean_local,z_mean_work,z_mean_local,euclidean_max_work,roll_max,pitch_max,yaw_max
8,3,1.17690319711983e-08,1.22032611859721,-3.43215791243756,-0.0747763272706672,2.09799633438888,4.92946520320151,4.34272351412801e-09,-3.63104432223388e-07,3.06490050865955,0.30579782386553,-7.2250531957252e-07,-0.724735751242541,-2.0996058134655,0.836386941013853,1.82642809636976,2.85332104532693,1.11875055028351,-0.388602416312329,4.93950716142567,2.92151334649707,5.75800063757491,10.0655422173764
