hook_num,trajectory_process,x_max_work,x_max_local,x_min_work,x_min_local,y_max_work,y_max_local,y_min_work,y_min_local,z_max_work,z_max_local,z_min_work,z_min_local,x_mean_work,x_mean_local,y_mean_work,y_mean_local,z_mean_work,z_mean_local,euclidean_max_work,roll_max,pitch_max,yaw_max
7,2,0.222867029318195,0.0960836627495469,-1.42886210305466,-1.80321115634723,0.0938261323890401,0.940877767181193,-1.04040215651861,-3.71820100602458e-05,1.27333603549272,0.670411768259241,-4.0264476581342e-05,-2.93593628805787e-05,-0.282494756941179,-0.414667577841742,-0.200887799262884,0.227199888880374,0.4209179293783,0.270999255579074,2.04915549386134,0.294436175190956,-2.01688171941328e-07,0.512698067951
