hook_num,trajectory_process,x_max_work,x_max_local,x_min_work,x_min_local,y_max_work,y_max_local,y_min_work,y_min_local,z_max_work,z_max_local,z_min_work,z_min_local,x_mean_work,x_mean_local,y_mean_work,y_mean_local,z_mean_work,z_mean_local,euclidean_max_work,roll_max,pitch_max,yaw_max
22,1,-7.71601723954518e-05,-6.76503524559424e-05,-3.21253979508515,-2.07360147536507,0.804214758229932,2.81781656421953,-0.730761703673238,-2.91864622552829e-05,2.43707172445244,0.394148624236957,-1.07310017241753,-1.81629031701428,-1.38215462523945,-0.969322880559037,-0.0942216522000755,0.700254042951205,0.304964352225867,-0.759699152964218,3.67476373038357,35.3706641148422,8.55609755323602,31.5187850473808
