hook_num,trajectory_process,x_max_work,x_max_local,x_min_work,x_min_local,y_max_work,y_max_local,y_min_work,y_min_local,z_max_work,z_max_local,z_min_work,z_min_local,x_mean_work,x_mean_local,y_mean_work,y_mean_local,z_mean_work,z_mean_local,euclidean_max_work,roll_max,pitch_max,yaw_max
5,1,3.24835696119408e-08,2.55429292604228,-1.68693776320134,3.94591974784383e-08,2.26904349259172,1.93996755619903,6.47514752927236e-09,-0.744250098528089,-3.72986050933832e-08,-3.39934187561602e-09,-3.252858308486,-2.86878436979444,-0.990481339324716,1.49871693045032,1.54755676421567,0.883282390766757,-1.22633506259646,-1.35924496969809,3.78144690221357,32.5757608963452,10.7604921715124,27.9131733309201
