hook_num,trajectory_process,x_max_work,x_max_local,x_min_work,x_min_local,y_max_work,y_max_local,y_min_work,y_min_local,z_max_work,z_max_local,z_min_work,z_min_local,x_mean_work,x_mean_local,y_mean_work,y_mean_local,z_mean_work,z_mean_local,euclidean_max_work,roll_max,pitch_max,yaw_max
11,1,1.58019280293666,3.3511217825447,-0.0460245426673396,9.43509430034315e-07,1.14370860301085,0.85022909679303,-4.00046246795682e-07,-1.19002609456997,-1.61236494022887e-06,-5.47800078468501e-07,-3.10331376799763,-1.46346464809277,1.20295318511515,2.52852464425967,0.417325239071676,-0.629038690046588,-2.45376048653584,-0.789653805900803,3.48195036959179,16.9320203935295,8.41649592563618,39.4403490850155
