hook_num,trajectory_process,x_max_work,x_max_local,x_min_work,x_min_local,y_max_work,y_max_local,y_min_work,y_min_local,z_max_work,z_max_local,z_min_work,z_min_local,x_mean_work,x_mean_local,y_mean_work,y_mean_local,z_mean_work,z_mean_local,euclidean_max_work,roll_max,pitch_max,yaw_max
20,4,-6.11224340900662e-05,-6.40678227438671e-05,-1.43711675168367,-1.81882993837776,-6.1776692859894e-05,0.24596355116119,-1.1196318587335,-2.31325060532302e-05,0.62410139436588,-5.76217440352702e-05,-2.01928800152018e-05,-0.742155469743413,-1.40499177740064,-1.66328815943315,-1.00514794896596,0.226496388040216,0.499128639328722,-0.64461634175757,1.91889391943258,0.660338041856036,-0.000104244240652918,0.633117562196368
