hook_num,trajectory_process,x_max_work,x_max_local,x_min_work,x_min_local,y_max_work,y_max_local,y_min_work,y_min_local,z_max_work,z_max_local,z_min_work,z_min_local,x_mean_work,x_mean_local,y_mean_work,y_mean_local,z_mean_work,z_mean_local,euclidean_max_work,roll_max,pitch_max,yaw_max
11,4,0.336697672978801,1.24926951819705,5.83249212695591e-05,1.5965468531622e-05,3.28622979204715,3.13211969872299,-5.86564680133961e-05,-9.89363771302877e-05,-5.65867047725988e-05,1.06298298545015e-06,-1.6801019310397,-1.40853382285353,0.218095806099597,1.16186116750073,3.15324338993612,3.04519833590404,-1.28230227181056,-1.00684380070483,3.56631788133673,37.1756945189317,20.4732835994396,41.089114313685
