hook_num,trajectory_process,x_max_work,x_max_local,x_min_work,x_min_local,y_max_work,y_max_local,y_min_work,y_min_local,z_max_work,z_max_local,z_min_work,z_min_local,x_mean_work,x_mean_local,y_mean_work,y_mean_local,z_mean_work,z_mean_local,euclidean_max_work,roll_max,pitch_max,yaw_max
8,4,2.23635697844037,4.80651024636761e-07,5.22209120390471e-09,-2.7180795818269,5.26688381796703e-09,-4.71497382091747e-07,-3.55059120302565,-2.57840078365127,1.05531560847737,2.1680146155281,-9.46922796174476e-07,-6.65869809657146e-07,2.14007425650565,-2.44573930139706,-3.29376111443013,-2.52804695249374,0.833059786622401,1.93603011835522,4.32685583992788,1.61816268473558e-06,10.5845714368631,4.33272880684399e-07
