hook_num,trajectory_process,x_max_work,x_max_local,x_min_work,x_min_local,y_max_work,y_max_local,y_min_work,y_min_local,z_max_work,z_max_local,z_min_work,z_min_local,x_mean_work,x_mean_local,y_mean_work,y_mean_local,z_mean_work,z_mean_local,euclidean_max_work,roll_max,pitch_max,yaw_max
17,4,2.32990705217799,2.87557262923675,-0.0725717194389972,-0.0304908260012043,2.30246295376776,1.60847382766868,1.81236913476823e-05,1.70222464717932e-05,2.26545082786924,2.26376452331099,-6.61556100567395e-07,-6.77060166207043e-07,1.08526252728232,1.4403394795248,1.24019050791476,0.777776688428684,1.88697953193129,1.88889006505321,3.6318036179639,0.249653518304588,0.917646481139133,0.000214827276094454
