hook_num,trajectory_process,x_max_work,x_max_local,x_min_work,x_min_local,y_max_work,y_max_local,y_min_work,y_min_local,z_max_work,z_max_local,z_min_work,z_min_local,x_mean_work,x_mean_local,y_mean_work,y_mean_local,z_mean_work,z_mean_local,euclidean_max_work,roll_max,pitch_max,yaw_max
6,1,2.70774437951411,3.05298353945857,-0.185274301483332,4.91805311418394e-07,2.09098660654615,0.952228897045231,8.90815954335267e-09,-1.66361089710419,-9.57552174440934e-07,-6.69013853858621e-07,-3.38768383514639,-3.23015076439842,1.96761017339821,2.52675985729154,1.67927702766385,-0.946217657523049,-2.25283693094165,-2.1175674753704,4.09405089008035,83.2375063675654,36.0652874835214,29.7633926124143
