hook_num,trajectory_process,x_max_work,x_max_local,x_min_work,x_min_local,y_max_work,y_max_local,y_min_work,y_min_local,z_max_work,z_max_local,z_min_work,z_min_local,x_mean_work,x_mean_local,y_mean_work,y_mean_local,z_mean_work,z_mean_local,euclidean_max_work,roll_max,pitch_max,yaw_max
9,2,3.83858594672358,0.793878077011826,2.50480525210151e-09,-0.523173303421529,1.21292487165192e-09,-4.21761316356115e-09,-2.04357541101666,-3.68575717816116,3.19970225651258,4.83780623102662,-1.45476095631494,-3.62865419967489e-09,3.36843145791613,0.205709416120049,-1.26973772348435,-2.06242861731512,1.19813466120525,3.16886699263313,4.99314235252148,-15.9482624205126,-18.5714177470568,3.45500163094577
