hook_num,trajectory_process,x_max_work,x_max_local,x_min_work,x_min_local,y_max_work,y_max_local,y_min_work,y_min_local,z_max_work,z_max_local,z_min_work,z_min_local,x_mean_work,x_mean_local,y_mean_work,y_mean_local,z_mean_work,z_mean_local,euclidean_max_work,roll_max,pitch_max,yaw_max
4,4,0.222125046684454,1.06163628523108e-06,-0.136249178158948,-2.16726847478344,-2.33826540352311e-08,-1.09188708421877e-06,-2.46752266428723,-1.31594915977625,0.968640805101813,0.798068940680007,-1.9304246734464e-06,-1.20729804621651e-06,0.0421122090479806,-2.08353679396202,-2.37570104808068,-1.2793949088594,0.790021842373996,0.539407936162672,2.57642068955266,1.41581433595566,0.714952538514133,6.77366642776178e-07
