hook_num,trajectory_process,x_max_work,x_max_local,x_min_work,x_min_local,y_max_work,y_max_local,y_min_work,y_min_local,z_max_work,z_max_local,z_min_work,z_min_local,x_mean_work,x_mean_local,y_mean_work,y_mean_local,z_mean_work,z_mean_local,euclidean_max_work,roll_max,pitch_max,yaw_max
3,2,0.377502294986527,0.526627996664109,-2.86413538156631,-1.6978355676663,3.74388554700886,7.35185581072226,-4.54974724561907e-10,-6.69220216446117e-07,6.30697160446209,3.68463193936101,-1.33981609451439e-06,-9.47251707037627e-07,-0.7071497959771,-0.0778262368839156,3.04965723842345,4.68601707355467,4.18621527542045,2.3074395631864,7.87387079475736,4.42090036615338,-2.53837544280674,10.2472392867903
