hook_num,trajectory_process,x_max_work,x_max_local,x_min_work,x_min_local,y_max_work,y_max_local,y_min_work,y_min_local,z_max_work,z_max_local,z_min_work,z_min_local,x_mean_work,x_mean_local,y_mean_work,y_mean_local,z_mean_work,z_mean_local,euclidean_max_work,roll_max,pitch_max,yaw_max
19,1,-1.67999587574741e-08,3.17610874217897e-07,-2.71655703476586,-2.3836336291897,-5.13171016791603e-09,1.70918461447283,-1.00698246851329,-0.189914740421535,1.37563874936995,-4.7714688630522e-07,-1.26857380972518,-2.45513327004188,-1.79447542589889,-1.23077296953324,-0.350771349252259,0.724488056855714,0.15796251592899,-1.15382228747837,3.07636855954057,39.2097659748461,26.8312218431684,32.3461635230956
