hook_num,trajectory_process,x_max_work,x_max_local,x_min_work,x_min_local,y_max_work,y_max_local,y_min_work,y_min_local,z_max_work,z_max_local,z_min_work,z_min_local,x_mean_work,x_mean_local,y_mean_work,y_mean_local,z_mean_work,z_mean_local,euclidean_max_work,roll_max,pitch_max,yaw_max
5,4,0.862551211017518,3.85069737230666e-07,1.86192892215331e-08,-1.08924954167786,1.96436314634855,2.93321372090294,1.53974042405025e-08,-3.62119604092118e-07,3.55822486466673,2.23225320066433,-7.28568124941376e-07,-5.019820320194e-07,0.712238970494168,-0.585340720640535,1.56728153653559,2.8605685937258,3.19277084036018,2.15158341567296,3.81689787556737,1.25978073839406e-06,8.14136100757423e-07,5.27096062796772e-07
