hook_num,trajectory_process,x_max_work,x_max_local,x_min_work,x_min_local,y_max_work,y_max_local,y_min_work,y_min_local,z_max_work,z_max_local,z_min_work,z_min_local,x_mean_work,x_mean_local,y_mean_work,y_mean_local,z_mean_work,z_mean_local,euclidean_max_work,roll_max,pitch_max,yaw_max
6,4,8.05829358796473e-09,1.10071686391511e-08,-1.88297986814916,-1.0989629450891,1.46774359536062,2.37591558728565,1.67437974596396e-09,-8.64440850757597e-09,1.50721984266556,0.840829298409206,-1.159230578196e-08,-2.49752608183164e-09,-1.76427983474418,-0.686114428495817,1.08350437392527,2.19993058608792,1.17497043877356,0.595249926810693,2.52788097813557,23.9742654137244,12.9308899577744,6.42682562667341
