hook_num,trajectory_process,x_max_work,x_max_local,x_min_work,x_min_local,y_max_work,y_max_local,y_min_work,y_min_local,z_max_work,z_max_local,z_min_work,z_min_local,x_mean_work,x_mean_local,y_mean_work,y_mean_local,z_mean_work,z_mean_local,euclidean_max_work,roll_max,pitch_max,yaw_max
18,1,0.314362384672563,0.598662270142569,-4.90642313989144,-1.37024544875147,6.87333550747485,9.6999715147249,-0.0394870223599924,0.300390013289335,4.77294300850588,0.474167448034108,0.244941332112489,-0.197352909686015,-0.248563339507045,0.134762042356273,0.457488892082073,0.679438978621045,0.514072205161647,0.227496218189648,9.70034607570379,6.00800193402777,16.6574088092645,19.8313821151136
