hook_num,trajectory_process,x_max_work,x_max_local,x_min_work,x_min_local,y_max_work,y_max_local,y_min_work,y_min_local,z_max_work,z_max_local,z_min_work,z_min_local,x_mean_work,x_mean_local,y_mean_work,y_mean_local,z_mean_work,z_mean_local,euclidean_max_work,roll_max,pitch_max,yaw_max
22,4,0.676849928766387,1.4063934918584,-2.98918611179033e-05,-0.000103207419834154,1.1227323223959,0.218736770569547,-0.000125715331137144,-7.45061208632495e-05,-1.20906554457179e-06,0.146657978851952,-1.12482297386464,-0.6473989485968,0.433704024727678,1.36033761247425,1.06372314564242,0.145373786946105,-0.782346200582755,-0.245433826715462,1.55026902215535,0.357901586649369,0.0875874561654761,0.0796034966714601
