hook_num,trajectory_process,x_max_work,x_max_local,x_min_work,x_min_local,y_max_work,y_max_local,y_min_work,y_min_local,z_max_work,z_max_local,z_min_work,z_min_local,x_mean_work,x_mean_local,y_mean_work,y_mean_local,z_mean_work,z_mean_local,euclidean_max_work,roll_max,pitch_max,yaw_max
16,1,0.773817659207452,1.73611289995684,-0.531925042859484,-1.92514598197841e-05,1.99200981648983,1.23333578251771,-9.49194858321789e-05,-0.000109191785240225,-5.8038217957801e-05,-6.02340352539584e-05,-5.0000011323292,-5.02962928815927,0.391528136866343,0.789038423891786,0.87482130489142,0.480270724065206,-2.32384596182052,-2.33757211660266,5.4375461563086,36.6347162550106,43.6249016758579,44.2620994294011
