hook_num,trajectory_process,x_max_work,x_max_local,x_min_work,x_min_local,y_max_work,y_max_local,y_min_work,y_min_local,z_max_work,z_max_local,z_min_work,z_min_local,x_mean_work,x_mean_local,y_mean_work,y_mean_local,z_mean_work,z_mean_local,euclidean_max_work,roll_max,pitch_max,yaw_max
14,4,0.679332867900939,-3.03394566495126e-08,-0.180591029814764,-1.76504234456457,-9.26320353755727e-10,1.81961015968317e-08,-2.28717775398701,-1.46023097470585,-9.34140985009435e-07,-9.33473841801422e-07,-0.621609496876033,-0.679665154808509,0.237763070114644,-0.95989228145122,-1.71812413385976,-1.40203461680909,-0.550253322489603,-0.591751723630304,2.3719436858713,4.3742191396474,1.92474617568899,-19.8529668361983
