hook_num,trajectory_process,x_max_work,x_max_local,x_min_work,x_min_local,y_max_work,y_max_local,y_min_work,y_min_local,z_max_work,z_max_local,z_min_work,z_min_local,x_mean_work,x_mean_local,y_mean_work,y_mean_local,z_mean_work,z_mean_local,euclidean_max_work,roll_max,pitch_max,yaw_max
15,1,1.15374477142143,4.790830073513e-07,-2.15280278561659,-2.92161787094882,1.2732925824821e-10,1.87548420407252,-2.46419364226676,-1.9802790664076,2.10687792395765,0.73583071467055,-1.47509719722029,-2.14717613484283,0.0898195640136736,-1.85883532476274,-2.18885575269743,-1.16873394708385,-0.188864544528267,-0.149892245333766,3.47623121051895,51.4744792159581,22.97415490041,20.7911763171964
