hook_num,trajectory_process,x_max_work,x_max_local,x_min_work,x_min_local,y_max_work,y_max_local,y_min_work,y_min_local,z_max_work,z_max_local,z_min_work,z_min_local,x_mean_work,x_mean_local,y_mean_work,y_mean_local,z_mean_work,z_mean_local,euclidean_max_work,roll_max,pitch_max,yaw_max
22,4,0.072577857439228,0.704311349209046,-0.194446349034024,-0.000153716936618006,2.27296272621788,2.49720507106117,-0.000187708312068935,-0.000111632747536514,2.24712849116816,1.49547010412279,-5.32726744495449e-07,-3.09709714513401e-05,-0.059763252724952,0.372061419267263,1.99382036901309,2.43192090669156,2.02730403641914,1.42698634728716,2.95505111934752,0.873361134243545,0.180403085430466,0.0137080826626956
