hook_num,trajectory_process,x_max_work,x_max_local,x_min_work,x_min_local,y_max_work,y_max_local,y_min_work,y_min_local,z_max_work,z_max_local,z_min_work,z_min_local,x_mean_work,x_mean_local,y_mean_work,y_mean_local,z_mean_work,z_mean_local,euclidean_max_work,roll_max,pitch_max,yaw_max
6,4,3.64865765050126e-05,1.73393818908643e-05,-1.97393439556123,-2.48508793119573,-1.55036456135349e-05,-3.93013557872991e-05,-2.36212641576589,-0.468467488754317,-2.01557320451684e-05,1.15167745296045e-05,-0.860467983106105,-2.00404013635449,-1.93316011628698,-2.32302378801635,-2.18144721628972,-0.365438477891283,-0.715215238945368,-1.86472103598729,3.09424686758931,10.0902166612458,5.66291524487085,-2.00658776492446e-05
