hook_num,trajectory_process,x_max_work,x_max_local,x_min_work,x_min_local,y_max_work,y_max_local,y_min_work,y_min_local,z_max_work,z_max_local,z_min_work,z_min_local,x_mean_work,x_mean_local,y_mean_work,y_mean_local,z_mean_work,z_mean_local,euclidean_max_work,roll_max,pitch_max,yaw_max
21,2,0.615178512042689,0.514620318750989,-0.988638342011654,-8.36266645276478e-08,1.40305412416433,1.82810395471578,2.09411155083217e-09,-0.110618375245082,0.187640481820324,0.168019690754513,-1.64213013020623,-1.64537572372999,0.241156876078131,0.328343004992314,0.323797926811009,0.146277318921135,-0.700823245481439,-0.724278274995035,2.27474911371394,-6.56372855092903,-2.11385711024359,16.4497422376533
