hook_num,trajectory_process,x_max_work,x_max_local,x_min_work,x_min_local,y_max_work,y_max_local,y_min_work,y_min_local,z_max_work,z_max_local,z_min_work,z_min_local,x_mean_work,x_mean_local,y_mean_work,y_mean_local,z_mean_work,z_mean_local,euclidean_max_work,roll_max,pitch_max,yaw_max
4,4,2.14209463689136,1.77298474060862,-2.24732730202959e-08,-1.03933675558462,-1.9167373466189e-08,-1.33542622900097e-08,-2.28671193539083,-2.02674840225563,-7.17285388418532e-07,-7.17268748289637e-07,-1.36902451272272,-1.40443450834124,1.20207584713882,0.386752184141101,-1.49582268082364,-1.79214022920111,-1.27904138049229,-1.31532221803155,2.65440615410784,1.12595839475028,0.27801263421802,-7.16655712551528e-09
