hook_num,trajectory_process,x_max_work,x_max_local,x_min_work,x_min_local,y_max_work,y_max_local,y_min_work,y_min_local,z_max_work,z_max_local,z_min_work,z_min_local,x_mean_work,x_mean_local,y_mean_work,y_mean_local,z_mean_work,z_mean_local,euclidean_max_work,roll_max,pitch_max,yaw_max
18,4,-5.49422915128162e-05,-6.86567863201342e-05,-2.34459237590443,-1.80391939689137,-6.66971895952884e-05,1.11918024970798,-0.516962135889401,-2.55309644284913e-05,0.522345759182656,-4.73430544398669e-05,-1.18228067549353e-05,-1.25828166183369,-2.19690083994613,-1.60182515803978,-0.378041266299756,1.08597054995394,0.465076450846306,-1.2001822610014,2.45707312695992,1.83563985774294,-0.000115203200547143,0.345623025296227
