hook_num,trajectory_process,x_max_work,x_max_local,x_min_work,x_min_local,y_max_work,y_max_local,y_min_work,y_min_local,z_max_work,z_max_local,z_min_work,z_min_local,x_mean_work,x_mean_local,y_mean_work,y_mean_local,z_mean_work,z_mean_local,euclidean_max_work,roll_max,pitch_max,yaw_max
17,4,0.841852694784848,1.37039015596295,-2.88527530756255e-06,-6.54729805507237e-05,1.34884996281744,0.373671039241142,-0.000111240323235506,-9.17733101552812e-05,0.271376412970653,0.864358928931998,-0.266677313735158,-2.2944083993984e-05,0.601847545809838,1.19475070304921,1.21173888741693,0.346334286107597,0.0349598821826154,0.533238445178497,1.42556028454364,0.000138938304154124,4.50754697676163,-3.31361364089844e-05
