hook_num,trajectory_process,x_max_work,x_max_local,x_min_work,x_min_local,y_max_work,y_max_local,y_min_work,y_min_local,z_max_work,z_max_local,z_min_work,z_min_local,x_mean_work,x_mean_local,y_mean_work,y_mean_local,z_mean_work,z_mean_local,euclidean_max_work,roll_max,pitch_max,yaw_max
5,4,0.378945741389458,2.43073116036316,2.02974774765607e-08,3.63498071796209e-07,2.43200096830924,1.01650487333888,1.52197117131436e-08,-3.40177234473015e-07,-6.83370103615744e-07,-4.68814384036011e-07,-1.41242277715821,-0.984235906237201,0.187333729712658,2.36120938423152,2.34554798095405,0.992099172558328,-1.27486444695615,-0.776744651164397,2.81255336849076,1.40693062888886e-06,3.39475484167906e-07,1.570496378329
