hook_num,trajectory_process,x_max_work,x_max_local,x_min_work,x_min_local,y_max_work,y_max_local,y_min_work,y_min_local,z_max_work,z_max_local,z_min_work,z_min_local,x_mean_work,x_mean_local,y_mean_work,y_mean_local,z_mean_work,z_mean_local,euclidean_max_work,roll_max,pitch_max,yaw_max
6,2,0.382553030688996,0.323384306323484,-0.991257010261052,-2.66692393478651,2.35032218693169,3.78608036640827,-1.32984258165425,-8.25190583321552e-07,5.15384561848532,4.2983287813489,-1.38206701194576e-06,-6.06469325105375e-07,-0.343491570205378,-0.625014954191842,0.728705824228372,2.21331161211742,3.56168219192671,2.83102238631386,5.34190624602746,1.08807120513578,-3.00912487810466,18.8603605050157
