hook_num,trajectory_process,x_max_work,x_max_local,x_min_work,x_min_local,y_max_work,y_max_local,y_min_work,y_min_local,z_max_work,z_max_local,z_min_work,z_min_local,x_mean_work,x_mean_local,y_mean_work,y_mean_local,z_mean_work,z_mean_local,euclidean_max_work,roll_max,pitch_max,yaw_max
3,4,2.08717131044978e-06,2.31170307862688e-06,-1.94785094585893,-2.71863694669243,1.13476369278942e-06,5.52999293644062e-07,-2.29517044498465,-0.672593363006543,-3.06974129671289e-06,-3.06879536689536e-06,-1.50734335284574,-1.78686028092525,-1.56623948889162,-2.07228113034843,-1.83367184862865,-0.565063602671751,-1.33946928056282,-1.72500246126541,3.24967821793547,-1.82938324773396e-07,1.8670120602339e-06,-3.12812295177878e-07
