hook_num,trajectory_process,x_max_work,x_max_local,x_min_work,x_min_local,y_max_work,y_max_local,y_min_work,y_min_local,z_max_work,z_max_local,z_min_work,z_min_local,x_mean_work,x_mean_local,y_mean_work,y_mean_local,z_mean_work,z_mean_local,euclidean_max_work,roll_max,pitch_max,yaw_max
23,4,-5.79802872380242e-11,9.96688429497931e-09,-1.55105974410412,-1.50279265696271,1.75771040969687,3.03732865675439,2.91151991405059e-10,-9.51650725731629e-09,2.61377568689841,1.09297070653751,-1.95412894754554e-08,-1.38581179325078e-08,-1.27523777848426,-1.01153703834249,1.26587336730679,2.789222282302,2.53608682728005,0.925969073229966,3.27619408269575,0.889132440193528,0.200065227856378,0.354623090366751
