hook_num,trajectory_process,x_max_work,x_max_local,x_min_work,x_min_local,y_max_work,y_max_local,y_min_work,y_min_local,z_max_work,z_max_local,z_min_work,z_min_local,x_mean_work,x_mean_local,y_mean_work,y_mean_local,z_mean_work,z_mean_local,euclidean_max_work,roll_max,pitch_max,yaw_max
3,2,1.14891075152383,8.50958967549237e-07,-0.729530375789125,-2.56324223586273,1.26682834888925e-07,0.0983542431806133,-2.94019895749261,-2.87458915316985,1.63912481364287,0.810884594263196,-0.949931350403801,-0.308722045852797,0.574729812689952,-1.40909366944525,-2.56066965372459,-2.21620231018308,-0.211969781117082,0.200174265586969,3.18205545647256,-7.04155955730912,-4.30349112172873,-6.33602666026924
