hook_num,trajectory_process,x_max_work,x_max_local,x_min_work,x_min_local,y_max_work,y_max_local,y_min_work,y_min_local,z_max_work,z_max_local,z_min_work,z_min_local,x_mean_work,x_mean_local,y_mean_work,y_mean_local,z_mean_work,z_mean_local,euclidean_max_work,roll_max,pitch_max,yaw_max
19,4,-1.49489324030583e-07,6.28777018629452e-08,-0.246643341474964,-1.01767170202828,1.1267112889725,1.79475813057049,5.09983237861888e-08,1.03205500659173e-08,2.49183167205956,1.62493205585248,-2.01925217879761e-07,-2.48317461123221e-07,-0.163996880201235,-0.608613079104705,0.801231877272032,1.70887961260067,2.17556718421304,1.45254476423232,2.55485475082603,1.33568958828975,0.0027143386315629,0.530543178737851
