hook_num,trajectory_process,x_max_work,x_max_local,x_min_work,x_min_local,y_max_work,y_max_local,y_min_work,y_min_local,z_max_work,z_max_local,z_min_work,z_min_local,x_mean_work,x_mean_local,y_mean_work,y_mean_local,z_mean_work,z_mean_local,euclidean_max_work,roll_max,pitch_max,yaw_max
3,4,1.84938357961073e-08,4.92438868032351e-07,-0.875555011389963,-1.83869527833964,1.20453478302807e-08,-4.73723633752912e-07,-2.83323994859768,-2.12110737964956,-9.47664489103772e-07,-6.56996937854412e-07,-1.75394632442567,-1.92798197358208,-0.807861872634254,-1.52319510839667,-2.51189074734011,-1.98151551100444,-1.39452313598507,-1.63133247337744,3.14055525687985,1.99162667055737,0.829528648146692,-9.9396046948641e-09
