hook_num,trajectory_process,x_max_work,x_max_local,x_min_work,x_min_local,y_max_work,y_max_local,y_min_work,y_min_local,z_max_work,z_max_local,z_min_work,z_min_local,x_mean_work,x_mean_local,y_mean_work,y_mean_local,z_mean_work,z_mean_local,euclidean_max_work,roll_max,pitch_max,yaw_max
13,1,0.854933439168235,2.16244688872302,4.95959284307901e-07,2.79754156958308e-07,0.936822506690021,-1.40418719093893e-06,-7.362242513409e-07,-1.65333681236403,-9.01831072042114e-07,0.362954671983523,-3.23332332216501,-2.01635907917147,0.526600646674076,1.3879860935186,0.556154905195761,-0.68341820291558,-1.43249439798171,-0.49023859843365,3.27157675044062,33.528951925454,8.73686789216713,23.9601829923843
