hook_num,trajectory_process,x_max_work,x_max_local,x_min_work,x_min_local,y_max_work,y_max_local,y_min_work,y_min_local,z_max_work,z_max_local,z_min_work,z_min_local,x_mean_work,x_mean_local,y_mean_work,y_mean_local,z_mean_work,z_mean_local,euclidean_max_work,roll_max,pitch_max,yaw_max
2,1,1.32591727167016,1.78118289194443,3.36524408339756e-09,-2.77731132698236e-07,1.17263519839923,-8.43378558824977e-08,-7.42706220080436e-07,-1.05884447359788,0.507286346906255,0.658496887854215,-1.87211539616408,-1.67523614805607,1.05677721453233,1.27646696605123,0.775361822554877,-0.495476943049455,-0.552932788238655,-0.385197697670164,2.2847604174689,27.7149952897416,35.6329200722567,27.3874886343702
