hook_num,trajectory_process,x_max_work,x_max_local,x_min_work,x_min_local,y_max_work,y_max_local,y_min_work,y_min_local,z_max_work,z_max_local,z_min_work,z_min_local,x_mean_work,x_mean_local,y_mean_work,y_mean_local,z_mean_work,z_mean_local,euclidean_max_work,roll_max,pitch_max,yaw_max
2,1,1.04938824531808,1.60309264942534,1.47915045545233e-07,-1.97680086345235e-07,1.99200982942023,1.22612317532896,-4.50387801720353e-07,-0.226457567512647,-6.60596697343863e-08,-7.73355712829708e-08,-5.00000078026562,-5.04912074990804,0.652967715142949,0.88314755134914,0.668247343719233,0.104461246037802,-0.744443695274782,-0.797733032067437,5.43754580954242,38.2934814648772,45.2734799134928,47.9098130383908
