hook_num,trajectory_process,x_max_work,x_max_local,x_min_work,x_min_local,y_max_work,y_max_local,y_min_work,y_min_local,z_max_work,z_max_local,z_min_work,z_min_local,x_mean_work,x_mean_local,y_mean_work,y_mean_local,z_mean_work,z_mean_local,euclidean_max_work,roll_max,pitch_max,yaw_max
6,1,3.9402609092059,3.71053851022209,-1.91739442978508,-1.29127791431649,2.58820159443417,1.46321814169237,-2.48812233214949,-4.39849085370382,3.15227795124719,3.04551824504785,-5.00000096594579,-4.83904419334202,2.59266403212683,-0.0157107370337837,-1.62723145854221,-3.10891603426757,0.304444968045806,0.160689919975447,6.12500588222677,33.0108568753161,41.2683204265496,27.2513370749237
