hook_num,trajectory_process,x_max_work,x_max_local,x_min_work,x_min_local,y_max_work,y_max_local,y_min_work,y_min_local,z_max_work,z_max_local,z_min_work,z_min_local,x_mean_work,x_mean_local,y_mean_work,y_mean_local,z_mean_work,z_mean_local,euclidean_max_work,roll_max,pitch_max,yaw_max
22,4,1.12454071731418,1.45209273524722,-6.97104951541405e-09,3.96871109479135e-07,2.83031075579402,2.25041221543388,3.61842467100359e-09,-3.90392734669834e-07,2.00527619637637,2.06096290514309,-7.94219999988854e-07,-5.66510310663937e-07,0.772870905160149,0.861124663750073,2.39553681649648,2.11565913820829,1.70160612966981,2.00329841034285,3.37942251686699,15.5410390326337,-2.61549608637779e-07,14.2220774159218
