hook_num,trajectory_process,x_max_work,x_max_local,x_min_work,x_min_local,y_max_work,y_max_local,y_min_work,y_min_local,z_max_work,z_max_local,z_min_work,z_min_local,x_mean_work,x_mean_local,y_mean_work,y_mean_local,z_mean_work,z_mean_local,euclidean_max_work,roll_max,pitch_max,yaw_max
5,4,0.995626072526761,9.66986376940143e-07,3.872869172028e-07,-1.53997777608318,1.89973775377439e-07,-6.9676731351814e-07,-3.27895060597416,-3.05283819908485,-1.27644500480528e-06,0.605108693407725,-1.37971290707264,-0.374620027447208,0.607671953662111,-1.1701913986304,-2.97517745775158,-2.95754057315504,-0.951695689093064,0.1128263065031,3.47239242474973,2.48646418299359e-06,7.4961844731547e-07,8.38305325601141e-07
