hook_num,trajectory_process,x_max_work,x_max_local,x_min_work,x_min_local,y_max_work,y_max_local,y_min_work,y_min_local,z_max_work,z_max_local,z_min_work,z_min_local,x_mean_work,x_mean_local,y_mean_work,y_mean_local,z_mean_work,z_mean_local,euclidean_max_work,roll_max,pitch_max,yaw_max
20,4,-2.23907136387425e-07,-6.02857039977754e-07,-1.82250598138978,-0.473296145236723,2.08992854444057,2.27862262769218,-1.67733560374472e-09,5.2393191009838e-07,8.01769878487528,8.1660149182165,-1.79186099558137e-06,-1.61955604706837e-06,-1.77756425503559,-0.308547688024232,1.83577511453337,2.10110978618344,6.78669733905607,6.93410915405589,8.47938867275999,12.9067886678079,14.2349411712044,13.5255134100204
