hook_num,trajectory_process,x_max_work,x_max_local,x_min_work,x_min_local,y_max_work,y_max_local,y_min_work,y_min_local,z_max_work,z_max_local,z_min_work,z_min_local,x_mean_work,x_mean_local,y_mean_work,y_mean_local,z_mean_work,z_mean_local,euclidean_max_work,roll_max,pitch_max,yaw_max
1,3,1.00824975081603,-1.361979433679e-09,-2.3637549421623,-2.30821953931748,5.29178123542806e-09,0.816096713975183,-2.33058482333439,-1.22058058289731,0.887453948145435,0.725344033304766,-3.43129754268648,-3.46320173548733,0.0295725043318548,-0.85422086929316,-0.875031902080744,-0.533778461489948,-0.986465331222703,-1.0316012089184,4.24118586587885,14.2251817971933,13.9583719004963,22.3844808787617
