hook_num,trajectory_process,x_max_work,x_max_local,x_min_work,x_min_local,y_max_work,y_max_local,y_min_work,y_min_local,z_max_work,z_max_local,z_min_work,z_min_local,x_mean_work,x_mean_local,y_mean_work,y_mean_local,z_mean_work,z_mean_local,euclidean_max_work,roll_max,pitch_max,yaw_max
9,1,2.71809577856271,1.22039153404574,-0.269656042180259,-0.458269107287274,1.53133052557155,2.85453602651104,-0.313282766212865,-1.71194201271713,3.67997542085118,2.75708544596591,-1.15444685222587,-0.763748612802011,1.80989047206957,0.899398219870024,0.190940555768471,-0.711805216844833,0.507163385311972,1.50699935639454,3.99498518867096,61.9022016208818,18.4076386143993,35.8358490818347
