hook_num,trajectory_process,x_max_work,x_max_local,x_min_work,x_min_local,y_max_work,y_max_local,y_min_work,y_min_local,z_max_work,z_max_local,z_min_work,z_min_local,x_mean_work,x_mean_local,y_mean_work,y_mean_local,z_mean_work,z_mean_local,euclidean_max_work,roll_max,pitch_max,yaw_max
21,1,2.15102493742927,0.860539012488088,-0.403779800272559,-0.519628164133071,-0.000106861510289491,-2.54598505029962e-05,-2.31334077645221,-3.90880762636368,-3.45072747904851e-05,0.621615788971652,-2.71180605961536,-1.97414227569758,1.27112085591665,0.423906241812735,-1.78036616717842,-2.88027747228432,-2.00440720729441,-0.568529671391617,4.03384079871833,61.0946819779604,10.6317466683202,37.7421598653274
