hook_num,trajectory_process,x_max_work,x_max_local,x_min_work,x_min_local,y_max_work,y_max_local,y_min_work,y_min_local,z_max_work,z_max_local,z_min_work,z_min_local,x_mean_work,x_mean_local,y_mean_work,y_mean_local,z_mean_work,z_mean_local,euclidean_max_work,roll_max,pitch_max,yaw_max
11,3,2.17870063809505,2.34670413671791,3.98841848436859e-09,1.7953117894907e-07,0.502621121509947,-8.63588697016965e-08,-6.37456992080843e-07,-0.507392978631697,0.311608473429999,0.445020503248573,-1.09783472102305,-0.65743017747297,1.32671297585898,1.37004318344401,0.317456210749672,-0.271350252615867,-0.301658960712707,-0.0420441119562123,2.489313635986,12.9292988071825,12.8407276715857,13.4428668574885
