hook_num,trajectory_process,x_max_work,x_max_local,x_min_work,x_min_local,y_max_work,y_max_local,y_min_work,y_min_local,z_max_work,z_max_local,z_min_work,z_min_local,x_mean_work,x_mean_local,y_mean_work,y_mean_local,z_mean_work,z_mean_local,euclidean_max_work,roll_max,pitch_max,yaw_max
3,4,-8.76616468303837e-09,0.37125370258392,-1.85289683628713,-0.139276443581313,1.38048284416357,1.57046565165475,-1.84877535502892e-09,4.85212280494734e-09,3.54214080289239e-09,-3.69548226636325e-09,-0.336369433670825,-1.46286530689601,-1.64851888726136,0.109100960861355,1.16500885275005,1.51838099565177,-0.27828503355939,-1.35408452638574,2.12017208651239,0.93832119542612,0.134118606611306,1.25071821473931
