hook_num,trajectory_process,x_max_work,x_max_local,x_min_work,x_min_local,y_max_work,y_max_local,y_min_work,y_min_local,z_max_work,z_max_local,z_min_work,z_min_local,x_mean_work,x_mean_local,y_mean_work,y_mean_local,z_mean_work,z_mean_local,euclidean_max_work,roll_max,pitch_max,yaw_max
4,1,-1.94117433238716e-09,6.92571392770109e-07,-3.99476757249852,-4.95148192638701,-2.34592789638555e-09,0.584065160516746,-4.55954898675662,-3.1551223675137,2.20720450968429,1.59729821768298,-1.64926862232193,-2.70036700552123,-1.26477336678272,-3.28047119443625,-3.42351362471496,-1.50854172977564,0.317350590466895,-0.617733503896368,5.67694467643491,53.9533793199303,15.4792161847617,35.2372986464797
