hook_num,trajectory_process,x_max_work,x_max_local,x_min_work,x_min_local,y_max_work,y_max_local,y_min_work,y_min_local,z_max_work,z_max_local,z_min_work,z_min_local,x_mean_work,x_mean_local,y_mean_work,y_mean_local,z_mean_work,z_mean_local,euclidean_max_work,roll_max,pitch_max,yaw_max
17,1,1.93171565660953,2.86867999086597,-2.88527530756255e-06,-6.54729805507237e-05,1.59180789454416,0.161033736628401,-0.000111240323235506,-2.02576448832678,0.0342251837613503,0.737794959017503,-2.80997445981149,-0.910321152102069,1.44267113617923,2.4817552107602,1.27559474486524,-1.59719943499934,-2.24446354165258,-0.161027513572329,3.31376574978139,20.6780787002508,15.1655998520344,16.5356479511779
