hook_num,trajectory_process,x_max_work,x_max_local,x_min_work,x_min_local,y_max_work,y_max_local,y_min_work,y_min_local,z_max_work,z_max_local,z_min_work,z_min_local,x_mean_work,x_mean_local,y_mean_work,y_mean_local,z_mean_work,z_mean_local,euclidean_max_work,roll_max,pitch_max,yaw_max
5,4,0.00398917887363837,9.19749242703771e-07,-0.17379364951293,-2.54853622646375,-2.09190602618037e-08,1.69607772972551,-1.06932547279513,-9.54155895688557e-07,3.33718967069899,1.70545923893469,-1.90799437405076e-06,-1.37320462045813e-06,-0.0832695006808427,-2.40450988784393,-0.96139572296113,1.66015434269947,3.14771317931675,1.51680724470348,3.50432700793414,1.64132036601927e-05,6.60067813065268e-05,5.77149812244215e-05
