hook_num,trajectory_process,x_max_work,x_max_local,x_min_work,x_min_local,y_max_work,y_max_local,y_min_work,y_min_local,z_max_work,z_max_local,z_min_work,z_min_local,x_mean_work,x_mean_local,y_mean_work,y_mean_local,z_mean_work,z_mean_local,euclidean_max_work,roll_max,pitch_max,yaw_max
3,2,0.308501937017894,4.92438868032351e-07,-1.23950596859936,-2.58794168800156,1.20453478302807e-08,-4.73723633752912e-07,-3.45083041231516,-3.13980938254024,0.461303756343227,-6.56996937854412e-07,-2.08255924794059,-2.17535202586836,-0.1179497789378,-1.57322899683599,-2.92585876204061,-2.54239125981881,-1.21436362019552,-1.05291064891331,3.82475180549943,9.62377856763872,1.72683425150783,5.93861222925666
