hook_num,trajectory_process,x_max_work,x_max_local,x_min_work,x_min_local,y_max_work,y_max_local,y_min_work,y_min_local,z_max_work,z_max_local,z_min_work,z_min_local,x_mean_work,x_mean_local,y_mean_work,y_mean_local,z_mean_work,z_mean_local,euclidean_max_work,roll_max,pitch_max,yaw_max
14,4,2.54056613718467,1.88103648023308,-1.2610983048944e-06,-1.01343767173632e-05,-2.35283742995307e-05,-2.3111411257531e-05,-2.45260952349389,-4.31343074446858,-1.42404381904271e-05,-1.10055406139197e-05,-3.7923842298859,-1.97387002689459,2.44025154494746,1.70321663933839,-2.30018710371379,-4.18933778437369,-3.49038093571328,-1.72539628914687,5.03219475291067,15.03696932573,7.22099510912637,14.5379109484571
