hook_num,trajectory_process,x_max_work,x_max_local,x_min_work,x_min_local,y_max_work,y_max_local,y_min_work,y_min_local,z_max_work,z_max_local,z_min_work,z_min_local,x_mean_work,x_mean_local,y_mean_work,y_mean_local,z_mean_work,z_mean_local,euclidean_max_work,roll_max,pitch_max,yaw_max
17,4,1.72658457719433,1.75522100218165,7.19940089766169e-07,1.17612918763065e-06,2.52237327913463e-07,-8.18509095785652e-07,-1.53113109040612,-3.07039914748122,-1.27467126276315e-06,-3.91774456389222e-07,-3.69478517076288,-2.16588110458326,1.40417082727513,1.35191095378384,-1.21474948443506,-2.87229417821888,-2.99567068428098,-1.53276089273053,4.00892538318795,8.14489064753204,5.74661960683898e-07,3.99744379819822e-07
