hook_num,trajectory_process,x_max_work,x_max_local,x_min_work,x_min_local,y_max_work,y_max_local,y_min_work,y_min_local,z_max_work,z_max_local,z_min_work,z_min_local,x_mean_work,x_mean_local,y_mean_work,y_mean_local,z_mean_work,z_mean_local,euclidean_max_work,roll_max,pitch_max,yaw_max
11,2,5.41068663555427,1.62316533553965,2.07539869734319e-08,-0.268382864843199,0.452112746304579,-3.43769930421934e-08,-2.0795955872407,-5.100648258202,1.76535451278949,1.8002417691931,-2.79012182805263,-2.88238744926301,3.89160248310499,0.849439471136081,-0.925444081219685,-3.84247422310799,-1.05591755028513,-1.37194773655042,5.5776083101699,10.1191284847776,0.377594165622784,20.1944803983408
