x,y,z,roll,pitch,yaw
705.4635658992624,-507.8601139639187,336.27635375660566,35.20919652885487,30.06810258394858,54.79858147647634
699.05897388309,-502.6739332699651,341.9406922807449,35.20919652885487,30.06810258394858,54.79858147647634
695.8566778750038,-500.0808429229884,344.7728615428143,35.20919652885487,30.06810258394858,54.79858147647634
