x,y,z,roll,pitch,yaw
853.3629124924004,-509.4841529147324,356.1346750605885,-0.00021858603469911904,0.00018860931041756653,45.09410465824103
845.4728273993246,-503.34417794834457,355.91727074564426,-0.00021858603469911904,0.00018860931041756653,45.09410465824103
841.5277848527867,-500.27419046515087,355.8085685881721,-0.00021858603469911904,0.00018860931041756653,45.09410465824103
