x,y,z,roll,pitch,yaw
390.0808772003509,980.2381874167644,747.4440719552496,-88.67808726160978,45.52050403280165,0.903060253969482
382.14406838863266,980.1157966708429,741.3610147887101,-88.67808726160978,45.52050403280165,0.903060253969482
378.17566398277353,980.0546012978821,738.3194862054405,-88.67808726160978,45.52050403280165,0.903060253969482
