x,y,z,roll,pitch,yaw
360.7014668839756,918.7571836153638,738.4835890330178,-90.06901746942987,45.95286101531392,-45.262379859521126
352.7226394291017,923.4536539763394,734.8404501241682,-90.06901746942987,45.95286101531392,-45.262379859521126
348.73322570166476,925.8018891568273,733.0188806697433,-90.06901746942987,45.95286101531392,-45.262379859521126
