x,y,z,roll,pitch,yaw
201.76362997872297,917.4022552984438,743.6509909520571,-61.573040157581445,24.46720405661019,-16.30857428659782
195.44662308780244,923.1620100236582,738.3613483068592,-116.56892963385789,22.289041164656016,36.51521320167541
194.85197085735945,922.2326701568513,737.4609336787288,-62.17075667696407,24.092829701920625,-32.48103699297553
194.12342835233176,923.274875645777,736.5422327573451,-62.367199613985186,24.01222630065887,-32.186054046717004
193.3885002997182,924.3135546408668,735.6162529785763,-58.90413677348294,25.494327441131844,-30.853247678743628
192.65131584898677,925.3656345487059,734.8316490530951,-60.817816405246916,24.694497206072576,-31.387486332822785
191.9071756779856,926.4158341601214,733.9660459190488,-60.884831809587226,24.666881122195434,-31.32111067412651
191.15764668765223,927.4704421156935,733.0935347201595,-74.05172094316244,20.238988014449472,21.02073912714682
190.26758795635055,927.5363104005493,732.2841783213224,-37.178725991198405,30.39589468928563,-9.09123741009675
189.08066455313246,928.6762423782559,732.2386968618121,-41.40306739119086,30.147564333900654,-13.886592793581283
188.02937104447403,929.7932071877393,732.0386575893957,180.0,0.0,0.0
