x,y,z,roll,pitch,yaw
225.98967112949336,-503.69477162525516,338.72138028570714,35.2055860749739,30.072508653835104,54.803223031604496
220.98967112949336,-496.6237038133896,343.72138028570726,35.2055860749739,30.072508653835104,54.803223031604496
219.56143429800295,-493.8682699800545,347.64154915238703,35.2055860749739,30.072508653835104,54.803223031604496
