hook_num,trajectory_process,x_max_work,x_max_local,x_min_work,x_min_local,y_max_work,y_max_local,y_min_work,y_min_local,z_max_work,z_max_local,z_min_work,z_min_local,x_mean_work,x_mean_local,y_mean_work,y_mean_local,z_mean_work,z_mean_local,euclidean_max_work,roll_max,pitch_max,yaw_max
8,4,1.19945298138191e-09,1.28927923907752e-09,-2.60704322458491,-0.267509460032083,5.1551133185551,5.73567885500274,4.77712092106231e-10,-7.7263973760316e-11,2.59533225439009,2.62891326509104,-1.10007704279269e-07,-1.10007698305231e-07,-2.51387380668275,-0.185143692550235,4.96346450543274,5.55374748490041,1.79014597118821,1.80948293308696,6.18046618934797,0.335020737416779,0.170003791432062,0.31853926558701
