x,y,z,roll,pitch,yaw
-292.9215822438165,902.6626831570197,897.8997610782401,-89.49877125423183,45.202309374124724,46.01883643718194
-296.53803608561776,900.5985643490162,893.5107444928092,-89.87445193724757,45.25951529827914,45.99751910434724
-302.9887124994651,892.9135956180685,887.9849589501846,-90.33738661747057,45.09551784215621,46.17089363694606
