x,y,z,roll,pitch,yaw
-292.92157319767466,902.662694279386,897.899754990425,-89.49885793841122,45.20251490347251,46.01877680504076
-300.2574655525156,897.3931401835677,893.6292091378137,-89.49885793841122,45.20251490347251,46.01877680504076
-303.925411729936,894.7583631356584,891.4939362115081,-89.49885793841122,45.20251490347251,46.01877680504076
