x,y,z,roll,pitch,yaw
740.5390723020671,-506.353954114859,339.99031034648124,35.24223547037794,30.027302303818093,54.82363181534662
732.7224102978535,-501.8506515819106,345.8773940828909,33.851993421193185,29.925356770674,54.1596211436869
726.5227250572697,-495.18098966934804,351.1733568516887,32.675232630332275,29.98522816157437,53.77953604756164
