x,y,z,roll,pitch,yaw
-798.2748649969715,395.7586137535717,898.0495015717045,-89.49885793841122,45.20251490347251,46.01877680504076
-803.4990073126113,388.9753530204822,892.8720940874821,-89.49885793841122,45.20251490347251,46.01877680504076
-806.1110784704312,385.58372265393746,890.2833903453709,-89.49885793841122,45.20251490347251,46.01877680504076
