x,y,z,roll,pitch,yaw
927.4616750708608,-510.97255566744235,356.1641387807108,6.215334798640674,9.467523567910199,33.79789500673446
923.7313561587209,-505.0680751789907,356.37353827854884,-1.4602988188699557,-4.131145409049098,19.1690790937734
923.2401951384564,-503.66317459206954,356.3359078371137,51.161506061531576,37.59156184578666,64.05998833914308
922.5410241906882,-502.27697751717557,357.5568678809901,52.32932772930439,36.1900025304813,65.70838607379184
921.8372309521081,-500.9621664131403,358.79815666315176,-0.048233582681809065,-0.08203092841075,30.30969135946234
921.0159259780685,-499.54573177985793,358.796792609499,-0.24650173753976887,-0.5010476816687685,26.42115386383216
920.3587244242412,-498.21106816096693,358.79038742694195,0.29759428558706014,0.5175910752608389,30.264739604022886
919.5379866410346,-496.792918889566,358.79894000031106,51.51538206814839,37.63194509562262,64.32486312526176
918.820156689123,-495.3629109824387,360.0662767252378,-45.774638952009276,-30.14176292841599,63.726240832232016
917.8982803244828,-494.1208632963864,358.8472475896017,-33.92089041770362,-8.007731292677219,78.08809827549386
916.3362233214342,-493.64029736934293,357.7639078488553,-90.658479015042,0.1322888197086393,-0.24372007297330572
