x,y,z,roll,pitch,yaw
858.0512369789583,-509.14962896674297,334.6015595799158,-90.24671259407532,46.6979821812798,45.66435908805525
852.3732213311324,-503.8081648591518,340.8831851930209,-90.24671259407532,46.6979821812798,45.66435908805525
849.5342135072194,-501.13743280535607,344.0239979995735,-90.24671259407532,46.6979821812798,45.66435908805525
