x,y,z,roll,pitch,yaw
183.47814320510594,-501.39251399227135,335.13070972561013,-90.24671259407532,46.6979821812798,45.66435908805525
177.0395870730378,-496.317565992805,340.87773932069706,-90.24671259407532,46.6979821812798,45.66435908805525
173.8203090070038,-493.78009199307166,343.7512541182405,-90.24671259407532,46.6979821812798,45.66435908805525
