x,y,z,roll,pitch,yaw
163.7692919719736,-497.12785624721437,361.38754100976564,0.02066520295651213,-0.005526850607842395,14.939318058306746
162.47519674646108,-492.298227115769,361.38754100976564,0.02066520295651213,-0.005526850607842395,14.939318058306746
159.33274339113962,-488.4384434057963,361.86404559721325,0.02066520295651213,-0.005526850607842395,14.939318058306746
