x,y,z,roll,pitch,yaw
-751.0106184276927,509.6928489528306,895.0873698233265,-89.74284540260595,15.374230662508227,40.585657221114886
-753.5633210857046,509.75621130211556,891.4312079733335,-91.14532086675672,22.043048990635754,41.460154870432
-758.4079256545574,505.82735420046856,882.9747967133862,-91.64379214698819,21.780361921288993,41.582932693785956
