x,y,z,roll,pitch,yaw
163.7692920309735,-497.1278565983514,361.38754293569946,0.020664581991388802,-0.005526755777887068,14.939317896041535
161.89595442322454,-493.45042350589813,363.08115819410386,-1.7057406149105874,-0.7899108640500587,21.612851462474175
155.72480010996367,-484.9463229693455,363.21377381275033,-2.24629469528433,-0.9064259981093609,21.351032573448606
