x,y,z,roll,pitch,yaw
-464.60886525683327,923.2766881602174,745.2238466501735,-90.3401918808418,45.98344109963816,-45.68184162114349
-471.34711146841414,927.5288794722128,739.2739771241776,-90.3401918808418,45.98344109963816,-45.68184162114349
-474.7162345742046,929.6549751282105,736.2990423611795,-90.3401918808418,45.98344109963816,-45.68184162114349
