x,y,z,roll,pitch,yaw
420.37492600829773,-495.8745437603894,357.4921381954168,-0.0006517247919940315,0.0003047507204619793,25.20266010291026
416.2298190817634,-490.31958743930414,358.472214130451,-0.0006517247919940315,0.0003047507204619793,25.20266010291026
413.26902841995326,-486.35176149567184,359.17226836976124,-0.0006517247919940315,0.0003047507204619793,25.20266010291026
