x,y,z,roll,pitch,yaw
-565.0193540204259,665.1004542614178,899.5471609064712,-89.71755384230332,25.243199158056377,41.648775524094575
-568.2488757345313,662.2701991004325,890.5161099027212,-89.71755384230332,25.243199158056377,41.648775524094575
-571.1265445873481,659.0566360614024,887.9824435919116,-89.71755384230332,25.243199158056377,41.648775524094575
