x,y,z,roll,pitch,yaw
-565.019354982288,665.1004553566527,899.5471609517016,-89.64667861782283,42.30895342222522,45.07626808825406
-568.145538668118,662.148083986166,890.5137623471242,-89.64687874438722,42.308958342660326,45.076169680679996
-577.200306583748,656.6834390065072,884.8172385487488,-90.1232654289982,42.29427178957812,45.358132796987924
