x,y,z,roll,pitch,yaw
-189.46408297132086,982.099483427905,735.1749561585468,-89.32229086501606,25.64576392071867,0.4259994173743051
-193.76508356969742,983.1601127869135,729.7607042331379,-89.32229086501606,25.64576392071867,0.4259994173743051
-196.8372268542521,983.9177051862052,725.8933814292743,-89.32229086501606,25.64576392071867,0.4259994173743051
