x,y,z,roll,pitch,yaw
520.73115147044,-487.3972676707215,359.73032996506447,26.14886156890356,18.134492601609594,57.93211318432809
513.9253292934017,-481.388932990081,364.2289598156116,-31.612272498214605,-33.70336754852051,47.64724734033537
512.9143088464408,-479.5652410773407,363.2218772272836,63.36134517482325,36.82605513572124,73.51906126180175
512.0851584765778,-477.63765512348255,365.37812893839657,2.2057700405444334,3.3928113501356885,33.42768627470378
510.909754464256,-475.83082754591715,365.4612702689233,3.266753948248598,4.178356604723501,38.43795931566358
509.56677014190194,-474.1087564909193,365.5859009947194,31.217006590687696,24.60196929389564,55.815459271424956
508.0453359881827,-472.3862260237597,366.8161877354215,32.665981890501456,19.342200758625612,62.97058811841135
506.3437509311625,-470.99762391132776,368.11756037416194,33.619383819131585,12.983648006770006,71.60232294685358
504.45984458667607,-470.0339475561344,369.47438960162594,50.17046173191657,4.895524188845382,86.15541305699813
502.36041753271155,-469.66843682441436,372.0071156695726,8.68979379847545,0.6848842492248501,85.7893261834745
500.134627563966,-469.4911305815506,372.3483629627268,-90.6083622832676,-0.08223353053437796,-0.16667081476494286
