x,y,z,roll,pitch,yaw
-500.06841620632804,736.3004075893379,884.0521530361707,-89.71774269354242,15.243418048828724,41.60240654362111
-502.0802385205468,734.5589357528272,874.4126565231506,-89.71774269354242,15.243418048828724,41.60240654362111
-505.1700028671491,731.8036505606999,871.608659978926,-89.71774269354242,15.243418048828724,41.60240654362111
