x,y,z,roll,pitch,yaw
526.7492073292117,-487.7487199283588,364.83909328313564,0.047316887388068676,-0.012558454277276154,14.862077098663308
519.2946613172003,-480.5653912968951,366.2198385783639,-0.49157779639630567,-0.2397608043899782,14.72711864861589
513.918498468466,-470.7081020351417,365.725383576484,-3.5696878882971155,-0.5486888107252782,30.83732735230828
505.12287547334523,-464.54723002029175,366.9597328496594,-12.378578373118778,2.6072919669956844,81.21342880422972
