x,y,z,roll,pitch,yaw
56.912353969769754,987.6420039002651,725.364947567165,-89.40491077686839,15.67518827531166,0.07883013143414164
50.03862328458405,991.8764988458926,719.5078540588607,-89.40491077686839,15.67518827531166,0.07883013143414164
46.60175794199114,993.9937463187064,716.5793073047087,-89.40491077686839,15.67518827531166,0.07883013143414164
