hook_num,trajectory_process,x_max_work,x_max_local,x_min_work,x_min_local,y_max_work,y_max_local,y_min_work,y_min_local,z_max_work,z_max_local,z_min_work,z_min_local,x_mean_work,x_mean_local,y_mean_work,y_mean_local,z_mean_work,z_mean_local,euclidean_max_work,roll_max,pitch_max,yaw_max
14,4,-0.0730253421425147,0.297075004012585,-0.443418021785774,-0.0947803545299888,-0.239714132407016,0.326750163678401,-0.802664796041995,-0.0748084187879534,-0.102232322988016,-0.243894772207757,-0.437845088487393,-0.881256114178705,-0.247434324668553,0.103802848237493,-0.298621954080862,0.256881030164021,-0.269972880275589,-0.380495162216812,0.930640932931308,0.537796326955288,11.0564653100096,-1.26602823513622e-06
