hook_num,trajectory_process,x_max_work,x_max_local,x_min_work,x_min_local,y_max_work,y_max_local,y_min_work,y_min_local,z_max_work,z_max_local,z_min_work,z_min_local,x_mean_work,x_mean_local,y_mean_work,y_mean_local,z_mean_work,z_mean_local,euclidean_max_work,roll_max,pitch_max,yaw_max
7,4,0.368622342708676,-0.172050672051642,-0.6442115411148,-1.3679494514948,1.47653801528941,0.777919160662231,0.202303253569767,-0.329168789841421,0.451624686639207,1.19630149996273,-0.337517470354555,0.40483730582265,-0.1660727081958,-0.815968944646298,1.4075707145611,0.744571210449425,0.0592012069059776,0.890271573158126,1.66867780048435,0.268980382807072,0.66242216333837,-1.6091483701075e-08
