hook_num,trajectory_process,x_max_work,x_max_local,x_min_work,x_min_local,y_max_work,y_max_local,y_min_work,y_min_local,z_max_work,z_max_local,z_min_work,z_min_local,x_mean_work,x_mean_local,y_mean_work,y_mean_local,z_mean_work,z_mean_local,euclidean_max_work,roll_max,pitch_max,yaw_max
23,3,-1.39544908961398e-09,-1.60826645350932e-09,-5.15524706749426,-3.71486272974053,1.31578049879784,3.71173083519672,-1.10512389924281,3.126310775717e-10,0.321462872531129,1.35066579862916,-1.26016909876944,-1.09272326069694,-3.53266861247084,-2.1466585719303,0.360594678516468,2.83624741875581,-0.447068935551729,0.38537903929999,5.16811946926994,1.25032981933477,3.5471638993196,1.02673046468139
