hook_num,trajectory_process,x_max_work,x_max_local,x_min_work,x_min_local,y_max_work,y_max_local,y_min_work,y_min_local,z_max_work,z_max_local,z_min_work,z_min_local,x_mean_work,x_mean_local,y_mean_work,y_mean_local,z_mean_work,z_mean_local,euclidean_max_work,roll_max,pitch_max,yaw_max
17,4,2.4414248400717e-10,0.83048216300129,-2.7120694869997,1.62860595183205e-10,3.00039509361886,6.61668946900388,-3.90033392250189e-08,-1.62023402262749e-11,-4.71800376544707e-10,2.93499807749819,-6.23658212491341,-3.90066133592806e-08,-2.39475028579053,0.518556679892324,2.88427719731059,6.47977813151323,-6.00236211323124,2.79737344842066,7.23921982014336,1.35594547145956e-07,-1.31475441023099e-06,4.84691367708123e-07
