hook_num,trajectory_process,x_max_work,x_max_local,x_min_work,x_min_local,y_max_work,y_max_local,y_min_work,y_min_local,z_max_work,z_max_local,z_min_work,z_min_local,x_mean_work,x_mean_local,y_mean_work,y_mean_local,z_mean_work,z_mean_local,euclidean_max_work,roll_max,pitch_max,yaw_max
23,4,3.62717855750816e-10,1.20332332008492,-2.94998773387698,3.6172658994704e-11,3.16681943843651,7.80255233083953,-1.974115093617e-08,-6.5706169706895e-10,3.66185304301325e-10,2.99914310556584,-7.44986285287496,-1.97369110468077e-08,-2.63215108619425,0.82309476740618,2.59358735300882,7.52912782068034,-7.0532212174063,2.45889275400716,8.44527496626443,-3.65041330496751e-09,1.3532851284026e-07,1.13574429860819e-08
