hook_num,trajectory_process,x_max_work,x_max_local,x_min_work,x_min_local,y_max_work,y_max_local,y_min_work,y_min_local,z_max_work,z_max_local,z_min_work,z_min_local,x_mean_work,x_mean_local,y_mean_work,y_mean_local,z_mean_work,z_mean_local,euclidean_max_work,roll_max,pitch_max,yaw_max
7,4,1.74978254108282e-09,0.0682188787216088,-3.40281799808304,-0.929935487896255,0.475374784446558,6.12936128443801,-0.50763727856031,5.42280036845741e-10,-2.41311681747902e-09,0.460775685870588,-5.56754274103298,-0.563322802092013,-2.93284691596341,-0.422857068128657,-0.0155937737909102,5.92828617869125,-5.17011249147578,-0.0498517599573103,6.15557114733787,0.257441158937169,0.177933979265866,3.27909425001938e-07
