hook_num,trajectory_process,x_max_work,x_max_local,x_min_work,x_min_local,y_max_work,y_max_local,y_min_work,y_min_local,z_max_work,z_max_local,z_min_work,z_min_local,x_mean_work,x_mean_local,y_mean_work,y_mean_local,z_mean_work,z_mean_local,euclidean_max_work,roll_max,pitch_max,yaw_max
18,3,-5.84663739005009e-05,-7.87506516723968e-05,-7.29001897208653,-4.42051728727055,2.83134003981422,5.86150439304481,-7.0150425472093e-05,4.55096550991961e-06,5.18803310569638e-05,2.86869071923185,-1.84842798916895,-6.93440076406705e-05,-5.20812568855414,-2.90475501227153,1.70787137738953,4.42641278334336,-1.00881277932724,1.74025393355807,7.39696209481867,1.12167037452039,6.89144692655344,3.57225567595039
