hook_num,trajectory_process,x_max_work,x_max_local,x_min_work,x_min_local,y_max_work,y_max_local,y_min_work,y_min_local,z_max_work,z_max_local,z_min_work,z_min_local,x_mean_work,x_mean_local,y_mean_work,y_mean_local,z_mean_work,z_mean_local,euclidean_max_work,roll_max,pitch_max,yaw_max
1,2,-2.52839527092874e-10,-6.52849170165179e-10,-7.50655774251351,-3.81140086903396,2.13785178416526,9.50804479735285,-0.382105583443604,1.26186125251322e-10,-1.62856395036215e-09,2.09125766845514,-6.97398082434734,-0.448475087392007,-3.87618389984613,-1.3234386058894,1.15289669074608,6.2464068254785,-5.06314534256168,1.10057969073761,10.2533322562449,0.193597997733377,23.9730342980862,2.39993372717829
