hook_num,trajectory_process,x_max_work,x_max_local,x_min_work,x_min_local,y_max_work,y_max_local,y_min_work,y_min_local,z_max_work,z_max_local,z_min_work,z_min_local,x_mean_work,x_mean_local,y_mean_work,y_mean_local,z_mean_work,z_mean_local,euclidean_max_work,roll_max,pitch_max,yaw_max
12,2,-4.09983158533578e-12,1.23313504827016,-5.72903321494309,-1.90050205109219,1.56110630058618,9.2882363825908,-0.840281847133838,1.24707290128616e-11,-6.70752342557535e-11,1.56867171584752,-7.55597115021897,-0.89826372626443,-2.15320250149548,0.445079485517062,0.367097054161918,5.90318662093046,-5.51490281489616,0.351101289750495,9.49487021593423,0.561865050275557,17.7167862993199,6.70409785678339
