hook_num,trajectory_process,x_max_work,x_max_local,x_min_work,x_min_local,y_max_work,y_max_local,y_min_work,y_min_local,z_max_work,z_max_local,z_min_work,z_min_local,x_mean_work,x_mean_local,y_mean_work,y_mean_local,z_mean_work,z_mean_local,euclidean_max_work,roll_max,pitch_max,yaw_max
24,4,-3.90514287573751e-11,2.76750039485217,-1.27343579680957,-1.21723024275282e-10,3.75262417200952,7.06941038389211,-4.60167939309031e-08,8.28859857163108e-11,-5.12727638124488e-10,3.6135467100795,-7.4975332830013,-4.6019431240976e-08,-0.939591600580077,2.37496825128979,3.39638257073965,6.8929085532244,-7.16953490117668,3.26743589967479,8.40793324410434,2.37309052408818e-08,-3.94368608880313e-07,-5.57724562089135e-08
