hook_num,trajectory_process,x_max_work,x_max_local,x_min_work,x_min_local,y_max_work,y_max_local,y_min_work,y_min_local,z_max_work,z_max_local,z_min_work,z_min_local,x_mean_work,x_mean_local,y_mean_work,y_mean_local,z_mean_work,z_mean_local,euclidean_max_work,roll_max,pitch_max,yaw_max
21,4,-3.15335404934558e-05,-4.99299078733024e-05,-6.07336879557238,-3.38305394674248,0.567446341958544,5.28487005457347,-4.4228247816136e-05,-4.87160176807174e-06,3.83324961603648e-05,0.557746324131363,-1.60835579175262,-4.36251548856757e-05,-5.83400403152724,-3.09450903192521,0.332149434271656,5.13353211519731,-1.37692214369932,0.339084745407865,6.19357836111223,0.58855228237779,-0.000127247094859229,0.0751014118852872
