hook_num,trajectory_process,x_max_work,x_max_local,x_min_work,x_min_local,y_max_work,y_max_local,y_min_work,y_min_local,z_max_work,z_max_local,z_min_work,z_min_local,x_mean_work,x_mean_local,y_mean_work,y_mean_local,z_mean_work,z_mean_local,euclidean_max_work,roll_max,pitch_max,yaw_max
7,3,1.74978254108282e-09,0.110391397664027,-6.00306467819362,-2.71307869999144,1.1491443774471,8.25401302377452,-2.29164589081768,5.42280036845741e-10,-2.41311681747902e-09,1.18878644519772,-6.28851507992772,-2.29401780696407,-3.09545441445674,-0.79526335936485,-0.613578374719296,5.53836959647458,-4.66413827791636,-0.615375533340036,8.76942074719149,0.539569900825967,7.14231008742824,-6.73642161353234
