hook_num,trajectory_process,x_max_work,x_max_local,x_min_work,x_min_local,y_max_work,y_max_local,y_min_work,y_min_local,z_max_work,z_max_local,z_min_work,z_min_local,x_mean_work,x_mean_local,y_mean_work,y_mean_local,z_mean_work,z_mean_local,euclidean_max_work,roll_max,pitch_max,yaw_max
9,4,1.08022391032137e-09,0.401940247323454,-2.93234060542676,-0.114622346505163,1.11331165078388,6.59355380794354,-1.27813336803229e-07,1.39068638830973e-10,-1.89379534276668e-09,1.08345443465694,-6.10329308303847,-1.27828422388691e-07,-2.67005354351089,0.13624718424249,0.964975420737243,6.43006537522499,-5.8433885410806,0.915850831745114,6.65237055084913,0.145470209268225,-4.14403629633853e-07,5.29635578061516e-07
