hook_num,trajectory_process,x_max_work,x_max_local,x_min_work,x_min_local,y_max_work,y_max_local,y_min_work,y_min_local,z_max_work,z_max_local,z_min_work,z_min_local,x_mean_work,x_mean_local,y_mean_work,y_mean_local,z_mean_work,z_mean_local,euclidean_max_work,roll_max,pitch_max,yaw_max
22,4,8.60371187627607e-08,1.00385746493093,-2.79282724834798,2.6741471374176e-08,3.34279187283266,7.3823135255639,-1.5861928659433e-08,-1.42996791036971e-07,1.17168951874191e-07,3.17096534796619,-6.9658755662897,-1.4810851797378e-08,-2.5606779794634,0.776571203628264,3.0301486496848,7.22363808765131,-6.73618791833049,2.88708735415545,8.09699351843779,1.80377725200742e-07,-2.30770894660282e-06,-1.28812882582707e-07
