hook_num,trajectory_process,x_max_work,x_max_local,x_min_work,x_min_local,y_max_work,y_max_local,y_min_work,y_min_local,z_max_work,z_max_local,z_min_work,z_min_local,x_mean_work,x_mean_local,y_mean_work,y_mean_local,z_mean_work,z_mean_local,euclidean_max_work,roll_max,pitch_max,yaw_max
15,2,1.43197669611698,1.06127195843193,-1.94663072721426,-1.82502352874945,0.659634765319197,2.998843656225,0.136372693999817,-0.786404636011111,3.04925538241912,1.61344718323743,-2.12624722525675,-2.06497092443045,0.244825401015575,0.299222785856425,0.443520212325009,0.326303897517278,0.390597562262681,0.461882449710066,3.63654985432438,5.7278852099064,-12.1316268245201,21.570216939386
