hook_num,trajectory_process,x_max_work,x_max_local,x_min_work,x_min_local,y_max_work,y_max_local,y_min_work,y_min_local,z_max_work,z_max_local,z_min_work,z_min_local,x_mean_work,x_mean_local,y_mean_work,y_mean_local,z_mean_work,z_mean_local,euclidean_max_work,roll_max,pitch_max,yaw_max
6,4,4.85619580103958e-06,-5.06147118048352e-06,-3.86942887400591,-3.12762484850569,-1.38107174052493e-05,2.62062333150715,-0.699471276531085,-1.44710953058493e-05,1.60174436807415,1.84067874917313e-07,-4.55482359029702e-06,-0.658510614522051,-3.7158849979703,-3.05802588571425,-0.631581797188086,2.55399553077553,1.36391775172418,-0.440157404696783,4.09870893383917,16.3556759826142,11.5935944803029,2.55806394206677
