hook_num,trajectory_process,x_max_work,x_max_local,x_min_work,x_min_local,y_max_work,y_max_local,y_min_work,y_min_local,z_max_work,z_max_local,z_min_work,z_min_local,x_mean_work,x_mean_local,y_mean_work,y_mean_local,z_mean_work,z_mean_local,euclidean_max_work,roll_max,pitch_max,yaw_max
19,4,-0.488210704748667,2.58618831330936,-0.680532632725544,1.59851141653808,1.3459845220043,-0.433808273818227,0.200669017412906,-2.29102630048586,-2.83841708121429,-2.50166178994803,-5.36491218972628,-4.13808277452717,-0.607810248530313,2.000531804067,1.02470895901062,-0.500035798832207,-3.16101427536871,-2.67527155708166,5.39081631575908,1.33568958828975,0.0027143386315629,0.530543178737851
