hook_num,trajectory_process,x_max_work,x_max_local,x_min_work,x_min_local,y_max_work,y_max_local,y_min_work,y_min_local,z_max_work,z_max_local,z_min_work,z_min_local,x_mean_work,x_mean_local,y_mean_work,y_mean_local,z_mean_work,z_mean_local,euclidean_max_work,roll_max,pitch_max,yaw_max
5,4,-0.0318106660930084,1.15801773213674,-1.61411851639446,0.523224135739686,1.32033845758644,0.913539824006505,0.187237460840606,-0.291734118583314,-0.659947593051129,-0.645012967652843,-1.20310334830469,-1.90277949754095,-1.54217306743932,0.834962055468453,1.0908110322831,0.852222556469822,-0.930558816394054,-1.73781144596,2.40751529470763,-1.41579747037213e-07,-2.45300171286544e-08,-1.88993830363415e-07
