hook_num,trajectory_process,x_max_work,x_max_local,x_min_work,x_min_local,y_max_work,y_max_local,y_min_work,y_min_local,z_max_work,z_max_local,z_min_work,z_min_local,x_mean_work,x_mean_local,y_mean_work,y_mean_local,z_mean_work,z_mean_local,euclidean_max_work,roll_max,pitch_max,yaw_max
21,3,1.79706816111207,3.69735534961575,-0.784849081936613,0.670545457833009,1.95750222467132,-0.483712495237845,-0.428015920965947,-2.77222420093368,-2.1871931877439,-1.07787633818382,-4.98552142091859,-3.27671301416059,0.838221828161272,2.68683088225496,0.639711254882783,-1.65858775453629,-3.5848078945763,-2.0047144468619,5.16920290829943,7.37173117598523,-3.05428593616386,8.14204825316279
