hook_num,trajectory_process,x_max_work,x_max_local,x_min_work,x_min_local,y_max_work,y_max_local,y_min_work,y_min_local,z_max_work,z_max_local,z_min_work,z_min_local,x_mean_work,x_mean_local,y_mean_work,y_mean_local,z_mean_work,z_mean_local,euclidean_max_work,roll_max,pitch_max,yaw_max
16,2,1.71473944714489,0.644374578863868,-1.32024590341678,-1.8885297446892,0.93887755450703,1.51541727569912,-0.780061780365656,-1.53255357991058,2.10854024874038,2.19955740489116,-0.538138368872069,-0.766732351431985,0.827648343176295,-0.0529758410634045,-0.213761900793497,-0.268497597506139,0.645053307359166,1.03339859310373,2.4984053982881,0.986448729564479,-11.7839223611915,11.4865272848929
