hook_num,trajectory_process,x_max_work,x_max_local,x_min_work,x_min_local,y_max_work,y_max_local,y_min_work,y_min_local,z_max_work,z_max_local,z_min_work,z_min_local,x_mean_work,x_mean_local,y_mean_work,y_mean_local,z_mean_work,z_mean_local,euclidean_max_work,roll_max,pitch_max,yaw_max
14,4,-0.0685776788566272,0.297831505288697,-0.438106005032409,-0.0959299507753615,0.434244844896625,0.325881488299179,0.0346009583938098,-0.0764788128326982,-0.246898750584251,-0.243573657110332,-0.804027455239407,-0.877824569581405,-0.245616346420249,0.101110920675991,0.262543824659436,0.253395788217767,-0.303554125358924,-0.381130053980645,0.92758146969604,18.2492047873737,5.60849276301946,16.8545597836854
