hook_num,trajectory_process,x_max_work,x_max_local,x_min_work,x_min_local,y_max_work,y_max_local,y_min_work,y_min_local,z_max_work,z_max_local,z_min_work,z_min_local,x_mean_work,x_mean_local,y_mean_work,y_mean_local,z_mean_work,z_mean_local,euclidean_max_work,roll_max,pitch_max,yaw_max
20,3,2.23814232522182,0.667123283700784,-1.31021443452005,-1.5127414211803,1.10698282533622,2.3046177346908,-0.238848160660382,-0.878246542397158,2.56917390199885,2.51432547919304,-0.190273491391395,-0.395952150368901,1.15284316534536,0.195900757319927,0.163655365732484,-0.00930224504704891,1.04637872645461,1.55344449169857,2.94476979284624,4.31594293703801,-4.94377914066334,6.72522079831783
