hook_num,trajectory_process,x_max_work,x_max_local,x_min_work,x_min_local,y_max_work,y_max_local,y_min_work,y_min_local,z_max_work,z_max_local,z_min_work,z_min_local,x_mean_work,x_mean_local,y_mean_work,y_mean_local,z_mean_work,z_mean_local,euclidean_max_work,roll_max,pitch_max,yaw_max
12,3,0.133579430711279,7.47181462345349e-07,-3.03038538059769,-3.28288718607171,-3.65275809599552e-10,3.37683089932963,-2.03985312421418,-0.398813884989262,3.64666203266097,1.58677678130137,-1.49232721469161e-06,-1.45798740822916,-0.809447975686763,-2.4318761415313,-1.48654840773753,0.487195047308172,2.01236920493178,0.874307529123619,4.74663358724378,6.98154232801108,0.463672033273806,7.20031632765316
