hook_num,trajectory_process,x_max_work,x_max_local,x_min_work,x_min_local,y_max_work,y_max_local,y_min_work,y_min_local,z_max_work,z_max_local,z_min_work,z_min_local,x_mean_work,x_mean_local,y_mean_work,y_mean_local,z_mean_work,z_mean_local,euclidean_max_work,roll_max,pitch_max,yaw_max
22,4,0.861799133257591,0.872720011286879,-0.413954914612304,-0.392085879231737,2.82285026281272,2.58033400298569,0.156413466296158,0.47351422292878,2.96744677174752,2.65837952471452,0.3107097457397,-0.0724898153997914,0.544297716336657,0.230917253872067,2.35104711238069,2.42640624928683,2.54475996780227,2.52118008480469,3.68698795887935,15.5410390326337,-2.61549608637779e-07,14.2220774159218
