hook_num,trajectory_process,x_max_work,x_max_local,x_min_work,x_min_local,y_max_work,y_max_local,y_min_work,y_min_local,z_max_work,z_max_local,z_min_work,z_min_local,x_mean_work,x_mean_local,y_mean_work,y_mean_local,z_mean_work,z_mean_local,euclidean_max_work,roll_max,pitch_max,yaw_max
11,4,1.40668546529315,1.91751765707197,0.134314829185769,0.702648502237317,0.959868009202239,0.713019768266439,0.019247793224622,-0.674016890919726,-0.939743610332812,0.0810222870849467,-1.24229738740769,-0.78339010888685,0.911159558565771,1.45135178786945,0.777193009709763,0.607087530896309,-1.04630333124077,-0.167874784626832,2.04739731516039,35.8030957091829,1.81510273478125e-09,45.776864205833
