hook_num,trajectory_process,x_max_work,x_max_local,x_min_work,x_min_local,y_max_work,y_max_local,y_min_work,y_min_local,z_max_work,z_max_local,z_min_work,z_min_local,x_mean_work,x_mean_local,y_mean_work,y_mean_local,z_mean_work,z_mean_local,euclidean_max_work,roll_max,pitch_max,yaw_max
16,3,5.38443600817118e-09,4.75555671763733e-07,-0.879032321274053,-2.38975078963963,0.361922764481164,2.10570979652901,-1.31222612420186,-4.77616712408383e-07,2.98875528829575,1.86120542651839,-9.47782268667652e-07,-6.66377390385281e-07,-0.429048552824894,-1.21143682234555,-0.0335317632970191,1.47722518779987,2.34310953504288,1.42152097589372,3.10818816702055,-0.838401967645886,-2.16144751503707,5.21172008536652
