hook_num,trajectory_process,x_max_work,x_max_local,x_min_work,x_min_local,y_max_work,y_max_local,y_min_work,y_min_local,z_max_work,z_max_local,z_min_work,z_min_local,x_mean_work,x_mean_local,y_mean_work,y_mean_local,z_mean_work,z_mean_local,euclidean_max_work,roll_max,pitch_max,yaw_max
17,3,-4.56373072665883e-09,4.65557290052918e-07,-3.61316710584572,-2.18942100419852,0.480136931514892,2.84016178493551,-0.290075928059537,-4.63951623803509e-07,1.22564447942932,-6.63709789894843e-07,-0.096732687341273,-1.48100740844058,-2.29659685995117,-0.996543132446213,0.286739786936516,1.58041924006988,0.110091458868317,-1.3693078297588,3.82825708904026,5.84273252347496,-4.81541704238753,3.93810584774334
