hook_num,trajectory_process,x_max_work,x_max_local,x_min_work,x_min_local,y_max_work,y_max_local,y_min_work,y_min_local,z_max_work,z_max_local,z_min_work,z_min_local,x_mean_work,x_mean_local,y_mean_work,y_mean_local,z_mean_work,z_mean_local,euclidean_max_work,roll_max,pitch_max,yaw_max
23,4,0.919700907445304,2.88880658080005,-0.4992529455659,0.027048350726785,3.72918082904232,2.13774415323349,0.195443762047375,0.252273769372568,0.952325496354888,1.58185118321438,-0.273567667968905,-0.545818072939071,0.529028086015144,2.18772467559862,3.08286850993189,1.98793770181977,0.861571427537131,1.33304374394985,3.92650056561748,11.002397875024,3.9079811795536,-1.56524674821412e-06
