hook_num,trajectory_process,x_max_work,x_max_local,x_min_work,x_min_local,y_max_work,y_max_local,y_min_work,y_min_local,z_max_work,z_max_local,z_min_work,z_min_local,x_mean_work,x_mean_local,y_mean_work,y_mean_local,z_mean_work,z_mean_local,euclidean_max_work,roll_max,pitch_max,yaw_max
9,4,1.02343374305963,0.655733111790036,-0.65402212209375,-1.92950006391194,0.297485575373798,1.01444230200928,-0.820029103552372,-0.229225416142745,2.87124838415684,2.76934267522386,-1.53827273410639,-1.5491918547859,0.453208797596653,-1.33230729568221,-0.279284391687749,0.893478108521091,2.72088448433434,2.26118443571724,3.05393461777852,1.23664655107159,0.0395703549747388,0.444609434960974
