hook_num,trajectory_process,x_max_work,x_max_local,x_min_work,x_min_local,y_max_work,y_max_local,y_min_work,y_min_local,z_max_work,z_max_local,z_min_work,z_min_local,x_mean_work,x_mean_local,y_mean_work,y_mean_local,z_mean_work,z_mean_local,euclidean_max_work,roll_max,pitch_max,yaw_max
1,4,-0.39052071930189,0.659415837775836,-3.89618212273409,-5.04530837396736,0.368836219412913,4.80393896105193,-0.227708074799637,-0.144115129247971,5.90680972580776,1.45748197532727,-1.19281396743975,-1.117828921653,-3.73501510708381,-4.58624768434449,0.105722907278912,4.68175621556885,5.53675404664856,1.2884707568232,7.07774288725615,0.865957751413085,-0.0263601986872999,0.0576680471816147
