hook_num,trajectory_process,x_max_work,x_max_local,x_min_work,x_min_local,y_max_work,y_max_local,y_min_work,y_min_local,z_max_work,z_max_local,z_min_work,z_min_local,x_mean_work,x_mean_local,y_mean_work,y_mean_local,z_mean_work,z_mean_local,euclidean_max_work,roll_max,pitch_max,yaw_max
8,4,1.87960722541902e-08,3.72354511897238e-07,-2.37798982615044,-2.92023345306623,1.66268137036241e-08,1.74581409743564,-1.97849964296688,-3.47175281412515e-07,1.4505459284191,-4.82152927040528e-07,-7.00728378433269e-07,-0.575482569245485,-2.25789331910157,-2.48005756714771,-1.53958710850661,1.66322793339755,1.31829752753784,-0.536934624095572,3.39393306733835,1.10326919156023e-06,11.9748312774037,4.28174956823568e-07
