hook_num,trajectory_process,x_max_work,x_max_local,x_min_work,x_min_local,y_max_work,y_max_local,y_min_work,y_min_local,z_max_work,z_max_local,z_min_work,z_min_local,x_mean_work,x_mean_local,y_mean_work,y_mean_local,z_mean_work,z_mean_local,euclidean_max_work,roll_max,pitch_max,yaw_max
8,3,3.31820002088534e-05,6.94982934990095e-06,-3.63216464692522,-4.02430921001325,-3.08449765498153e-05,2.21836142019623,-2.81293632755666,-5.05937761211609e-05,1.58299281431346,6.16986623907821e-06,-2.4364725391024e-05,-1.97572664397027,-2.55544793581174,-2.61329353433851,-1.8036583919495,1.24496413073198,0.534896626156687,-1.29936023458234,4.74900655386084,5.09996189687196,4.76768080136152,10.8120707555574
