hook_num,trajectory_process,x_max_work,x_max_local,x_min_work,x_min_local,y_max_work,y_max_local,y_min_work,y_min_local,z_max_work,z_max_local,z_min_work,z_min_local,x_mean_work,x_mean_local,y_mean_work,y_mean_local,z_mean_work,z_mean_local,euclidean_max_work,roll_max,pitch_max,yaw_max
20,3,1.40991881762352,-0.644153960919132,-0.8900643432263,-3.0635451451145,1.16227816254496,3.89757496236078,-0.0875915243923373,1.28883797682711,6.87175440807511,5.84309736383285,3.55455191391331,3.56199618077976,0.908799389976839,-1.75247926630877,0.806748829442383,2.75445154133274,5.54575730982253,4.64466884598527,7.03016443865291,-0.0596607722074722,-6.11842360178817,3.99528873107962
