hook_num,trajectory_process,x_max_work,x_max_local,x_min_work,x_min_local,y_max_work,y_max_local,y_min_work,y_min_local,z_max_work,z_max_local,z_min_work,z_min_local,x_mean_work,x_mean_local,y_mean_work,y_mean_local,z_mean_work,z_mean_local,euclidean_max_work,roll_max,pitch_max,yaw_max
2,3,0.113022414837246,-1.31938111953087,-5.04105025709976,-4.73971395217656,1.12801831458842,6.26385961324123,0.0454967686601435,1.37600653085209,7.15045345787905,2.96457073341618,2.80851133403507,0.858135432635832,-2.98642133603725,-3.85319197870805,0.972314567126453,5.16147711145865,6.07505477876699,2.30344829738058,8.15198232865491,-0.319230391752043,-5.05801201792242,3.03044467912668
