x,y,z,roll,pitch,yaw
-516.2851938569445,683.2811318301254,918.2658463131692,-90.45080905332472,45.42247326934988,-3.962538542481209
-524.4779336688352,683.7500705460305,908.2440588551524,-96.4099408834995,14.808010349073149,2.589168402949071
-527.7780728971069,680.713956701464,896.2424744332511,-98.43362419018224,14.880356953022469,3.375702011326589
