x,y,z,roll,pitch,yaw
-505.0156265682314,690.6256342931994,916.8039422777323,-90.27513223276942,45.430016682231766,-4.5454395124345055
-512.1071744061757,691.1609166333865,909.7933910953757,-90.27513223276942,45.430016682231766,-4.5454395124345055
-513.6344746958961,689.4207435204285,905.3608143196886,-90.27513223276942,45.430016682231766,-4.5454395124345055
