x,y,z,roll,pitch,yaw
218.70123112740612,-501.39340086701895,331.31340510260725,35.19145219495305,30.090189092090156,54.81876395145676
215.9036351428727,-494.76359289876905,338.2574027272793,35.19145219495305,30.090189092090156,54.81876395145676
214.50483715060602,-491.4486889146441,341.7294015396154,35.19145219495305,30.090189092090156,54.81876395145676
