x,y,z,roll,pitch,yaw
-782.5017992160814,461.3508340147773,902.7664156648922,-89.88877023584388,50.869808022596565,13.780094012732565
-789.5059414320918,461.74057451431304,895.768546112902,-89.88877023584388,50.869808022596565,13.780094012732565
-790.3880852268819,461.8197549157022,894.4874665047583,-89.88877023584388,50.869808022596565,13.780094012732565
-791.5661414883298,461.69751864345983,893.4362704164465,-89.88877023584388,50.869808022596565,13.780094012732565
-792.1143664426291,460.54695441174545,892.5459591606977,-89.88877023584388,50.869808022596565,13.780094012732565
-793.0678809815365,459.8347640332727,891.7825090737972,-89.88877023584388,50.869808022596565,13.780094012732565
-794.3367859013758,459.62174916640777,890.9610340724744,-89.88877023584388,50.869808022596565,13.780094012732565
-795.282505306203,458.8937570986923,890.2548494999987,-89.88877023584388,50.869808022596565,13.780094012732565
-796.220526579415,458.1538968501459,889.4304431248129,-89.88877023584388,50.869808022596565,13.780094012732565
