x,y,z,roll,pitch,yaw
152.79875169991647,-507.7811517635231,338.1590317556879,35.2097948502392,30.067311929184818,54.796321198294756
147.75066269225505,-500.86022508310725,343.31825371786726,35.2097948502392,30.067311929184818,54.796321198294756
145.22661818842425,-497.3997617428993,345.89786469895694,35.2097948502392,30.067311929184818,54.796321198294756
