x,y,z,roll,pitch,yaw
-316.3070354343116,964.2322917662448,747.151979394049,-89.50882565544634,50.509344437709785,-35.664421957106306
-322.46794062477886,968.8724371371973,740.8077560512513,-89.16951312581358,50.988234599801494,72.53442235439626
-322.8251763942699,967.8268048815769,739.9097294695209,-90.07717425726361,56.82073872078648,-57.787527251816144
-323.58365830422747,969.0375052958332,738.975576473023,-90.18700747780713,49.972812844541664,-62.41266179612262
-324.1932194006099,970.2070823555147,737.868433988019,-88.96479360804962,40.27731186878435,-6.357655539131723
-324.9907001601243,970.3175996170912,736.9108107735531,-90.190578908624,54.05214606566131,-62.176227806417636
-325.60691869486226,971.4872051961406,735.952976162205,-88.96376870364695,37.92615082579568,-4.79936991928788
-326.4091875964808,971.577338098786,734.9085975195317,-90.0479354289896,60.679473498386834,-56.75892629970472
-327.19076331854393,972.7769788552675,734.104653489414,-84.71292119504523,82.8273499870212,-3.594125637825661
-328.3055212245905,972.9482932806661,733.9597599747794,-89.41652981903607,79.36418737079545,-48.07640918523486
-329.41244683691775,974.2102223022159,733.6459745260745,180.0,0.0,0.0
