x,y,z,roll,pitch,yaw
148.7091988368976,-504.9660874765207,341.5824765004228,35.219722066000784,30.055542595195586,54.91351608585293
143.92074208094618,-499.08880477836686,345.6101216518741,34.51916648373038,30.03578193122883,54.330570945111646
138.78431693731807,-491.64809360787996,350.0515917517889,33.935749866624406,30.09551738553368,53.52716242708817
