x,y,z,roll,pitch,yaw
-762.8261992451169,463.59370543901946,906.0458868528933,-90.22754582347453,45.412737129957115,-3.509033100271121
-770.0650705290323,464.09438669117304,899.1840822050585,-90.22754582347453,45.412737129957115,-3.509033100271121
-773.68450617099,464.3447273172498,895.7531798811411,-90.22754582347453,45.412737129957115,-3.509033100271121
