x,y,z,roll,pitch,yaw
-790.0257864887042,449.5641614956256,902.2152767346781,-90.02245291591171,53.332657680562484,1.5529490364439225
-798.0903986455355,449.4710715250657,896.2831913200912,-90.7170855418082,53.15430276041023,-33.3394216669837
-799.0761372302464,450.10144151063906,895.4097530864815,-89.761927578231,39.81180228693966,36.561351290137154
-799.719675429992,449.6277399928256,894.4551418465096,-90.70825395405839,56.42538717826315,-20.310806409836104
-800.9719552661702,450.0736290277505,893.5750847904267,-89.75986270163841,33.600826634743456,38.658669094027076
-801.4753006164273,449.6746570830116,892.6129845784737,-90.65951692395561,55.811065158319,-14.703337331557162
-802.8636362677026,450.0217054802499,891.6426094682746,-88.89078056193767,56.761541815201376,96.50263433155621
-802.7421528828602,448.69276487967375,890.7725783202154,-91.23055629405853,70.56941810862352,-33.31495454400705
-804.7597777012679,449.9603939568238,889.9379641671485,-88.9221876705822,83.37800633616868,36.49937928227987
-805.8061653464318,449.2127795119335,889.7919961710203,-92.14742369776873,80.8700470974361,-11.9694011650878
-807.3599608294921,449.48256867322084,889.541862493718,180.0,0.0,0.0
