x,y,z,roll,pitch,yaw
-794.2599616393541,444.73814296496334,901.1321739374605,-90.30383613222187,45.42954407093001,-1.587068740839047
-802.452069276409,444.9887438004422,895.426135307689,-90.30383613222187,45.42954407093001,-1.587068740839047
-806.5481230949365,445.1140442181816,892.5731159928034,-90.30383613222187,45.42954407093001,-1.587068740839047
