x,y,z,roll,pitch,yaw
-316.3070354343116,964.2322917662448,747.151979394049,-89.50882565544632,50.50934443770968,-35.66442195710621
-322.46794062477886,968.8724371371973,740.8077560512513,-89.50882565544632,50.50934443770968,-35.66442195710621
-322.8251763942699,967.8268048815769,739.9097294695209,-89.50882565544632,50.50934443770968,-35.66442195710621
-323.58365830422747,969.0375052958332,738.975576473023,-89.50882565544632,50.50934443770968,-35.66442195710621
-324.1932194006099,970.2070823555147,737.868433988019,-89.50882565544632,50.50934443770968,-35.66442195710621
-324.9907001601243,970.3175996170912,736.9108107735531,-89.50882565544632,50.50934443770968,-35.66442195710621
-325.60691869486226,971.4872051961406,735.952976162205,-89.50882565544632,50.50934443770968,-35.66442195710621
-326.4091875964808,971.577338098786,734.9085975195317,-89.50882565544632,50.50934443770968,-35.66442195710621
-327.19076331854393,972.7769788552675,734.104653489414,-89.50882565544632,50.50934443770968,-35.66442195710621
-328.3055212245905,972.9482932806661,733.9597599747794,-89.50882565544632,50.50934443770968,-35.66442195710621
-329.41244683691775,974.2102223022159,733.6459745260745,-89.50882565544632,50.50934443770968,-35.66442195710621
