x,y,z,roll,pitch,yaw
148.70919884905527,-504.9660874744529,341.58247648874965,35.2197226197728,30.05554271023592,54.913516814443106
142.5497793302004,-498.47975162135987,346.0533822573419,35.2197226197728,30.05554271023592,54.913516814443106
139.47006957077298,-495.2365836948133,348.28883514163795,35.2197226197728,30.05554271023592,54.913516814443106
