x,y,z,roll,pitch,yaw
149.62938043844173,-510.1273368573917,333.7331661286697,35.21564971107721,30.06004739900058,54.79032765740678
145.45546724567998,-497.4958322551088,342.9701941885063,33.26048883345376,29.58336723689374,55.479727104399
139.5638980144165,-489.53688290834737,348.11113122234565,32.90616722522629,29.542807437745235,54.797639573264775
