x,y,z,roll,pitch,yaw
384.64742203033194,-501.5350703335816,351.22031537776445,-90.24671259407532,46.6979821812798,45.66435908805525
393.55572211299585,-497.69283541677504,348.7671126571293,-90.24671259407532,46.6979821812798,45.66435908805525
398.0098721543278,-495.7717179583718,347.5405112968118,-90.24671259407532,46.6979821812798,45.66435908805525
