x,y,z,roll,pitch,yaw
-122.91084519951175,967.6814365196326,736.3179271930225,-89.76802864492885,45.97710869277021,-44.90087747352258
-130.60892521480645,973.4086615608526,733.6292165161722,-89.76802864492885,45.97710869277021,-44.90087747352258
-134.4579652224538,976.2722740814626,732.2848611777471,-89.76802864492885,45.97710869277021,-44.90087747352258
