x,y,z,roll,pitch,yaw
263.4362176982317,-500.05541986828325,350.7542350753097,16.174327906853367,4.7254016529424385,73.68120462346211
258.450715485595,-492.91523400190226,356.1972214349421,16.174327906853367,4.7254016529424385,73.68120462346211
257.92962781368703,-491.628404274775,358.2436717124407,16.174327906853367,4.7254016529424385,73.68120462346211
256.8953259936354,-491.0371231993686,357.5547934724017,16.174327906853367,4.7254016529424385,73.68120462346211
255.74873342593568,-490.6636671340101,358.26449851639427,16.174327906853367,4.7254016529424385,73.68120462346211
254.60109893896436,-490.4379891726877,357.5760512702615,16.174327906853367,4.7254016529424385,73.68120462346211
253.39340282591337,-490.0792706969803,357.5720367963622,16.174327906853367,4.7254016529424385,73.68120462346211
252.11497686278173,-489.8866213706758,358.2613976990966,16.174327906853367,4.7254016529424385,73.68120462346211
250.9042931716036,-489.8306432002712,358.2482798656886,16.174327906853367,4.7254016529424385,73.68120462346211
