x,y,z,roll,pitch,yaw
278.19429756415525,-494.8386137083598,355.74948000316476,-0.0006517306418936316,0.00030504805123226575,25.202660256856824
276.46627800231477,-494.9604937132057,357.32956508679615,0.019820109969728626,-0.08233799979179132,25.061974872003532
271.77849026204524,-485.46665690411197,356.7706593743967,-0.6342251950460899,-0.03277257066625769,24.982743653391033
