x,y,z,roll,pitch,yaw
500.04820958850416,-504.4614110386832,357.74607668586725,0.029062576433045512,-0.028945279511788564,44.88859607158558
496.5126756825714,-500.9258771327503,357.74607668586725,0.029062576433045512,-0.028945279511788564,44.88859607158558
492.5910849064293,-498.0287646560339,356.637985948729,0.029062576433045512,-0.028945279511788564,44.88859607158558
