x,y,z,roll,pitch,yaw
-493.15123274594146,725.4967860718359,900.2328431964461,-89.42958983987423,54.8218435945797,56.74400461275941
-495.97887275087794,723.4387612355674,896.674489346809,-89.42958983987423,54.8218435945797,56.74400461275941
-494.55750912052906,719.7920934325513,895.3990468439822,-89.42958983987423,54.8218435945797,56.74400461275941
-495.2242702360131,718.5126795538265,894.1979727230514,-89.42958983987423,54.8218435945797,56.74400461275941
-496.3474542801644,717.8229461027274,892.8887493672112,-89.42958983987423,54.8218435945797,56.74400461275941
-497.4635770788311,717.1208902989777,891.5783707139806,-89.42958983987423,54.8218435945797,56.74400461275941
-498.09980482729566,715.8235662374213,890.509851545642,-89.42958983987423,54.8218435945797,56.74400461275941
-498.82420244909645,714.4593108987606,889.4475793877095,-89.42958983987423,54.8218435945797,56.74400461275941
-500.1188443212526,713.6155886689776,888.7948831781775,-89.42958983987423,54.8218435945797,56.74400461275941
