x,y,z,roll,pitch,yaw
571.2194448049875,-501.9664323921648,355.61553057530307,-3.5895163775731223,-2.848162737823877,51.443259710377426
564.2391560169485,-494.8700548578245,355.83311122641317,-3.589516885580382,-2.848162837517244,51.44325987312118
556.9208651754346,-486.5146840215786,355.16474382014667,-4.254501320734044,-2.6737979668970837,51.52522231234047
