x,y,z,roll,pitch,yaw
-259.22216412279255,930.4895478298752,901.4195140995416,-89.74284475545734,15.37423082404623,40.58565732013335
-260.24571957968163,929.6389535364492,896.5998845530405,-89.74284475545734,15.37423082404623,40.58565732013335
-262.55762153008834,929.0050058119966,892.2130695339192,-89.74284475545734,15.37423082404623,40.58565732013335
