x,y,z,roll,pitch,yaw
-462.7958575839668,746.5139536518695,898.9627861700509,-89.60590486381727,45.309325457947665,40.77951134573358
-465.6700158133231,745.8459016365875,896.7439202497299,-89.91378563329157,45.10341105139055,40.6557642820878
-472.5103448997284,739.1940890311255,888.4996990963057,-90.61829686079115,44.96987459760108,40.68025628205984
