x,y,z,roll,pitch,yaw
-462.7958571905056,746.5139524937595,898.9627859810855,-89.4536743445332,55.971419336464024,50.44946855873469
-465.8332980665824,744.7252785247392,895.3914003033462,-89.4536743445332,55.971419336464024,50.44946855873469
-465.7426623837856,743.005433222804,894.0597965896238,-89.4536743445332,55.971419336464024,50.44946855873469
-466.87909863650134,742.342920310845,892.7511301531104,-89.4536743445332,55.971419336464024,50.44946855873469
-467.6464220754407,741.0057409684315,891.678854602919,-89.4536743445332,55.971419336464024,50.44946855873469
-468.7677725280322,740.3263939906989,890.6093035273275,-89.4536743445332,55.971419336464024,50.44946855873469
-469.51462137695506,738.9792628699865,889.605482159043,-89.4536743445332,55.971419336464024,50.44946855873469
-470.24969266804067,737.6291954637946,888.6078398123535,-89.4536743445332,55.971419336464024,50.44946855873469
-471.0760927073118,736.2207775208867,887.8513446061318,-89.4536743445332,55.971419336464024,50.44946855873469
