x,y,z,roll,pitch,yaw
622.415806701683,-502.0731600933135,338.20499657145206,-89.67704669860127,46.36167777429705,45.05603533695124
615.0419952885792,-498.8882386636619,344.1617726064334,-89.67704669860127,46.36167777429705,45.05603533695124
611.3550895820274,-497.29577794883613,347.1401606239241,-89.67704669860127,46.36167777429705,45.05603533695124
