x,y,z,roll,pitch,yaw
622.415806701683,-502.0731600933135,338.20499657145206,-70.24684102663457,27.46740866490185,35.93881008294676
615.0252589868217,-498.90690362222585,344.1050695249377,-70.24684102663457,27.46740866490185,35.93881008294676
614.6128727354213,-498.19370514674006,346.5588415149629,-70.24684102663457,27.46740866490185,35.93881008294676
613.670260069655,-497.6349328848029,346.6604575094515,-70.24684102663457,27.46740866490185,35.93881008294676
612.9047162610033,-497.0716495858528,347.95310182810954,-70.24684102663457,27.46740866490185,35.93881008294676
611.9570625195122,-496.5095826288482,348.0404442945588,-70.24684102663457,27.46740866490185,35.93881008294676
611.0219031107139,-495.8579269586262,349.3495927805679,-70.24684102663457,27.46740866490185,35.93881008294676
610.069428326723,-495.3738840427329,349.42452492118144,-70.24684102663457,27.46740866490185,35.93881008294676
608.9579047648323,-495.215514544499,349.5288488893477,-70.24684102663457,27.46740866490185,35.93881008294676
607.8460677408142,-495.2088145390826,350.88303975225864,-70.24684102663457,27.46740866490185,35.93881008294676
606.7293512159395,-495.294523598174,350.99482780204664,-70.24684102663457,27.46740866490185,35.93881008294676
