x,y,z,roll,pitch,yaw
43.44888321887777,918.3660172175277,738.4890870413137,-89.90016204503854,45.78618838350094,-45.105289243483405
36.07025066396068,924.3758067330266,735.43203227478,-89.90016204503854,45.78618838350094,-45.105289243483405
32.38093438650218,927.3807014907761,733.9035048915132,-89.90016204503854,45.78618838350094,-45.105289243483405
