x,y,z,roll,pitch,yaw
507.48936842103626,-510.67632074888553,337.741230273704,35.194149689806736,30.086821278119288,54.814089850340046
502.4893684210362,-503.6052529370201,342.7412302737041,35.194149689806736,30.086821278119288,54.814089850340046
498.94706854201,-500.9482824816177,345.0634317219358,35.194149689806736,30.086821278119288,54.814089850340046
