x,y,z,roll,pitch,yaw
-78.46271389656098,968.9574006232609,744.0820314300356,-89.70072944116647,46.091264124754055,-45.23136309592859
-87.8734961860466,968.0674653650874,741.1127634050355,-90.52880000345822,47.63326159047275,-44.91156305274835
-93.24100368376654,972.80220050452,735.1938221574358,-91.21084721934884,47.35472606739022,-44.63522366261364
