x,y,z,roll,pitch,yaw
101.13622392305405,970.7275370725075,744.0966086583687,-89.73447929446309,51.05970325797073,-41.54153324565175
6.233792181510779,1026.6207557425798,695.5302010822659
5.967978551095797,1026.8127993665403,694.6495405347979
5.425391052808095,1027.2419256560154,693.7987687359633
4.687967334301746,1027.8518875124626,692.9699946041665
3.8376450432307507,1028.5864378373392,692.1553270578113
2.956361827249168,1029.389329532103,691.3468750153022
2.1260553340110135,1030.2043154982111,690.5367473950434
1.4286632111703454,1030.9751486371215,689.7170531154391
