x,y,z,roll,pitch,yaw
305.8381450671635,-503.3833813231434,338.10906171232193,33.49020551812486,22.06508988250409,60.09951895202241
299.68030820221065,-497.37632680611733,343.9212059248292,67.2914839785714,31.72627808959694,77.69868430148027
299.24786721355355,-496.4967403426219,345.16512624082816,3.489941491742429,4.290346062386816,38.258164492866776
298.621122535738,-495.699205624194,345.22578148331365,61.71188707581749,26.897128971155805,76.43653738097346
298.0252051983101,-494.889967296616,346.503621732335,-50.08662577005295,-25.534060462925535,70.37181622867999
297.20979701640147,-494.0234371301065,345.3553187645799,61.15083566112801,27.11485067789776,76.02706331660436
296.6072500428895,-493.20628846215544,346.62228953429064,60.17655397186224,29.342764043402276,74.43344309189534
295.99926819783116,-492.3009154292552,347.8860358557349,3.688936660302993,3.2572475977274484,47.57133425609891
295.2078720085931,-491.57642172367747,347.9541453930175,7.46992524319551,0.06319517839667212,90.49325176980994
294.1016583530778,-491.5828015168135,348.0991742599382,5.6258529850213534,1.78446945358313,71.44587151341482
293.152200675646,-491.2638711422837,348.1972966366702,-90.45227436897356,42.995397125126345,-0.6053403730263679
