x,y,z,roll,pitch,yaw
-679.1441997018899,551.4954444944401,899.346745637087,-89.92768490216596,54.664863272026714,2.5923048478840065
-687.4349652700821,551.3606658205409,893.5883329938988,-91.08451584380745,70.03434788620818,-41.56128483342061
-689.2809889339479,552.9383477830775,892.7116590094311,-88.88906379739633,58.14639299934133,99.00411852237035
-689.0928135932605,551.550695108822,891.845474733547,-90.63325375855433,60.10167629093576,-21.51879530760271
-690.3977391125943,552.0489554209846,891.04451897353,-90.63054894924372,60.002560984457276,-21.406407904910438
-691.7098003037428,552.5470572727583,890.2365279300168,-88.7894305763402,61.03072392535577,99.79786996560317
-691.5020155071484,551.1451900983764,889.4555521148786,-90.62199068824191,59.69831129050847,-21.02138266674341
-692.8131296303162,551.6330783058021,888.6401710775824,-89.64671024004376,44.807645534261596,40.060758618151866
-693.4253432239897,551.1250976212663,887.8423123770197,-94.41739933557639,86.64231923556652,-16.002097865931223
-695.0255887313168,551.4542440512889,887.7500800460739,-88.5026591523306,82.26692438727522,39.025669456264914
-695.9084299061838,550.7737673621311,887.6011373928502,180.0,0.0,0.0
