x,y,z,roll,pitch,yaw
304.776223602085,-502.4452410719119,337.29941069315066,35.436712782074295,26.22164871121668,58.118167092411454
298.7118666847757,-496.61755736265826,342.907362635033,35.436712782074295,26.22164871121668,58.118167092411454
298.46562527991745,-495.7278615289661,345.3194183917591,35.436712782074295,26.22164871121668,58.118167092411454
297.65280895572863,-494.8611949398974,344.18273061081914,35.436712782074295,26.22164871121668,58.118167092411454
297.05522907739254,-494.0501133301197,345.4411855976523,35.436712782074295,26.22164871121668,58.118167092411454
296.4524152631516,-493.2319368280221,346.70442679017856,35.436712782074295,26.22164871121668,58.118167092411454
295.64342810650555,-492.45061811119666,345.5443112193218,35.436712782074295,26.22164871121668,58.118167092411454
295.03432124168387,-491.62504444228733,346.799484023427,35.436712782074295,26.22164871121668,58.118167092411454
294.24625381990575,-490.82133537657916,346.8520395761965,35.436712782074295,26.22164871121668,58.118167092411454
293.3130432271569,-490.7162297666195,348.195830495686,35.436712782074295,26.22164871121668,58.118167092411454
292.20534754498703,-490.5588927185284,348.3139253030454,35.436712782074295,26.22164871121668,58.118167092411454
