x,y,z,roll,pitch,yaw
-641.6411252896751,573.5336210174394,898.9626531492761,-90.5235884956681,45.38785240182477,-4.409336010390312
-649.5798482615223,575.2154117992579,893.1558189354334,-90.5235884956681,45.38785240182477,-4.409336010390312
-653.549209747446,576.0563071901672,890.2524018285121,-90.5235884956681,45.38785240182477,-4.409336010390312
