x,y,z,roll,pitch,yaw
-643.8824778630322,563.5809057401267,905.247069666692,-90.22754582347453,45.412737129957115,-3.509033100271121
-651.717341372331,565.721272484551,899.4392678472584,-90.22754582347453,45.412737129957115,-3.509033100271121
-655.6347731269803,566.7914558567632,896.5353669375415,-90.22754582347453,45.412737129957115,-3.509033100271121
