x,y,z,roll,pitch,yaw
303.44948194734695,-505.8242470817613,338.36631213989165,38.02485889422837,24.21488920002575,62.44942241125119
297.5518923713407,-499.8798877265059,343.30671483548326,38.02485889422837,24.21488920002575,62.44942241125119
297.5126330952995,-499.0203031475029,347.03316074761324,38.02485889422837,24.21488920002575,62.44942241125119
296.72512435163526,-498.0577663083094,347.1060654628167,38.02485889422837,24.21488920002575,62.44942241125119
296.0945721449965,-497.25483439730385,347.1568394473584,38.02485889422837,24.21488920002575,62.44942241125119
295.4944003565,-496.283512108227,348.46269888625966,38.02485889422837,24.21488920002575,62.44942241125119
294.674568512312,-495.4060672138488,347.2567052985495,38.02485889422837,24.21488920002575,62.44942241125119
293.8851571569651,-494.4407821692954,347.30522815674,38.02485889422837,24.21488920002575,62.44942241125119
293.1167556590416,-493.70029162924095,348.63447881913794,38.02485889422837,24.21488920002575,62.44942241125119
292.0076243029787,-493.54372951099697,348.75738277761184,38.02485889422837,24.21488920002575,62.44942241125119
291.06857756337956,-493.2858580298008,350.13095930700763,38.02485889422837,24.21488920002575,62.44942241125119
