x,y,z,roll,pitch,yaw
306.828908310969,-508.2944802613543,338.045783823275,35.212520974935266,30.06369495178861,54.793277468061575
302.20451371969693,-501.76571379782746,342.8890213247613,33.94610761297247,30.078010637693406,54.33559124476501
297.07232046557334,-494.24025485479007,349.6074760380603,35.60503058166505,30.260425916981447,55.38439345558702
