x,y,z,roll,pitch,yaw
304.776223602085,-502.4452410719119,337.29941069315066,35.34159009057058,22.49991615615161,61.438875093389186
298.7118666847757,-496.61755736265826,342.907362635033,83.79259091099796,20.080079121355645,87.91926042076234
298.46562527991745,-495.7278615289661,345.3194183917591,-49.85753710601974,-25.547701209103693,70.14962363353972
297.65280895572863,-494.8611949398974,344.18273061081914,61.197580772392264,27.087461943357713,76.02560165492193
297.05522907739254,-494.0501133301197,345.4411855976523,61.05353610076807,27.14835723339056,75.91718755327778
296.4524152631516,-493.2319368280221,346.70442679017856,-51.400256508330955,-23.533320675902015,72.45480014304316
295.64342810650555,-492.45061811119666,345.5443112193218,60.56673942950586,27.32350630390475,75.56194215079012
295.03432124168387,-491.62504444228733,346.799484023427,2.7116524918728078,2.6856182564185187,44.45165783078298
294.24625381990575,-490.82133537657916,346.8520395761965,55.16501104702279,3.0566670966532548,87.9510360299902
293.3130432271569,-490.7162297666195,348.195830495686,6.035293627209139,0.7853257427610436,81.89059444725996
292.20534754498703,-490.5588927185284,348.3139253030454,-90.43452933834386,43.62615991336873,-0.590898615479597
