x,y,z,roll,pitch,yaw
-675.2119202140876,556.7331210305024,900.4613746053966,-90.44167603305192,45.410601715148104,-2.2827760296630153
-678.573573993109,556.5098298721988,893.263501927225,-91.71172793153929,45.38131999567892,-2.7647535020544884
-687.5259477842047,557.5661940894245,885.4028756072452,-92.67267382115114,45.10883732832995,-2.5309865727190144
