x,y,z,roll,pitch,yaw
306.82895881518095,-508.2945002131884,338.04575133414653,35.21273555138282,30.063672828321018,54.793278470361706
301.6533798715095,-501.74417760029354,343.5508994942618,35.21273555138282,30.063672828321018,54.793278470361706
299.06559039967374,-498.469016293846,346.30347357431947,35.21273555138282,30.063672828321018,54.793278470361706
