x,y,z,roll,pitch,yaw
-161.006057406926,963.5377968231153,745.7916708162236,-89.70380422852139,49.80468775244073,-43.24449699949465
-166.95121359042906,969.043179388515,739.8105901829243,-89.70380422852139,49.80468775244073,-43.24449699949465
-167.28317168027388,970.2072764631229,739.0329417591629,-89.70380422852139,49.80468775244073,-43.24449699949465
-167.77611392968356,971.3927229954335,738.170362273074,-89.70380422852139,49.80468775244073,-43.24449699949465
-168.432560570131,972.5988810052768,737.2218871827886,-89.70380422852139,49.80468775244073,-43.24449699949465
-169.0766497009493,972.6266176273599,736.337208336168,-89.70380422852139,49.80468775244073,-43.24449699949465
-169.87969011618833,972.6676553893468,735.3730388680182,-89.70380422852139,49.80468775244073,-43.24449699949465
-170.5223485604563,972.7003572946935,734.5687791763564,-89.70380422852139,49.80468775244073,-43.24449699949465
-171.3491665693452,973.9394130512779,733.7662415564647,-89.70380422852139,49.80468775244073,-43.24449699949465
-172.46502129924767,974.0406126646001,733.6186477277604,-89.70380422852139,49.80468775244073,-43.24449699949465
-173.45702944507462,975.3240734953129,733.385193502641,-89.70380422852139,49.80468775244073,-43.24449699949465
