x,y,z,roll,pitch,yaw
308.13925120634667,-507.9327940886683,333.42376817987156,35.2097948502392,30.067311929184818,54.796321198294756
303.72520078835817,-502.0605837560529,340.20855297505716,35.2097948502392,30.067311929184818,54.796321198294756
301.5181755793639,-499.1244785897451,343.6009453726498,35.2097948502392,30.067311929184818,54.796321198294756
