x,y,z,roll,pitch,yaw
-224.74580605946693,982.9309678257449,734.2292767360552,-89.32229152052815,25.64576486952659,0.42599809523795784
-227.8786077464006,984.4949352911813,733.8611421893023,-89.1685997322662,25.493464688859458,0.5679751642175118
-231.45822501532635,983.3037274013677,725.8682618789812,-89.73029469805721,25.268807967205003,0.5843345041124366
