x,y,z,roll,pitch,yaw
242.91915638293418,-493.60879574332404,356.7775695511242,-3.6628577263393596,-4.001974873554482,42.22719945603716
238.32078986301943,-488.41476725231854,356.80911513042577,2.25027133486016,4.02980034373752,29.515133686745763
237.66912307759273,-487.2466643947343,356.86171370754164,60.33255276252551,31.371887015425983,73.6848956935137
236.92924592912573,-486.02179333380576,358.4484064363612,-67.56973412185768,-18.62886359742596,82.2964103296898
235.80895588383527,-484.8885701376551,355.55969318607254,3.685551927192035,4.386273865558774,40.398417901974135
234.83545237643662,-483.7249876936698,355.6573204872991,2.344420151448274,3.359143194948298,35.24386480775712
234.0227748814642,-482.5603048763098,355.71551041511816,58.737955900586925,31.847467785121083,72.44224792654664
233.26571431506497,-481.3160401359709,357.2569608192473,-48.6865670366332,-26.628224697755044,68.27906623213144
232.23416434477585,-480.1459852377074,355.8458995102926,4.29959337552373,3.759987107666211,49.189689909246624
231.0964908772115,-479.14683744901805,355.9596421297522,-39.97066372866413,-2.9503027368246815,86.301324594185
229.59656944735337,-478.98908699934617,354.6983394603774,-90.658479015042,0.1322888197086393,-0.24372007297330572
