x,y,z,roll,pitch,yaw
199.51191657459094,965.3059792617508,742.7057287764126,-89.73677622817813,61.38195644726927,-40.12819559326943
192.79169363879203,970.7749828703932,737.8895678451316,-89.22971236422397,38.91412866893478,-4.915088071901668
192.1592416681833,970.8425833784506,737.0986289303808,-89.16198553170906,45.28368606677633,-5.049025542696315
191.3700847293709,970.9280531416158,736.3097039953325,-91.08212112796262,71.83935365422083,-78.16694808813934
190.7996328973702,973.4285797775663,735.4727369979498,-89.11747749085819,47.74682409735227,-4.419991482367829
189.84436425414322,973.5215852612334,734.5975344327583,-90.27948890668979,62.567398715505234,-59.58867127689596
189.07211059548024,974.8263416296775,733.8110372959461,-89.1334071762869,45.16529111069141,-3.159755779613603
188.27125951023515,974.8869654647477,733.0095082262362,-88.69436059211269,63.82236247834334,-3.732950626249812
187.15523213092433,974.9869297298831,732.4562208714831,44.12359490798921,88.93234600742385,127.77094098485051
186.0442304639771,975.1083294295377,732.4724584613506,-94.7275912746105,87.0198213269302,-74.83804338276495
185.10707789731794,977.7106695356978,732.3334603717014,180.0,0.0,0.0
