x,y,z,roll,pitch,yaw
197.42204798030383,964.7177023911511,743.4569986807886,-89.44684171211063,60.64181693097726,-37.70226150021458
190.61816474774326,970.1936858266298,738.5334105085482,-91.21270873251456,73.11266168032502,-82.74662166403103
190.2613719416026,972.6475611976293,737.7900750562089,-88.796603274767,45.302444923976914,-1.2468393733790433
189.46274665002937,972.6869699618003,736.9928096569336,-90.06015447917956,60.60032838832224,-57.15657318175981
188.63962643474412,973.9691930990805,736.1345727144452,-88.63646183957684,59.307680279832745,53.7008301061983
187.70611674105197,972.7775882317237,735.2372939213035,-90.05788618883624,62.84654326865194,-57.06884744725622
186.8764983617579,974.0652011091431,734.4522231558647,-88.84456559576476,42.50979759135444,-1.4052320566607308
186.07378810057884,974.1073496192816,733.5685584983632,-89.87101779469727,71.67568658769308,-52.8652371369484
185.0778055915137,975.4356847782865,733.0196866562368,12.067754918227271,88.74214946385166,144.61203519252484
183.8481857377372,974.3063839186309,733.0296318741442,-92.9937959943088,87.05754110532234,-70.88422032276483
182.7975909854327,976.9147149666968,732.8942777761872,180.0,0.0,0.0
