x,y,z,roll,pitch,yaw
-371.8872286112049,806.604379514351,903.1412297958236,-89.93976045091274,45.540151194426805,-3.1619919948612707
-380.2874478277383,807.3583633437399,897.7285780836663,-89.93976045091274,45.540151194426805,-3.1619919948612707
-384.487557436005,807.7353552584344,895.0222522275876,-89.93976045091274,45.540151194426805,-3.1619919948612707
