x,y,z,roll,pitch,yaw
669.9758898745483,-508.13596347349005,333.3579294351408,35.209681955322885,30.067460193928948,54.79640136466478
666.4604110711247,-501.8573659110856,340.23051016304873,33.96184119342628,30.349246016923086,53.75060598348037
660.1750839187501,-495.1333028371963,345.44078939018993,32.73751295933756,30.41916357187764,53.330170279740415
