x,y,z,roll,pitch,yaw
662.4588894362249,-504.9834959198876,340.57609548060816,35.2197226197728,30.05554271023592,54.913516814443106
655.6654713491024,-499.93935397328715,345.9058330647771,35.2197226197728,30.05554271023592,54.913516814443106
652.2687623055413,-497.41728299998687,348.57070185686166,35.2197226197728,30.05554271023592,54.913516814443106
