x,y,z,roll,pitch,yaw
662.4588894362249,-504.9834959198876,340.57609548060816,34.09524231351743,18.18174680947442,65.50787570730161
655.6628680358149,-499.9188483709681,345.98699014851184,81.10570874895043,17.545172907563323,87.5033341835428
655.2988543175799,-499.131547943782,348.4289863800353,1.4248712252578337,1.447736844519635,44.88167011137827
654.505875269067,-498.3279682024226,348.45710979129035,53.05919230361797,25.136409490474115,72.51921754328114
653.6824304057584,-497.4422276063754,349.72694000378453,-48.5080168864604,-23.525584497157585,70.30922859133092
652.7616580820402,-496.5584973875379,348.5228729281405,53.57396733999155,23.30295173961414,73.95590507193462
651.9311509980557,-495.74577233927283,349.79934948428297,1.4082847198721944,1.5779480686685512,42.08838401428849
651.1347061294755,-494.8557320685415,349.82876042724763,51.315009159681026,15.290593471380843,78.29881084522732
650.135894680646,-494.2772724067277,351.1504176680497,-42.603145375065466,0.46978631819304867,90.6998537593672
648.9120432141959,-494.29741430712426,350.02483598255503,67.78466968832451,3.531592668924751,88.76029603970913
647.8489790711242,-494.1103556035018,352.6334970220428,-90.9694234775918,-0.07177426410488963,-0.18759616690807984
