x,y,z,roll,pitch,yaw
667.3914100756787,-501.4592156427324,336.32264467935136,37.05482866998645,24.030281635321433,61.59003439623532
660.8055071565004,-496.70940149718297,342.0920953821318,37.05482866998645,24.030281635321433,61.59003439623532
660.3667491997851,-496.07131450698375,343.30955384950323,37.05482866998645,24.030281635321433,61.59003439623532
659.4329442641775,-495.28031463858963,343.40381614466673,37.05482866998645,24.030281635321433,61.59003439623532
658.6539933499809,-494.4876956101888,343.4682568076778,37.05482866998645,24.030281635321433,61.59003439623532
657.8912689526746,-493.6785932383244,344.715048712702,37.05482866998645,24.030281635321433,61.59003439623532
657.1221418223772,-492.86236246256215,345.9587703982088,37.05482866998645,24.030281635321433,61.59003439623532
656.346553492765,-492.1200307434441,347.2222732912147,37.05482866998645,24.030281635321433,61.59003439623532
655.5646756310402,-491.5335578894749,348.5004849392029,37.05482866998645,24.030281635321433,61.59003439623532
654.4590453523697,-491.51403193232466,349.84844252009975,37.05482866998645,24.030281635321433,61.59003439623532
653.345431659821,-491.35637625166214,349.95748609258146,37.05482866998645,24.030281635321433,61.59003439623532
