x,y,z,roll,pitch,yaw
197.97469650140573,965.2521962528235,743.7666030136232,-89.7680285421298,45.977108639945065,-44.90087742500536
190.46260408620816,969.6019312611877,739.4635626670434,-90.28439297348162,45.71032587142959,-44.47812242135279
184.10498182344773,974.8142331768499,732.6189338607891,-90.9817424013328,45.34776673835451,-44.26897453659867
