x,y,z,roll,pitch,yaw
668.2476598215105,-501.1832855325669,338.18816839673786,35.19870931153207,30.08112497522214,54.80514080242814
662.1897956738601,-496.24277044515924,340.96764608283456,36.40400758735232,25.398231842954136,62.11743141268534
654.0727539434108,-489.5466706029527,346.9692695815618,35.30579165719956,25.30513114772744,62.13043256320292
