x,y,z,roll,pitch,yaw
667.4416987128385,-509.16367959505016,331.53698977941235,35.331698065979154,29.918226499177095,54.661609213033735
661.6364791257281,-504.4419221692527,336.51075974580885,34.35602834801516,29.673444433196728,54.56887321473888
655.3168925538981,-496.8087822119401,342.75964108832454,33.05813779221379,29.424122059370006,54.5111614581872
