x,y,z,roll,pitch,yaw
-367.9384446870887,812.7194028771995,902.349702039118,-90.45080790117115,45.42247354725151,-3.962538698086766
-376.07048992159656,811.9617322976527,896.6041552922238,-90.45080790117115,45.42247354725151,-3.962538698086766
-380.1365125388505,811.5828970078793,893.7313819187767,-90.45080790117115,45.42247354725151,-3.962538698086766
