x,y,z,roll,pitch,yaw
662.4588894362249,-504.9834959198876,340.57609548060816,35.033253303136306,23.936641781141354,60.17872975532652
655.6628680358149,-499.9188483709681,345.98699014851184,35.033253303136306,23.936641781141354,60.17872975532652
655.2988543175799,-499.131547943782,348.4289863800353,35.033253303136306,23.936641781141354,60.17872975532652
654.505875269067,-498.3279682024226,348.45710979129035,35.033253303136306,23.936641781141354,60.17872975532652
653.6824304057584,-497.4422276063754,349.72694000378453,35.033253303136306,23.936641781141354,60.17872975532652
652.7616580820402,-496.5584973875379,348.5228729281405,35.033253303136306,23.936641781141354,60.17872975532652
651.9311509980557,-495.74577233927283,349.79934948428297,35.033253303136306,23.936641781141354,60.17872975532652
651.1347061294755,-494.8557320685415,349.82876042724763,35.033253303136306,23.936641781141354,60.17872975532652
650.135894680646,-494.2772724067277,351.1504176680497,35.033253303136306,23.936641781141354,60.17872975532652
648.9120432141959,-494.29741430712426,350.02483598255503,35.033253303136306,23.936641781141354,60.17872975532652
647.8489790711242,-494.1103556035018,352.6334970220428,35.033253303136306,23.936641781141354,60.17872975532652
