x,y,z,roll,pitch,yaw
820.0525078920164,-504.63107080026896,351.7235766139971,0.029062576433045512,-0.028945279511788564,44.88859607158558
816.5169739860837,-501.0955368943363,351.723576613997,0.029062576433045512,-0.028945279511788564,44.88859607158558
812.5186710473847,-498.11153654040925,351.39294767068736,0.029062576433045512,-0.028945279511788564,44.88859607158558
