x,y,z,roll,pitch,yaw
899.3839324809443,-513.0189245801746,335.5671986265238,-90.24671259407532,46.6979821812798,45.66435908805525
893.4157820731343,-506.57482585886544,340.3671755260151,-90.24671259407532,46.6979821812798,45.66435908805525
890.4317068692294,-503.3527764982108,342.7671639757605,-90.24671259407532,46.6979821812798,45.66435908805525
