x,y,z,roll,pitch,yaw
322.0898272192243,921.3820204457893,747.6880919048565,-78.75554545424917,33.81267216522191,-29.1715203512277
315.87162597680265,925.9207572008452,741.2817633567765,-78.75554545424917,33.81267216522191,-29.1715203512277
315.4967407303269,927.5508545687856,740.3875615460795,-78.75554545424917,33.81267216522191,-29.1715203512277
314.7250850860396,926.8239950871614,739.3229140737249,-78.75554545424917,33.81267216522191,-29.1715203512277
313.9272304049166,926.8991509576799,738.2083649875619,-78.75554545424917,33.81267216522191,-29.1715203512277
313.25614684996333,927.7580533996639,737.1939623490775,-78.75554545424917,33.81267216522191,-29.1715203512277
312.54662193650836,929.4328104111039,736.1130177856876,-78.75554545424917,33.81267216522191,-29.1715203512277
311.74300162419195,929.4965782226179,734.9867637240119,-78.75554545424917,33.81267216522191,-29.1715203512277
310.9427321913589,929.5726261168722,734.1848954489609,-78.75554545424917,33.81267216522191,-29.1715203512277
309.51430858428057,929.7581403290394,733.9599683703938,-78.75554545424917,33.81267216522191,-29.1715203512277
308.46960995075244,931.5204472785501,733.6752347140397,-78.75554545424917,33.81267216522191,-29.1715203512277
