x,y,z,roll,pitch,yaw
820.2627087350907,-506.77723186396645,340.59563329644425,35.21766820980297,30.058160410627004,54.92153390489112
812.3741565671049,-503.38081557557496,343.5667177952689,34.55776867962026,29.90618754633045,54.6721227415215
804.7028577306834,-495.3007865608547,348.3175397780785,33.71070353083227,29.898266204731705,54.7516725862214
