x,y,z,roll,pitch,yaw
286.1875868462538,920.772918702451,741.490674616891,-90.14614427478092,45.87846521330856,-45.258787309200756
278.28914480185284,923.7744437956912,738.2037054493246,-90.42645222750902,45.790184250718525,-44.90263832750989
270.5776542981589,928.6148206210041,730.2540071697006,-91.34994819135525,45.85196137046644,-44.952047031573684
