x,y,z,roll,pitch,yaw
858.1774462897648,-510.0733427249876,350.24288774909206,0.05425018414924724,-0.053900978543496805,44.81449666192628
850.378970013363,-503.8695087882588,349.40849440546384,0.05425018414924724,-0.053900978543496805,44.81449666192628
846.4797318751621,-500.7675918198945,348.9912977336498,0.05425018414924724,-0.053900978543496805,44.81449666192628
