x,y,z,roll,pitch,yaw
627.0499220663324,-495.64463305543836,337.3754612162444,41.80358380475252,10.45009119100506,78.27151111654535
