x,y,z,roll,pitch,yaw
-439.42050231515753,774.9841794346114,889.4866107202289,-90.44167883327121,45.41058184213516,-2.2827759758773256
-446.9336910297078,775.1221607997026,885.9191943641059,-94.92752249900752,62.196186905164,-2.6461904935312903
-457.34809314281074,774.8360867535922,881.1003465202559,-95.94179415334648,62.10866320915254,-2.309702543909597
