x,y,z,roll,pitch,yaw
627.0499220663324,-495.64463305543836,337.3754612162444,35.21137067476738,30.0653250421352,54.79168859214349
619.9907451632181,-492.9479267162959,343.92494946884585,35.21137067476738,30.0653250421352,54.79168859214349
616.4611567116608,-491.5995735467245,347.1996935951465,35.21137067476738,30.0653250421352,54.79168859214349
