x,y,z,roll,pitch,yaw
-164.77434125650822,994.743999477741,901.3369260320632,-90.74131095701313,64.45722716188303,-1.7341019942073335
-175.81501392704195,999.7097957059299,892.3393135074616,-104.74999125440542,62.36006196969066,-5.720823822414246
-186.40264181358052,999.5412614466956,886.199782092235,-105.48631407014358,62.24066043363693,-5.785148669887621
