x,y,z,roll,pitch,yaw
939.6001204540905,-509.2813360251252,334.90639452656274,37.94006844788097,23.779836959842026,62.90033612685411
934.6051761430333,-502.2461833047914,340.03753537212253,37.94006844788097,23.779836959842026,62.90033612685411
934.751628482268,-500.98626564699265,343.3653602131442,37.94006844788097,23.779836959842026,62.90033612685411
933.9518367395976,-500.10309969455585,344.02186575744236,37.94006844788097,23.779836959842026,62.90033612685411
932.9389329891399,-499.5373578332382,344.1294849854023,37.94006844788097,23.779836959842026,62.90033612685411
931.998542326432,-498.83123253735204,345.3737810998316,37.94006844788097,23.779836959842026,62.90033612685411
930.9783982229305,-498.2617119780062,345.46878758784226,37.94006844788097,23.779836959842026,62.90033612685411
930.0450420760769,-497.64785278759626,346.12522968652024,37.94006844788097,23.779836959842026,62.90033612685411
928.9928711828813,-497.14338283975115,346.79593492957997,37.94006844788097,23.779836959842026,62.90033612685411
