x,y,z,roll,pitch,yaw
851.7298228816182,-508.4994997673147,349.5852726507385,-7.8553185120759705,-5.805341842225785,53.89727013261209
847.5709243833651,-499.3987137825289,350.0613955091095,-7.8553185120759705,-5.805341842225785,53.89727013261209
846.5425703712889,-498.3570356063872,350.2259296911558,-7.8553185120759705,-5.805341842225785,53.89727013261209
845.5017576688127,-497.4138809493829,349.7307153857705,-7.8553185120759705,-5.805341842225785,53.89727013261209
844.3518209348418,-496.36054615530946,349.2463185274146,-7.8553185120759705,-5.805341842225785,53.89727013261209
843.3249859587809,-495.32304975697656,349.38286107002614,-7.8553185120759705,-5.805341842225785,53.89727013261209
842.2967250465824,-494.28499113521497,349.5102271899967,-7.8553185120759705,-5.805341842225785,53.89727013261209
841.2693868334936,-493.3574975762693,348.98611276691486,-7.8553185120759705,-5.805341842225785,53.89727013261209
840.1334686466703,-492.37723954799554,348.4708093305152,-7.8553185120759705,-5.805341842225785,53.89727013261209
