x,y,z,roll,pitch,yaw
-78.4627138965621,968.9574006231551,744.0820314300335,-89.70072916133277,46.09126401564082,-45.23136292874541
-86.06647466733745,972.5334354955564,738.7118120537497,-89.70072916133277,46.09126401564082,-45.23136292874541
-89.86835505272512,974.3214529317571,736.0267023656078,-89.70072916133277,46.09126401564082,-45.23136292874541
