hook_num,trajectory_process,x_max_work,x_max_local,x_min_work,x_min_local,y_max_work,y_max_local,y_min_work,y_min_local,z_max_work,z_max_local,z_min_work,z_min_local,x_mean_work,x_mean_local,y_mean_work,y_mean_local,z_mean_work,z_mean_local,euclidean_max_work,roll_max,pitch_max,yaw_max
9,4,-2.01157490664627e-09,-1.66848077022848e-09,-5.18949181594564,-1.63794831171155,3.25962277042731,5.89067447162436,-3.55839802068658e-10,1.17768890163785e-09,2.47266603530682,2.51502905203077,-1.09207144305401e-06,-1.09207144409622e-06,-5.03186232625934,-1.4284496223808,3.00315924132369,5.67449572237649,1.73900707340026,1.76467347658227,6.42262188616487,0.388871113096348,0.130975516621025,0.0896357233331244
