hook_num,trajectory_process,x_max_work,x_max_local,x_min_work,x_min_local,y_max_work,y_max_local,y_min_work,y_min_local,z_max_work,z_max_local,z_min_work,z_min_local,x_mean_work,x_mean_local,y_mean_work,y_mean_local,z_mean_work,z_mean_local,euclidean_max_work,roll_max,pitch_max,yaw_max
16,2,1.04205355455633e-09,5.8927613631529e-10,-5.80282987536998,-2.61657444262744,2.32794482378034,5.53990311337383,-2.11116457649041e-10,-8.83446195263162e-10,4.78979100968621,4.84310755393544,-9.56547296482313e-07,-9.56547297905256e-07,-4.41792227355349,-1.76888753386706,1.8447696820213,4.39688204984779,3.79017305655066,3.84698254078175,7.21672627861304,2.47793917591319,1.1530204098211,11.9411453908093
