hook_num,trajectory_process,x_max_work,x_max_local,x_min_work,x_min_local,y_max_work,y_max_local,y_min_work,y_min_local,z_max_work,z_max_local,z_min_work,z_min_local,x_mean_work,x_mean_local,y_mean_work,y_mean_local,z_mean_work,z_mean_local,euclidean_max_work,roll_max,pitch_max,yaw_max
20,2,0.955531969659546,0.711930579621193,-0.824263028951236,-0.344536693593881,1.04903880125551,1.0752164751415,-0.277293834257875,-0.638777811088423,-1.06475147276797e-06,-1.06475147759485e-06,-4.64230908743525,-4.64585467727226,0.543256130403254,0.477393918541437,0.136073897674096,-0.246610150755124,-3.64285908276378,-3.64715375835607,4.70040909949692,-5.69312260568139,-4.44147542356504,11.3443235901069
