hook_num,trajectory_process,x_max_work,x_max_local,x_min_work,x_min_local,y_max_work,y_max_local,y_min_work,y_min_local,z_max_work,z_max_local,z_min_work,z_min_local,x_mean_work,x_mean_local,y_mean_work,y_mean_local,z_mean_work,z_mean_local,euclidean_max_work,roll_max,pitch_max,yaw_max
7,3,-6.21190565652796e-09,-6.29346942922077e-09,-3.97217184163435,-1.30652781914518,2.43556164248628,4.22155363355265,-2.69676547759445e-09,2.49803123878834e-09,3.84632358251679,3.93061304055989,-5.52888309357513e-07,-5.52888320569905e-07,-3.04234386491951,-0.560847577455691,2.23572569691196,3.70014278594637,2.2247318751437,2.2740553269178,5.91424119374424,-0.656830085568794,-1.17468708126927,6.86774290187236
