hook_num,trajectory_process,x_max_work,x_max_local,x_min_work,x_min_local,y_max_work,y_max_local,y_min_work,y_min_local,z_max_work,z_max_local,z_min_work,z_min_local,x_mean_work,x_mean_local,y_mean_work,y_mean_local,z_mean_work,z_mean_local,euclidean_max_work,roll_max,pitch_max,yaw_max
23,4,3.83124643121846e-10,1.19466020369996,-2.90111186799072,9.33311563696305e-11,7.50416686092876,7.80958478123473,-5.9515059547266e-10,-7.01414715516375e-10,3.09510311521001,3.00164862744118,-1.97379677047138e-08,-1.97379751881466e-08,-2.58149728611547,0.81556672641953,7.10438494403744,7.53693759578084,2.52732618789386,2.46206537499051,8.45143312937025,-8.33540106349399e-09,1.54833308233236,1.35428415148908e-07
