hook_num,trajectory_process,x_max_work,x_max_local,x_min_work,x_min_local,y_max_work,y_max_local,y_min_work,y_min_local,z_max_work,z_max_local,z_min_work,z_min_local,x_mean_work,x_mean_local,y_mean_work,y_mean_local,z_mean_work,z_mean_local,euclidean_max_work,roll_max,pitch_max,yaw_max
8,3,1.19945298138191e-09,0.510046230762105,-4.20231952594287,-0.9925351543944,6.67532847696145,7.76597104339098,4.77712092106231e-10,-7.7263973760316e-11,4.71775346790889,4.81469263587238,-1.10007704279269e-07,-1.10007698305231e-07,-2.23515335728525,0.148627361542996,5.16001613067302,5.60141355653241,1.97921102596667,2.02475938666399,9.19112057680779,6.21865606706086,9.24519574769764,7.18993700327589
