hook_num,trajectory_process,x_max_work,x_max_local,x_min_work,x_min_local,y_max_work,y_max_local,y_min_work,y_min_local,z_max_work,z_max_local,z_min_work,z_min_local,x_mean_work,x_mean_local,y_mean_work,y_mean_local,z_mean_work,z_mean_local,euclidean_max_work,roll_max,pitch_max,yaw_max
12,3,-1.45328726830485e-08,-1.44795282071909e-08,-7.04347410752757,-3.23944304367259,2.8406000376886,6.6997301602209,-5.96276095166104e-09,6.08734491566983e-09,2.96852108056635,3.01049552858694,-9.36968831410923e-07,-9.36968856172345e-07,-4.91495474067372,-1.68852933926291,2.48091162897983,5.21992986227387,2.03228086817134,2.08749880836631,7.46403556406349,-3.196813368351,-2.85843336278192,7.6157093240137
