hook_num,trajectory_process,x_max_work,x_max_local,x_min_work,x_min_local,y_max_work,y_max_local,y_min_work,y_min_local,z_max_work,z_max_local,z_min_work,z_min_local,x_mean_work,x_mean_local,y_mean_work,y_mean_local,z_mean_work,z_mean_local,euclidean_max_work,roll_max,pitch_max,yaw_max
9,1,-2.01157490664627e-09,-1.66848077022848e-09,-5.3920455605944,-2.13293887008868,3.29040796834306,5.83987692690905,-3.55839802068658e-10,1.17768890163785e-09,4.24017879301016,4.32319410770563,-1.09207144305401e-06,-1.09207144409622e-06,-4.18877376790333,-1.09543009143165,2.63320043222269,4.8005952812999,2.03455949579012,2.07864282302331,7.25592215635194,61.4435039189823,19.6674420624781,41.6766150097002
