hook_num,trajectory_process,x_max_work,x_max_local,x_min_work,x_min_local,y_max_work,y_max_local,y_min_work,y_min_local,z_max_work,z_max_local,z_min_work,z_min_local,x_mean_work,x_mean_local,y_mean_work,y_mean_local,z_mean_work,z_mean_local,euclidean_max_work,roll_max,pitch_max,yaw_max
7,1,1.8814609987237,2.71478586926174,-2.45313126133743,-0.734918110015467,2.20626050989517,3.11314338564577,8.98528469406301e-08,-0.496561971180491,3.41962252430119,3.41796906916684,-2.50000172034754,-2.50000114805949,0.96359663623163,1.76500235525755,1.53367890709677,0.410169196984703,0.257393074205298,0.257256831404312,4.10045603520341,35.1940581177935,40.7025758144477,42.595042558659
