hook_num,trajectory_process,x_max_work,x_max_local,x_min_work,x_min_local,y_max_work,y_max_local,y_min_work,y_min_local,z_max_work,z_max_local,z_min_work,z_min_local,x_mean_work,x_mean_local,y_mean_work,y_mean_local,z_mean_work,z_mean_local,euclidean_max_work,roll_max,pitch_max,yaw_max
2,4,2.18278728425503e-11,1.20248310290802e-11,-3.48841540474346,-1.32811990746099,3.11616853026533,4.29980310574605,-3.47881723428145e-11,-3.92214602592394e-11,-1.20362528832629e-08,-1.20362530391861e-08,-1.13895788578975,-0.847290631893507,-3.13579792711147,-0.86995938361126,2.70815060800145,4.10170585338053,-0.877351404570333,-0.595554236700407,4.40339858911484,4.32304974081286,-1.70529370412258e-07,-2.70898999232827e-07
