hook_num,trajectory_process,x_max_work,x_max_local,x_min_work,x_min_local,y_max_work,y_max_local,y_min_work,y_min_local,z_max_work,z_max_local,z_min_work,z_min_local,x_mean_work,x_mean_local,y_mean_work,y_mean_local,z_mean_work,z_mean_local,euclidean_max_work,roll_max,pitch_max,yaw_max
20,1,0.955531969659546,0.711930579621193,-4.04785565954023,-2.0280024397488,1.21413013049948,3.77113574408344,-0.277293834257875,-0.638777811088423,-1.75572771144653,-1.7522013852411,-4.64230908743525,-4.64585467727226,-0.152871105597677,0.0537869583029327,0.237040297374655,0.316506300258413,-3.49520061366407,-3.49001386125704,5.66619162245297,35.1940028293518,40.5683935993497,44.9721949763
