hook_num,trajectory_process,x_max_work,x_max_local,x_min_work,x_min_local,y_max_work,y_max_local,y_min_work,y_min_local,z_max_work,z_max_local,z_min_work,z_min_local,x_mean_work,x_mean_local,y_mean_work,y_mean_local,z_mean_work,z_mean_local,euclidean_max_work,roll_max,pitch_max,yaw_max
22,4,-3.17508533953514e-06,-1.82192518531258e-06,-4.22278193578927,-3.23238312414001,0.336536236969096,3.04598451000549,-0.363449699051614,2.66694362856841e-06,2.66885454715646,2.68586460590429,-3.51658252384368e-06,-3.51657834749564e-06,-4.02234639773538,-2.84316191277745,-0.0131979363618408,2.83010899631625,1.93057072547742,1.95361399293634,4.80350432909509,0.598770732043287,0.0156963002642396,1.27688638684731e-06
