hook_num,trajectory_process,x_max_work,x_max_local,x_min_work,x_min_local,y_max_work,y_max_local,y_min_work,y_min_local,z_max_work,z_max_local,z_min_work,z_min_local,x_mean_work,x_mean_local,y_mean_work,y_mean_local,z_mean_work,z_mean_local,euclidean_max_work,roll_max,pitch_max,yaw_max
15,4,-9.25224640013766e-07,-8.4082417239029e-07,-5.00183995602288,-1.98546645052579,2.24212240216252,5.06582094399195,-2.64974573838117e-07,4.68255596455341e-07,2.62943317564589,2.68305483488472,-1.75131401647377e-06,-1.75131503478935e-06,-4.86989103820876,-1.89344104161847,2.15830265501787,4.95858745121352,2.48271490092205,2.52273964323524,6.04674792147815,0.60171364402035,0.0439328257373967,-5.68117755506137e-07
