hook_num,trajectory_process,x_max_work,x_max_local,x_min_work,x_min_local,y_max_work,y_max_local,y_min_work,y_min_local,z_max_work,z_max_local,z_min_work,z_min_local,x_mean_work,x_mean_local,y_mean_work,y_mean_local,z_mean_work,z_mean_local,euclidean_max_work,roll_max,pitch_max,yaw_max
18,1,-6.38236770100775e-08,1.06036776863949,-2.79501515837899,-4.86230042535629e-08,6.38543821043316,6.72901067193554,2.14279225474456e-08,4.65670290108159e-08,4.14281273481583,4.22828413019589,-1.23823724607064e-07,-1.23823453569249e-07,-1.6532349506691,0.757492451080249,5.2759642409861,5.45854876847057,2.23472501509987,2.27432636404274,7.94795588757358,84.4241527505604,44.8751966020068,61.9881018451976
