hook_num,trajectory_process,x_max_work,x_max_local,x_min_work,x_min_local,y_max_work,y_max_local,y_min_work,y_min_local,z_max_work,z_max_local,z_min_work,z_min_local,x_mean_work,x_mean_local,y_mean_work,y_mean_local,z_mean_work,z_mean_local,euclidean_max_work,roll_max,pitch_max,yaw_max
14,4,-4.49370986643771e-07,0.247799876111217,-1.25278335441271,-0.319563123843606,1.29080619929618,1.57620368932939,1.86699026016868e-07,4.48831084212163e-07,-1.13622127173585e-06,-1.13635466269669e-06,-1.78126664986263,-1.76938657045389,-1.0724012889723,-0.0404322283427966,1.02580473539839,1.49258959669554,-1.54136685478912,-1.53272035055206,2.32416042911869,0.510241544534341,1.04859071425878e-09,0.26051409300193
