hook_num,trajectory_process,x_max_work,x_max_local,x_min_work,x_min_local,y_max_work,y_max_local,y_min_work,y_min_local,z_max_work,z_max_local,z_min_work,z_min_local,x_mean_work,x_mean_local,y_mean_work,y_mean_local,z_mean_work,z_mean_local,euclidean_max_work,roll_max,pitch_max,yaw_max
20,3,-1.40635165735148e-07,-1.63498593478317e-07,-7.2606160263399,-3.40583335897138,2.61518961331905,6.81598872054925,-9.0673324848467e-08,3.56003630259422e-08,3.34484901859844,3.41212413863957,-8.94395839168283e-07,-8.94396244896521e-07,-5.47445722075417,-2.19993823701761,2.33903190257327,5.50758221683539,2.19845514269765,2.2540360536952,7.98711362663107,1.25219230395418,0.418405147755151,4.8086356878078
