hook_num,trajectory_process,x_max_work,x_max_local,x_min_work,x_min_local,y_max_work,y_max_local,y_min_work,y_min_local,z_max_work,z_max_local,z_min_work,z_min_local,x_mean_work,x_mean_local,y_mean_work,y_mean_local,z_mean_work,z_mean_local,euclidean_max_work,roll_max,pitch_max,yaw_max
1,4,3.64201468983083e-09,3.71161392951021e-09,-3.0253178316591,-0.276339147241063,4.22628654649543,4.89955900746265,7.47149897506461e-10,-2.23111853922427e-10,4.09110999823707,4.39772141299739,-9.29616248868115e-07,-9.29616247064741e-07,-2.906228258044,-0.172845008082167,4.05429190920538,4.74475067682162,3.83682278877736,4.13043529760054,6.4996875332903,3.62838341012144,-8.0424459841894e-08,-7.32027855221418e-07
