hook_num,trajectory_process,x_max_work,x_max_local,x_min_work,x_min_local,y_max_work,y_max_local,y_min_work,y_min_local,z_max_work,z_max_local,z_min_work,z_min_local,x_mean_work,x_mean_local,y_mean_work,y_mean_local,z_mean_work,z_mean_local,euclidean_max_work,roll_max,pitch_max,yaw_max
25,2,3.09674987875042e-08,3.36669500109002e-08,-6.22393625331813,-4.95913717628824,1.76787448120251,4.32794432516793,-2.50651667764782,-1.01653093152485e-08,1.85978848565242,2.27039158231842,-2.77624237519626,-2.74741791210524,-3.76852441439547,-2.39910097205915,-0.357891318831299,3.09344929277804,-0.766410420633899,-0.584072215650688,6.96267344861582,15.9937986985577,2.78926636791218,35.5251945292827
