hook_num,trajectory_process,x_max_work,x_max_local,x_min_work,x_min_local,y_max_work,y_max_local,y_min_work,y_min_local,z_max_work,z_max_local,z_min_work,z_min_local,x_mean_work,x_mean_local,y_mean_work,y_mean_local,z_mean_work,z_mean_local,euclidean_max_work,roll_max,pitch_max,yaw_max
3,2,2.24261932580069,2.24912947207519,-1.40308543450374e-07,-4.38444366704275e-07,1.2079792938074,-2.41339435947739e-07,-0.390681751710872,-1.59920743291451,0.106055996549685,0.0956300135199172,-4.27095992011095,-4.29733945190984,2.00703649904359,1.80395427767494,0.549053563403815,-0.986785903086633,-1.73490232597901,-1.76190296061422,4.44412665216867,-6.40792745220354,-5.98633698227931,7.44795694020818
