hook_num,trajectory_process,x_max_work,x_max_local,x_min_work,x_min_local,y_max_work,y_max_local,y_min_work,y_min_local,z_max_work,z_max_local,z_min_work,z_min_local,x_mean_work,x_mean_local,y_mean_work,y_mean_local,z_mean_work,z_mean_local,euclidean_max_work,roll_max,pitch_max,yaw_max
17,1,1.06429070001468e-07,1.47009205361061e-07,-6.96451713308659,-3.43042586446072,2.81280466347209,6.36309969604522,1.01474256553047e-07,-3.7388836451988e-09,3.40462742994481,3.47879685964208,-1.61160471634503e-06,-1.61160424661829e-06,-5.09329688955789,-1.95952000950546,2.29738433946676,5.20526790552954,2.30810374793549,2.36404316636979,7.73933848252014,59.2793258572035,23.0979888762433,45.0612997382871
