hook_num,trajectory_process,x_max_work,x_max_local,x_min_work,x_min_local,y_max_work,y_max_local,y_min_work,y_min_local,z_max_work,z_max_local,z_min_work,z_min_local,x_mean_work,x_mean_local,y_mean_work,y_mean_local,z_mean_work,z_mean_local,euclidean_max_work,roll_max,pitch_max,yaw_max
5,4,-6.63072796669439e-09,-8.35607779360005e-09,-4.26096471569315,-2.12472226204779,1.90620652824123,4.08119255326309,-5.19196419190848e-09,1.03355972711841e-09,3.51434256578784,3.54772902659617,-6.4842720348679e-07,-6.48427227208601e-07,-4.00812931440337,-1.74386945820409,1.55587329369508,3.8951377510648,3.34912229655062,3.3896846834537,5.5938976734317,0.495087660358596,0.423562053118792,0.599027013400097
