x,y,z,roll,pitch,yaw
460.6186933940972,979.9338421052471,734.7044809251541,-85.36683151904728,80.5406951718986,-7.15305509529169
450.981926018376,981.3160136073335,733.0326601887343,-88.07478644798714,63.628228410675916,-3.3606545226264695
449.8412758684971,981.4248901946796,732.4626903898268,-87.5751009545881,69.72419559789932,-3.5619014301590437
448.5390131149131,981.5637028308228,731.977073505726,-88.48992734340186,81.44518576499537,-47.00058343049337
447.1599491962947,983.1254277818027,731.6646706054288,-87.60034371767645,69.72590778804933,-4.3853317301886765
445.8504880963814,983.2834711121433,731.175660136115,-86.5541545363311,76.32601912793628,-4.1485098645616025
444.5420945189564,983.4586527872445,730.8531211465712,-84.86161862768597,80.98525511368236,-2.81545026194726
443.0694634799485,983.6641218068819,730.6161392438445,-73.19275169914316,87.27135125850934,8.253626153165495
441.59700529341495,983.8838443439813,730.5463835095192,36.95139452649749,89.02646994117902,117.83966676361742
440.1240427917583,984.1176131307138,730.559900320675,88.38665677682553,78.0918184122309,126.00846317243395
438.86484725194606,985.7517645026717,730.9937163212393,180.0,0.0,0.0
