x,y,z,roll,pitch,yaw
460.6186933679549,979.9338440845518,734.7044809754016,-88.67808741215573,45.52050418350282,0.9030601002275368
454.1144983564148,984.0654186209654,734.8235211421367,-88.88048502757567,45.07834294922409,1.2030846459147326
445.0652329474033,983.9412772848895,728.4093349425058,-90.83109925918998,64.3511931709107,3.5808814255527777
