x,y,z,roll,pitch,yaw
-163.06164973757632,995.8734048703609,889.7677667971957,-89.37575556189645,70.75799332066678,31.36983329512483
-165.96903283180586,993.8594326352354,886.2743739953005,-89.37575556189645,70.75799332066678,31.36983329512483
-166.5607311049414,993.4786895597248,884.8772646976432,-89.37575556189645,70.75799332066678,31.36983329512483
-167.41964971052067,992.1345965329334,884.3615963447662,-89.37575556189645,70.75799332066678,31.36983329512483
-169.06082069836907,991.9798520824256,883.817646012571,-89.37575556189645,70.75799332066678,31.36983329512483
-170.35394649572817,991.1861960308611,883.4042691809402,-89.37575556189645,70.75799332066678,31.36983329512483
-171.64336245192175,990.3832306070674,882.9913607157555,-89.37575556189645,70.75799332066678,31.36983329512483
-172.56614166054476,988.949956904187,882.7149674719835,-89.37575556189645,70.75799332066678,31.36983329512483
-174.40139124197947,988.6201426317273,882.5167515519217,-89.37575556189645,70.75799332066678,31.36983329512483
