x,y,z,roll,pitch,yaw
49.85655972716738,924.8614897204674,746.2703487621937,-89.79709048295939,45.89206245816041,-44.854144310691076
43.40491550430216,926.1845649180088,739.4647249631814,-91.31467229483034,46.437479571751616,-45.494430200007734
36.04704258631205,929.8181902814811,731.662068741355,-92.50352974130747,46.49045160711696,-45.311406817499574
