x,y,z,roll,pitch,yaw
-819.2888273160021,438.3066591626553,900.0500099420299,-89.54480949287874,53.14129152967283,29.684843562947812
-826.3411258989499,438.8709995909228,893.0756966558231,-89.54489070295769,53.14136325941194,29.68476387538783
-834.3437023034213,434.9881005083215,884.7089930405092,-90.24078132725047,52.93708130070125,29.641034489165573
