x,y,z,roll,pitch,yaw
-329.6480482615323,835.5027442500714,900.3087343319015,-90.81771442983846,71.52846642985091,-20.123158036486153
-336.66108833008565,835.9140678315753,893.3028546503313,-90.81776972835358,71.5284324483774,-20.12318557753241
-347.41460063212423,838.4997528565035,887.1335217581624,-92.81150913100184,71.14698484543987,-20.814542784336652
