x,y,z,roll,pitch,yaw
-430.36102371626134,782.0395993007136,899.9768801413982,-89.71755384230332,25.243199158056377,41.648775524094575
-433.59054543036655,779.2093441397283,890.9458291376482,-89.71755384230332,25.243199158056377,41.648775524094575
-436.52723689068034,776.1566882432503,888.285853690413,-89.71755384230332,25.243199158056377,41.648775524094575
