x,y,z,roll,pitch,yaw
599.713548963532,-505.3003383724982,352.8535258824727,0.0612023045904366,-0.028288978649777145,24.81295804020633
595.4873663461251,-496.2372605021316,352.8535258824726,0.0612023045904366,-0.028288978649777145,24.81295804020633
591.2861586396514,-493.54700722156525,352.51827807343284,0.0612023045904366,-0.028288978649777145,24.81295804020633
