x,y,z,roll,pitch,yaw
-358.724815469393,839.6964564982243,897.4489564859957,-89.60590486324428,45.30932551427837,40.779511344688885
-361.4397519557589,837.3914545616497,893.9395289624244,-89.60590486324428,45.30932551427837,40.779511344688885
-363.4031192189738,833.5037962049985,891.4730741505618,-89.60590486324428,45.30932551427837,40.779511344688885
