x,y,z,roll,pitch,yaw
353.04108872996534,988.8620145737954,745.6956607937543,-88.19798602015102,57.4737399056554,23.185296908841977
345.0809996696526,985.6423135394449,740.3718749117343,-90.28916860677806,61.979082230129535,-69.81425042026798
344.5041866845672,987.1929172333987,739.4929743700565,-88.15538430943693,60.755156844903226,45.208780880182104
343.2680981816547,986.0383823166021,738.5477960354776,-88.79563516299334,48.0058591986634,-9.735018304715968
342.27694273658454,986.2369399366063,737.6351700786917,-87.99941682045352,63.405418886752486,46.336328247093604
341.05119390579404,985.0510491561541,736.7828572514443,-88.28242567920626,59.912842453644174,51.231769781689856
339.9968082755908,983.8304973675113,735.8495693046684,-88.13169068905542,61.53640961837928,47.039816994682646
338.786702001386,982.6262002668395,734.9256303045587,-88.67117854912792,50.478104069323344,-6.083051996867341
337.80156676418557,982.760551627759,734.1030081439508,-88.29820781307113,60.66764648764089,-5.806612523008609
336.65352183422414,982.9159455094418,733.4499866159366,17.880180811690494,88.8066839547935,144.91969625885343
335.1421278967866,981.7741993646544,733.4627008139089,180.0,0.0,0.0
