x,y,z,roll,pitch,yaw
820.0525078920164,-504.63107080026896,351.7235766139971,-3.7733014546683172,-2.849703982298522,53.33851444799521
816.4835739076809,-501.1109750535561,351.3495601473485,-3.7733014546683172,-2.849703982298522,53.33851444799521
815.900442781693,-499.52025196346415,351.4209660686895,-3.7733014546683172,-2.849703982298522,53.33851444799521
814.6184654648896,-498.21705558175574,351.60424574136084,-3.7733014546683172,-2.849703982298522,53.33851444799521
813.3341235431953,-496.912891603831,351.77356685379516,-3.7733014546683172,-2.849703982298522,53.33851444799521
811.927137616922,-495.84057277975194,351.2833524139286,-3.7733014546683172,-2.849703982298522,53.33851444799521
810.5264990252119,-494.77397393664694,350.78036035362504,-3.7733014546683172,-2.849703982298522,53.33851444799521
809.1271596926076,-493.6505790602838,350.926117990625,-3.7733014546683172,-2.849703982298522,53.33851444799521
807.5129567412217,-493.18172987479386,349.7857609062829,-3.7733014546683172,-2.849703982298522,53.33851444799521
