x,y,z,roll,pitch,yaw
353.04108872996534,988.8620145737954,745.6956607937543,-88.67808726160978,45.52050403280165,0.903060253969482
345.15807636183507,985.8261126507081,740.328697122389,-88.67808726160978,45.52050403280165,0.903060253969482
341.21657017777,984.3081616891644,737.6452152867064,-88.67808726160978,45.52050403280165,0.903060253969482
