x,y,z,roll,pitch,yaw
937.0693288152758,-504.5115389331215,335.83173618726585,-90.24671175018018,46.69798024221384,45.66435780808913
930.4777537682471,-500.97910493846655,341.7114097840706,-91.9323861775834,47.803659392670404,47.79270869504954
926.3544360790465,-498.25186519060674,343.4602164464379,-92.84505574341314,48.515924706701206,54.76990592375312
923.2837586505784,-495.4385235042901,345.8495616632294,-93.11821609944852,48.47278350010809,54.680923192094475
921.8935272060029,-495.12754363624964,346.7387740393764,-108.59295292443562,64.74778904241202,83.65664604035476
