x,y,z,roll,pitch,yaw
199.51191657459094,965.3059792617508,742.7057287764126,-89.91443513462288,45.81140924184189,-45.18274552254724
192.8470423150908,970.9930161637328,737.9161077794727,-89.91443513462288,45.81140924184189,-45.18274552254724
189.51460518534074,973.8365346147239,735.5212972810027,-89.91443513462288,45.81140924184189,-45.18274552254724
