x,y,z,roll,pitch,yaw
700.4787227567689,-505.3821603618802,334.36839890376575,35.2055860749739,30.072508653835104,54.803223031604496
695.4787227567688,-498.3110925500147,339.36839890376564,35.2055860749739,30.072508653835104,54.803223031604496
693.1117772530256,-496.7008338864059,343.4677447074986,35.2055860749739,30.072508653835104,54.803223031604496
