x,y,z,roll,pitch,yaw
-329.6480478351063,835.5027437491611,900.3087343210607,-90.81747421216548,71.52849488362273,-20.122967408518303
-336.6610876713973,835.9140677928582,893.3028553089757,-90.81747421216548,71.52849488362273,-20.122967408518303
-336.6574773588332,835.8996410493287,892.5313373786155,-90.81747421216548,71.52849488362273,-20.122967408518303
-338.1709783056137,836.9046251070855,891.7906356337342,-90.81747421216548,71.52849488362273,-20.122967408518303
-339.10917644036294,836.8829011205811,891.4154974666808,-90.81747421216548,71.52849488362273,-20.122967408518303
-340.3957315132598,837.3435405763436,890.9328422387405,-90.81747421216548,71.52849488362273,-20.122967408518303
-341.781044054416,837.7337118660868,890.4457129546647,-90.81747421216548,71.52849488362273,-20.122967408518303
-342.7409783448476,837.7142013133483,890.2308603216386,-90.81747421216548,71.52849488362273,-20.122967408518303
-344.238204146746,838.0409837404125,890.1348256998729,-90.81747421216548,71.52849488362273,-20.122967408518303
