x,y,z,roll,pitch,yaw
700.4787227576683,-505.3821603690443,334.36839956164795,58.610659821729385,16.25735787492773,80.42088268902133
695.4579051236813,-498.31644222333887,339.22329351872395,58.6106277877248,16.257391618857277,80.42087241539843
688.9989791628495,-492.05509702499,348.17313045733295,57.27159897474664,16.698332182647206,80.41707124408605
