x,y,z,roll,pitch,yaw
-368.3525339491707,813.3763885689307,895.3168374120526,-90.5235884956681,45.38785240182477,-4.409336010390312
-376.48010871742133,812.9238954564739,889.5459854821622,-90.5235884956681,45.38785240182477,-4.409336010390312
-380.54389610154664,812.6976489002457,886.660559517217,-90.5235884956681,45.38785240182477,-4.409336010390312
