x,y,z,roll,pitch,yaw
163.10266613278372,916.6919413773558,743.1671220571528,-60.22355714309415,24.93635895726694,-15.333966193645498
156.63722698974584,922.0491558880838,738.0933637324872,-78.06608589140568,18.143899290398103,15.226891774273023
155.90690994606075,922.1256334719519,737.2257230547079,-58.27543373144906,25.7490074759786,-32.023342659601944
155.1871345075981,923.2002478897759,736.4534241620936,-61.82001964597595,24.229933318347797,-33.37789372570471
154.46052484792858,924.2748682587332,735.5259755527495,-60.28906444771468,24.90597415055032,-32.50690309504286
153.72892881117093,925.35210940707,734.6655007486295,-58.564051348233406,25.631171894782277,-31.77718626397156
152.99328930545005,926.4375951176021,733.872703051115,-75.4670261700498,19.605120789170265,19.369199309083452
152.10510974689976,926.5083932761261,732.9913278495758,-70.3751259733298,21.511991412961905,23.403567685785738
151.21951253049656,926.5822889722713,732.334124360227,-38.931985107030116,30.81403203355725,-14.514160366057423
150.18737053144525,927.7220000554778,732.210447714361,-37.116879451357086,30.500443376939096,-9.677692238339853
149.00080650037864,928.881125681901,732.1638412582079,180.0,0.0,0.0
