x,y,z,roll,pitch,yaw
384.2629412200928,-500.8764358825647,353.4850232721244,-90.24671259407532,46.6979821812798,45.66435908805525
393.24262891201715,-497.06567696418756,351.2555828742155,-90.24671259407532,46.6979821812798,45.66435908805525
397.7324727579794,-495.1602975049989,350.14086267526125,-90.24671259407532,46.6979821812798,45.66435908805525
