x,y,z,roll,pitch,yaw
297.74727429223014,-506.29713237719074,335.8139767233266,-90.29485694234104,46.518309541408875,45.689618639870694
295.9503447909538,-499.2909645247476,342.4450536558873,-88.81126793098777,45.58124489607507,44.79850021040593
294.0310134489712,-497.32448050504803,342.6165381758266,-88.313985839088,45.36650523364242,44.5221917463136
291.46615362157064,-495.1579821643911,345.01052816893997,-88.64796023290761,45.076840482642396,44.47364360805544
289.99167307113845,-493.6842652779347,346.03142007014054,-87.25561961318841,44.01959358329257,56.84359267874902
288.4167735283374,-492.77808138802266,347.4005277413361,-87.44412909360094,43.85730419760151,56.824275439209416
288.6094000615153,-492.50672873837766,347.5616221804134,-78.64723123636897,34.893659176447436,82.0156228843661
