x,y,z,roll,pitch,yaw
264.9325394010063,-498.90191795966456,341.5347423586603,-74.20799843316163,0.8111330562661843,25.69610612169779
257.08772446851464,-494.4897748402997,345.883709454812,-74.20799843316163,0.8111330562661843,25.69610612169779
256.35234602905683,-493.72866474551665,347.0032405954539,-74.20799843316163,0.8111330562661843,25.69610612169779
255.6117675344534,-493.1131882804405,348.1338218722806,-74.20799843316163,0.8111330562661843,25.69610612169779
254.71963852047162,-492.43716089896634,348.22059614170007,-74.20799843316163,0.8111330562661843,25.69610612169779
253.8351115380069,-491.78207773976897,347.2515061761588,-74.20799843316163,0.8111330562661843,25.69610612169779
253.0745409042952,-491.1338902671937,349.43178585242373,-74.20799843316163,0.8111330562661843,25.69610612169779
252.3152385392455,-490.50236233297426,350.56338557454427,-74.20799843316163,0.8111330562661843,25.69610612169779
251.28370476571723,-489.92591806294115,349.59232154839907,-74.20799843316163,0.8111330562661843,25.69610612169779
250.24109775996737,-489.93315220024635,349.7176724051731,-74.20799843316163,0.8111330562661843,25.69610612169779
249.1736232919434,-489.9113408057733,350.9074594271181,-74.20799843316163,0.8111330562661843,25.69610612169779
