x,y,z,roll,pitch,yaw
-311.35448819407156,921.9579245026518,738.8950687866457,-90.06901746942987,45.95286101531392,-45.262379859521126
-319.15621884541264,926.3839268983768,734.5802799609278,-90.06901746942987,45.95286101531392,-45.262379859521126
-323.05708417108315,928.5969280962393,732.4228855480688,-90.06901746942987,45.95286101531392,-45.262379859521126
