x,y,z,roll,pitch,yaw
65.35556628215329,-501.15792578244043,353.85391596638055,0.029062426390264826,-0.02894412290823115,44.88859586748761
60.8979843568427,-497.6282649431454,360.5271055600482,-6.018175231994796,-0.8386313919921488,52.92021304245432
52.173151563926524,-490.1096811502665,360.0557709901627,-6.711827050653634,-0.7642476943322395,52.869082187948656
