x,y,z,roll,pitch,yaw
65.35556628205609,-501.15792568734776,353.8539141709514,0.029062576433045512,-0.028945279511788564,44.88859607158558
61.820032376123265,-497.6223917814149,353.85391417095127,0.029062576433045512,-0.028945279511788564,44.88859607158558
58.092537025086415,-494.47592166472,354.9518687295488,0.029062576433045512,-0.028945279511788564,44.88859607158558
