x,y,z,roll,pitch,yaw
-449.86386717432663,768.2713477713005,890.006434901471,-89.74284599747372,15.374230597574297,40.58565655219527
-450.33745764019085,766.0936874061218,886.2156726393184,-89.9417807574319,15.427099641334891,40.72021046613523
-453.8253649017497,763.0930924100493,876.4287935108439,-90.52903585244259,15.42545618637897,40.82190730970109
