x,y,z,roll,pitch,yaw
-449.863865867742,768.271345610562,890.0064366515865,-89.74284475545734,15.37423082404623,40.58565732013335
-450.887421324631,767.420751317136,885.1868071050853,-89.74284475545734,15.37423082404623,40.58565732013335
-452.68699025711027,765.4124078775753,880.9758377677556,-89.74284475545734,15.37423082404623,40.58565732013335
