x,y,z,roll,pitch,yaw
-38.458699039541045,985.5629706221614,743.616909125935,-88.19349769286816,58.515215259828146,8.499271071895143
-47.033733984323135,984.254187290616,738.3853490244176,-87.91994796883779,65.44663789621343,51.29448173842993
-48.12545532242939,983.0004644357255,737.6267414979799,-88.79612617012168,50.8235006812489,-13.079374951703093
-49.1003336249438,983.2545919896396,736.8034056285836,-88.72581415126531,52.356525745248085,-11.525189645024076
-50.24175957849695,983.5203401198079,735.896844358783,-88.68855510871929,53.65379125946532,-11.465513852347348
-51.221156374774466,983.747599101597,735.1548940899861,-88.61929191021947,54.89053724715699,-9.955586909513155
-52.36745024653885,983.9830683670673,734.3297415191328,-88.04272296324417,63.339346913297284,49.07316019038667
-53.60702195104835,982.6617433566239,733.4214288372948,-88.63385526149551,53.43633210616776,-8.476108767884359
-54.58903801237233,982.8373724093549,732.6793610419045,-87.2480453514363,73.23596068185665,-6.986023656297752
-55.89673648694753,983.0632130465492,732.2780923828009,-82.97339107373669,83.61477551702177,-2.8013960587325766
-57.204243867235505,983.2889324877608,732.1290865872064,180.0,0.0,0.0
