x,y,z,roll,pitch,yaw
424.8515826239605,-502.3271155429074,361.80494049559104,-0.00021857918500304104,0.0001886222764830587,45.0941021157401
421.1603219389541,-500.09367828447074,358.712296017114,-0.19475353395299613,-0.14438593605547562,45.20466286541411
411.23554617509205,-493.1646960769337,356.83980220945637,-0.9339268374915168,-0.241991417605489,45.07105767986617
