x,y,z,roll,pitch,yaw
-429.5017318723616,762.3568053563703,898.7056881794313,-90.52386585496262,45.387827776961906,-4.409439089478965
-438.16826307631743,763.0658542355148,896.1536257816012,-93.0911302178458,45.38067501719065,7.110566731934717
-447.04822811685494,761.9502467483126,886.2377809697954,-93.96019695129509,45.175502314101294,7.112783819311446
