x,y,z,roll,pitch,yaw
-429.5016815085877,762.3567865813834,898.7057753969257,-90.5235884956681,45.38785240182477,-4.409336010390312
-437.33272559578893,761.5926145245808,892.5661633782764,-90.5235884956681,45.38785240182477,-4.409336010390312
-441.24824763938955,761.2105284961794,889.4963573689517,-90.5235884956681,45.38785240182477,-4.409336010390312
