x,y,z,roll,pitch,yaw
589.6821164060393,-504.52971775575656,335.57725968491275,35.19145219495305,30.090189092090156,54.81876395145676
583.3003092540544,-498.3237396189122,340.13339542036704,35.19145219495305,30.090189092090156,54.81876395145676
580.1094056780619,-495.22075055049004,342.41146328809407,35.19145219495305,30.090189092090156,54.81876395145676
