x,y,z,roll,pitch,yaw
-259.2221645444356,930.489548331217,901.4195141099314,-89.74279496421106,15.374163934734087,40.58567400595198
-262.2447570901935,928.8106938409678,899.6270963239618,-89.87118314811228,15.358120920817449,40.96530572596613
-265.98032491138144,926.39356378921,890.2100634919315,-90.57348870400874,15.315174907899447,41.6102204433638
