x,y,z,roll,pitch,yaw
-262.7931010838066,982.9044549550067,735.6703253621607,-89.3222916718421,25.645764839047075,0.4259979963691996
-265.01043023587755,983.9448779507982,735.7512481761073,-89.22321626020157,25.504233092899707,0.5356399471666624
-271.42585784381225,983.3840275352887,727.6339193667092,-89.80731186921365,25.372744618718045,0.6287001468802282
