x,y,z,roll,pitch,yaw
-262.12930690393705,979.8054981117183,737.7567951086835,-89.32229086501606,25.64576392071867,0.4259994173743051
-268.7314141170117,982.1023049387853,730.6205560178917,-89.32229086501606,25.64576392071867,0.4259994173743051
-272.032467723549,983.2507083523188,727.0524364724957,-89.32229086501606,25.64576392071867,0.4259994173743051
