hook_num,trajectory_process,x_max_work,x_max_local,x_min_work,x_min_local,y_max_work,y_max_local,y_min_work,y_min_local,z_max_work,z_max_local,z_min_work,z_min_local,x_mean_work,x_mean_local,y_mean_work,y_mean_local,z_mean_work,z_mean_local,euclidean_max_work,roll_max,pitch_max,yaw_max
14,1,0.622496629628813,1.01207059095845,1.28732153825695e-08,-0.4275557907468,0.454912778536197,-5.91426678142419e-07,-0.940346532037552,-1.0453707340922,-9.45291844800522e-07,0.416403741610741,-1.25700662996258,-0.597968956862249,0.429341216265034,0.504158684791434,0.135476969529106,-0.490773288062193,-0.543408665513428,-0.0458291652860211,1.36748982047383,38.5354133808798,33.1336008132138,17.4378163906657
