hook_num,trajectory_process,x_max_work,x_max_local,x_min_work,x_min_local,y_max_work,y_max_local,y_min_work,y_min_local,z_max_work,z_max_local,z_min_work,z_min_local,x_mean_work,x_mean_local,y_mean_work,y_mean_local,z_mean_work,z_mean_local,euclidean_max_work,roll_max,pitch_max,yaw_max
1,2,0.417119209082507,0.560457982207411,2.31151261687046e-07,-1.51031060144968e-07,0.337140403133674,-4.54202908210542e-07,-0.194827388353872,-0.429164735805556,-2.20964352593001e-07,-1.70530675450763e-07,-0.842298650988027,-0.763551322069263,0.321584408148113,0.399815973381578,0.197138151186379,-0.198182726628605,-0.438340925356975,-0.368046695403593,0.963562341082858,0.539913783338008,7.15027429638582e-05,0.158086761630997
