x,y,z,roll,pitch,yaw
-359.18250853638636,984.516711814854,743.7643960067642,-89.01071106258854,15.525730553294055,0.22441950147924156
-364.8222285368773,984.873573966944,741.7571277688618,-93.60038318641166,37.28906347494346,-0.5766076063821632
-373.27591585086276,982.9662782535605,734.276637644205,-94.22278817133231,37.327139705051465,-0.4696714015515715
