x,y,z,roll,pitch,yaw
104.13731386374093,-500.06683015519735,361.0687507393876,-4.657031157973525,-2.8044162077439565,58.87621265022126
95.51963603671578,-494.9373194008013,359.7676216647609,9.15776052107107,11.356942339898525,39.435684862174064
94.87419582613421,-494.0970206936616,359.9351609245364,12.842974108382283,9.026612040285222,55.58652139498839
93.7428696965847,-493.25839158657317,360.2521839725383,11.768095675959563,8.325883163336275,55.320384200388936
92.6073230997207,-492.4182857143374,360.54335321962844,9.803591318501685,8.159550895054183,50.72682634987486
91.63056754273043,-491.57616079323174,360.7640005849221,9.937581444721676,7.100552938957766,54.91977694944244
90.48818180214522,-490.7336302762097,361.0108443723676,-42.67970726192986,-17.300415214146852,72.02431090035022
89.25760050376152,-489.9270653407319,359.7620589513881,8.48544557494663,5.494592458546603,57.4309970799195
88.11431918707427,-489.17100872468524,359.96566977187103,9.766610659938948,4.19903769694883,67.07215734481082
86.96982480356792,-488.6676968878359,360.1803309434239,11.522423509784193,0.15537386359520125,90.24423726082472
85.49631148426153,-488.67243156724425,360.480699193434,-90.96638930173373,-0.04054484218922487,-0.33946115387598763
