x,y,z,roll,pitch,yaw
-359.1825085363929,984.5167118028189,743.764396006596,-89.01071094317139,15.525730279409515,0.22441967364520093
-367.74361572085326,983.7841912242254,738.6441472311056,-89.01071094317139,15.525730279409515,0.22441967364520093
-372.0241693130834,983.4179309349287,736.0840228433605,-89.01071094317139,15.525730279409515,0.22441967364520093
