x,y,z,roll,pitch,yaw
-819.3726245423047,453.11753565869816,896.1215618523555,-89.68364703197808,45.24278505942679,41.75321230879608
-822.0408849100443,450.7578531547344,892.6126752654718,-89.68364703197808,45.24278505942679,41.75321230879608
-824.2258313228988,448.7647755894926,888.5808563633557,-89.68364703197808,45.24278505942679,41.75321230879608
