x,y,z,roll,pitch,yaw
-819.3726245423047,453.11753565869816,896.1215618523555,-89.69323740064847,40.656434680297046,42.21827450809888
-822.222307884646,451.0553560156591,892.622989685593,-89.69323740064847,40.656434680297046,42.21827450809888
-822.5692975364547,450.8650420605863,891.0134473750779,-89.69323740064847,40.656434680297046,42.21827450809888
-822.7871533434226,449.7641210788854,889.5912101775327,-89.69323740064847,40.656434680297046,42.21827450809888
-823.6405634063525,449.22502627872785,888.177670943531,-89.69323740064847,40.656434680297046,42.21827450809888
-823.9438115759446,448.0489092335625,886.8319386653486,-89.69323740064847,40.656434680297046,42.21827450809888
-825.2205190312915,448.18377111546636,885.4091056381585,-89.69323740064847,40.656434680297046,42.21827450809888
-826.0530314045363,447.6155482633118,883.9932389786055,-89.69323740064847,40.656434680297046,42.21827450809888
-826.3351626213577,446.4274805795191,882.659585544925,-89.69323740064847,40.656434680297046,42.21827450809888
