x,y,z,roll,pitch,yaw
-795.0425006876837,465.3545897210712,898.2992940854165,-89.60590646672149,45.30932469019488,40.779510107455685
-801.973473422732,465.3527573166515,894.9813959382527,-90.38292175770468,45.28012598879793,41.25755161318613
-807.8457414015659,457.69555596774904,888.9327119382946,-91.00750470093841,45.320856569361375,41.4950200945112
