x,y,z,roll,pitch,yaw
-311.6023975806396,864.9274222697013,903.6234887733294,-90.61839401538118,54.47901696289953,-5.295164799356919
-318.806499639106,865.4589021070109,896.5762954743267,-90.61839401538118,54.47901696289953,-5.295164799356919
-319.4856244075146,865.6490592073226,895.4379194631944,-90.61839401538118,54.47901696289953,-5.295164799356919
-320.51443117766587,865.5620964930711,894.6316675372607,-90.61839401538118,54.47901696289953,-5.295164799356919
-322.05808295844656,865.8144878160924,893.784924452313,-90.61839401538118,54.47901696289953,-5.295164799356919
-323.18320879098195,865.6479639282674,893.0241201999686,-90.61839401538118,54.47901696289953,-5.295164799356919
-324.74602959554227,865.8931089356525,892.2741944325348,-90.61839401538118,54.47901696289953,-5.295164799356919
-325.8776315235314,865.7110167196224,891.44618651505,-90.61839401538118,54.47901696289953,-5.295164799356919
-327.46373528915177,865.9554057448192,890.9089807291216,-90.61839401538118,54.47901696289953,-5.295164799356919
