x,y,z,roll,pitch,yaw
186.6880173874173,-503.4026027476576,333.6150586454687,35.21564870742277,30.06004708608201,54.79032731750756
182.25455101241428,-496.1595496595967,343.3820399238733,33.236052207084185,28.873788807641304,55.63842432296494
175.04380377196878,-488.8486089844105,349.4339066895286,31.887087899081262,28.369663249851406,55.68355381029299
