x,y,z,roll,pitch,yaw
-727.3104909790808,490.35633951381874,900.9621340661338,-90.45080831948219,45.42247349280239,-3.9625377653529053
-737.1294517231117,494.7455620659907,893.7897358445963,-92.29694528017866,46.713046892947354,-3.194997601910183
-746.5810024034888,494.50070258440996,886.5589520328399,-93.25499201820595,47.037308467869586,-2.628438208407276
