x,y,z,roll,pitch,yaw
-723.6093322346214,511.3101488452767,902.1800676669866,-90.27513223276942,45.430016682231766,-4.5454395124345055
-730.7008800725657,511.8454311854638,895.1695164846301,-90.27513223276942,45.430016682231766,-4.5454395124345055
-734.8445268461755,510.7201176816816,892.6228757301258,-90.27513223276942,45.430016682231766,-4.5454395124345055
