x,y,z,roll,pitch,yaw
-110.28621389121042,924.0092447394537,760.2076903742852,-90.06901746942987,45.95286101531392,-45.262379859521126
-114.60452775928093,923.7806110091261,751.1887503196557,-90.06901746942987,45.95286101531392,-45.262379859521126
-116.7636846933162,923.6662941439623,746.6792802923409,-90.06901746942987,45.95286101531392,-45.262379859521126
