x,y,z,roll,pitch,yaw
747.4788914427052,-500.798685388168,329.8578611636932,35.19145219495305,30.090189092090156,54.81876395145676
741.9405848182345,-495.4817653694986,336.2654754817071,35.19145219495305,30.090189092090156,54.81876395145676
739.1714315059991,-492.8233053601639,339.469282640714,35.19145219495305,30.090189092090156,54.81876395145676
