x,y,z,roll,pitch,yaw
-306.99548427442403,861.8631887293318,893.7209746776182,-90.5238806890429,45.38783462418651,-4.409486179195507
-317.54408424687495,865.943773900599,892.5793831196751,-93.57152962824965,45.552991415611196,2.814354452059046
-326.25975378895515,864.3184134925618,885.3272032910767,-94.17370901570571,45.429334915761046,2.872870833842939
