x,y,z,roll,pitch,yaw
-618.9725284511032,618.8377967001816,897.9371234082989,-89.57237651573448,61.60232157310779,44.82943632757054
-622.0992964912082,615.8887224468135,888.915818040721,-89.57237651573448,61.60232157310779,44.82943632757054
-622.5393174113304,614.7234031638494,888.0288720621661,-89.57237651573448,61.60232157310779,44.82943632757054
-623.4491699471489,614.1534901689051,887.1977143650308,-89.57237651573448,61.60232157310779,44.82943632757054
-624.3563291509586,613.5795756998405,886.4846455945114,-89.57237651573448,61.60232157310779,44.82943632757054
-625.258531852948,612.996550612329,885.7116965049388,-89.57237651573448,61.60232157310779,44.82943632757054
-626.1575260880184,612.4070163224169,884.9388274263054,-89.57237651573448,61.60232157310779,44.82943632757054
-626.6668120539656,611.1683097607621,884.3620800574735,-89.57237651573448,61.60232157310779,44.82943632757054
-627.5552792148987,610.5694754387539,883.7094570864053,-89.57237651573448,61.60232157310779,44.82943632757054
