x,y,z,roll,pitch,yaw
299.3708325521416,-503.9758502594208,339.6875334826369,35.206689300320974,30.072094388519993,54.96922769353367
291.21059955034053,-498.03108922945944,344.76220445771196,34.09046301904796,29.899800448105392,54.17211798539047
285.8236792476266,-491.2660603619171,350.0198513637265,33.162882476680025,29.91046902502399,53.50387076028246
