hook_num,trajectory_process,x_max_work,x_max_local,x_min_work,x_min_local,y_max_work,y_max_local,y_min_work,y_min_local,z_max_work,z_max_local,z_min_work,z_min_local,x_mean_work,x_mean_local,y_mean_work,y_mean_local,z_mean_work,z_mean_local,euclidean_max_work,roll_max,pitch_max,yaw_max
3,4,0.540419037105096,-0.275797551011894,-1.61086490368132,-1.19373540020747,1.26930121831595,1.61839238274586,1.12564673870634,0.327348819382425,-0.0258259048432592,1.18933030052832,-0.673662539944416,-0.322776091264323,-1.2747621062947,-0.905925257677977,1.19853612737695,1.56342677403462,-0.452163225889019,-0.0386821168222566,1.98147471449699,0.0970753033889054,0.703435274229804,-6.56482384897572e-07
