hook_num,trajectory_process,x_max_work,x_max_local,x_min_work,x_min_local,y_max_work,y_max_local,y_min_work,y_min_local,z_max_work,z_max_local,z_min_work,z_min_local,x_mean_work,x_mean_local,y_mean_work,y_mean_local,z_mean_work,z_mean_local,euclidean_max_work,roll_max,pitch_max,yaw_max
14,4,0.125019228593132,0.488135237866797,-0.333745320602418,2.60891886548141e-07,-2.60360138781834e-07,0.0554899509055185,-1.16550027371716,-0.147838229309699,-1.21179937195848e-07,-1.18017069959802e-07,-0.325534313345997,-1.17842794687206,-0.103788355421587,0.358348712066568,-0.827693796178586,-0.0439182986020227,-0.167250675286082,-0.770452314227248,1.2124147570674,0.537796326955288,11.0564653100096,-1.26602823513622e-06
