hook_num,trajectory_process,x_max_work,x_max_local,x_min_work,x_min_local,y_max_work,y_max_local,y_min_work,y_min_local,z_max_work,z_max_local,z_min_work,z_min_local,x_mean_work,x_mean_local,y_mean_work,y_mean_local,z_mean_work,z_mean_local,euclidean_max_work,roll_max,pitch_max,yaw_max
15,3,2.11109436790767,0.460643323911703,-1.68138425707889,-1.99407570525686,3.69920409560075,2.84730995360723,-4.13728002968128e-08,-0.116017169823446,0.21868980245813,4.1477997053427,-0.364798774571682,-2.93684885859406e-08,0.96840382124431,-0.513354950027231,2.44011399959061,0.787301889979701,-0.0706175092650465,2.45323359621671,4.26481601019552,1.70935445915153,13.1176132375515,3.57507245272915
