hook_num,trajectory_process,x_max_work,x_max_local,x_min_work,x_min_local,y_max_work,y_max_local,y_min_work,y_min_local,z_max_work,z_max_local,z_min_work,z_min_local,x_mean_work,x_mean_local,y_mean_work,y_mean_local,z_mean_work,z_mean_local,euclidean_max_work,roll_max,pitch_max,yaw_max
1,4,-0.39445115381875,0.658229127828133,-3.88749777734421,-5.02555824363621,5.85558312925184,4.76574771471178,-1.19161324521372,-0.139297180284508,0.280468927055495,1.46494887561922,-0.374931549693429,-1.12402767613463,-3.72892021027088,-4.56336667440782,5.49264811240891,4.64474891766304,-0.00288472617525643,1.29294944826817,7.0333152693145,1.0829946520189,0.358192492287287,0.583630567709456
