x,y,z,roll,pitch,yaw
167.93399903393495,920.7646230361458,738.9200705864998,-90.14614251777878,45.87846395976093,-45.258785985747146
158.71532669747464,924.2325479810283,734.82268631238,-91.09097245610955,46.23919446005514,-44.85491242556882
150.34523046948178,929.9119523834553,727.4329316933969,-92.42167590101367,46.536847899730475,-44.57119005275109
