x,y,z,roll,pitch,yaw
899.4117749394989,-513.0744086784104,334.01061722912556,-90.24671365298674,46.69798282533072,45.66435958035198
894.4480745197079,-506.257620459407,340.62911352555165,-90.60378290414728,46.70761705991449,45.287270546102704
891.3025909280569,-501.16861925579485,341.70447061333647,-91.38822857272157,47.27673298246674,45.73206891074073
888.7999924137819,-499.96616444025284,342.20334638657874,-91.58609159996898,47.272901115262655,44.62451698392194
888.911883416317,-497.61394351863106,343.1201036017841,-92.9208121901157,49.61655185184146,57.51974155956315
888.3129655858306,-496.50793063216173,344.04760944228826,-109.66213786715896,67.06581493109528,84.85453408999635
