x,y,z,roll,pitch,yaw
488.4295050432029,-495.55495189043154,361.6407278663911,-14.216477055816068,-18.402361769901056,38.70366865948352
487.1520119457376,-490.73853474707835,362.01327787628315,-14.216477055816068,-18.402361769901056,38.70366865948352
487.10884720767535,-489.08464583039097,361.08591622467975,-14.216477055816068,-18.402361769901056,38.70366865948352
486.23357268207735,-487.68451828354785,358.461671544816,-14.216477055816068,-18.402361769901056,38.70366865948352
485.389066772287,-486.2551923175764,359.5116490263089,-14.216477055816068,-18.402361769901056,38.70366865948352
484.34959025349883,-484.8231874349291,358.7520180667915,-14.216477055816068,-18.402361769901056,38.70366865948352
483.4687845305969,-483.4229925428755,358.8742352449458,-14.216477055816068,-18.402361769901056,38.70366865948352
482.46115159493775,-482.02136781223624,359.0061308883386,-14.216477055816068,-18.402361769901056,38.70366865948352
481.4336131139811,-480.608474217084,358.2238356731157,-14.216477055816068,-18.402361769901056,38.70366865948352
