x,y,z,roll,pitch,yaw
-295.21858653775524,901.2200690054522,900.6376694158911,-89.64268339252759,41.13746908128782,48.57488528818112
-298.3993373507346,898.4097402574313,891.5920744904578,-89.64268339252759,41.13746908128782,48.57488528818112
-299.30081200158867,897.8561086938854,890.5474947688353,-89.64268339252759,41.13746908128782,48.57488528818112
-299.7638740275975,896.7680489093295,889.6046820099936,-89.64268339252759,41.13746908128782,48.57488528818112
-300.3187484558172,895.6181975778853,888.6090009629286,-89.64268339252759,41.13746908128782,48.57488528818112
-301.2017631891877,895.0477407223577,887.6836831590364,-89.64268339252759,41.13746908128782,48.57488528818112
-301.74111370010553,893.8921586745927,886.8118085487631,-89.64268339252759,41.13746908128782,48.57488528818112
-302.1759080338941,892.8006283841295,886.001442894243,-89.64268339252759,41.13746908128782,48.57488528818112
-303.13743477143674,892.1503245013679,885.1963780965862,-89.64268339252759,41.13746908128782,48.57488528818112
