x,y,z,roll,pitch,yaw
779.894549015577,-507.31655634187683,351.89267292614386,-11.427531569032038,-7.441023630776721,57.37876115411592
775.7182536824065,-498.23937833954784,351.875035078506,-11.427531569032038,-7.441023630776721,57.37876115411592
774.6836172516698,-497.18627504073214,352.057435080398,-11.427531569032038,-7.441023630776721,57.37876115411592
773.6243279254829,-496.23750064137397,351.5495728263096,-11.427531569032038,-7.441023630776721,57.37876115411592
772.4556902559374,-495.2349771533448,351.05646738075495,-11.427531569032038,-7.441023630776721,57.37876115411592
771.4229006844862,-494.3012507447575,351.2145036084744,-11.427531569032038,-7.441023630776721,57.37876115411592
770.2612001958557,-493.4226462634239,350.7072881917147,-11.427531569032038,-7.441023630776721,57.37876115411592
769.2198434924926,-492.6065411872524,350.17855775306384,-11.427531569032038,-7.441023630776721,57.37876115411592
768.074460853978,-491.79225484654893,350.329718690865,-11.427531569032038,-7.441023630776721,57.37876115411592
