x,y,z,roll,pitch,yaw
-532.346015475002,699.307595532989,889.7302927840008,-89.74284570829495,15.37423062769038,40.58565640857966
-531.8602599657298,696.2352343648483,885.6781885583491,-89.94194234323088,15.368916722281215,40.736798762455244
-536.1282742741301,692.3502336323289,878.0241834329441,-90.42648611100655,15.388556333495607,40.91791671691344
