x,y,z,roll,pitch,yaw
453.21939122428796,-493.96012430227904,363.1439319776463,-5.1650261975864336,-9.378959030842852,29.125882136843188
451.89411650333903,-489.17898386882143,362.7743927797269,-5.1650261975864336,-9.378959030842852,29.125882136843188
451.3273669698993,-487.6085868171434,361.1907251559611,-5.1650261975864336,-9.378959030842852,29.125882136843188
450.24106291153447,-486.4038409374963,358.89044213268926,-5.1650261975864336,-9.378959030842852,29.125882136843188
449.2142162323391,-485.09754059483123,358.23198536366635,-5.1650261975864336,-9.378959030842852,29.125882136843188
448.08344704499007,-483.82573683912346,358.39295182254637,-5.1650261975864336,-9.378959030842852,29.125882136843188
446.93977691083165,-482.5933433791979,357.7387983274373,-5.1650261975864336,-9.378959030842852,29.125882136843188
445.93536886519087,-481.32489840588914,357.86097122423996,-5.1650261975864336,-9.378959030842852,29.125882136843188
444.9298351321825,-480.05580831293344,357.9738666670437,-5.1650261975864336,-9.378959030842852,29.125882136843188
