x,y,z,roll,pitch,yaw
420.37492600786817,-495.87454376042655,357.49213826100436,-0.0006515887877778741,0.00030514410168092435,25.202660651185898
418.0001470518404,-496.15187422068226,356.15741598160287,0.13688172238701699,-0.2221706018998132,25.262123694922888
413.5681211925855,-487.16519670178803,355.7800326650679,-0.5980212852824323,-0.15692268951436525,25.118555453425085
