x,y,z,roll,pitch,yaw
716.7256283149179,-495.12085552908263,355.273963090837,0.01535457330869952,-0.004113709491323724,14.954952807666611
710.5139022312866,-484.04603313116604,356.58042705882326,-0.1957896543205117,-0.13716264612964893,14.825797604498586
705.7384538487488,-475.6880269036985,357.08074583978214,-8.321166639269393,0.9694444566057411,56.6092605022525
698.7237086047878,-471.4334238425954,357.75619472706705,-11.895151173213344,3.911631749337077,78.41454154025442
