x,y,z,roll,pitch,yaw
714.4239953927646,-489.8207749447739,350.4405834077796,46.05426795794157,21.492848913846462,70.8163821368951
708.7111963322712,-484.9791262617631,356.9991045102041,0.5060997307007483,1.1951038938276712,23.339346163917046
707.8920833287281,-483.05642098996873,357.01766158010696,31.3518396163599,34.87501701201009,47.126983572587456
706.8990706909437,-481.16595962969825,358.02897268689605,28.857307205950157,31.67610688348584,46.695006570998146
705.7357298691059,-479.1787367093268,359.0694821019374,27.51169378583382,28.457274499801798,47.85992927671515
704.4007329774046,-477.1777795310959,360.14136927668744,75.13692784754099,18.31660682687405,85.46286325938094
703.1283743892172,-475.3951263167303,365.20869551068597,6.905930655806059,3.5056649467400667,63.537079150450545
701.1172081978583,-474.36457565704336,365.4820751210174,64.99388069194481,9.777553615889742,85.70063205400666
699.1257854762986,-473.45897999428644,369.8278414703857,46.26862965431871,3.0111378933061426,87.34614824243974
696.8276018493357,-473.21761672010564,372.2364317692379,46.02349578235677,3.0157615095084074,87.31712673808867
694.4986611029062,-472.97272865699745,374.6565163415909,-90.6083622832676,-0.08223353053437796,-0.16667081476494286
