x,y,z,roll,pitch,yaw
-349.0210368706137,859.1235182622586,887.0003461854803,-89.62008670157748,54.89151385406437,46.433934771624635
-351.28927449252103,857.7729598805016,877.3605958994149,-89.62008670157748,54.89151385406437,46.433934771624635
-350.8891175892826,856.051828981319,874.8360969906021,-89.62008670157748,54.89151385406437,46.433934771624635
-352.0944456704734,855.2589976803555,872.4781421085279,-89.62008670157748,54.89151385406437,46.433934771624635
-353.42251656846076,854.3657412207976,870.1186681712305,-89.62008670157748,54.89151385406437,46.433934771624635
-353.78199351786714,852.1351042331011,867.9602606481271,-89.62008670157748,54.89151385406437,46.433934771624635
-356.1584212914206,851.4947854313486,866.2514117047151,-89.62008670157748,54.89151385406437,46.433934771624635
-357.82155928961174,849.3610807421222,865.4612904200824,-89.62008670157748,54.89151385406437,46.433934771624635
-359.7237190068694,847.0529950618469,865.4603967880093,-89.62008670157748,54.89151385406437,46.433934771624635
