x,y,z,roll,pitch,yaw
250.5618305281301,978.9325025255296,726.2739633973406,-90.38064102942027,62.07183754974546,-50.193414175723994
244.85246397864165,985.5240816179709,721.5438129716754,-90.38064102942027,62.07183754974546,-50.193414175723994
244.01936664138117,985.5604851988264,719.6274519863734,-90.38064102942027,62.07183754974546,-50.193414175723994
243.01848615959028,986.5886846722896,717.7550980195006,-90.38064102942027,62.07183754974546,-50.193414175723994
241.84674509374037,987.6465750741522,715.7875444484064,-90.38064102942027,62.07183754974546,-50.193414175723994
240.5034382488356,988.7354502953417,713.8078444312208,-90.38064102942027,62.07183754974546,-50.193414175723994
239.24801194024343,993.8173515751544,712.0882080963298,-90.38064102942027,62.07183754974546,-50.193414175723994
237.23095932931216,994.0953645991281,711.0753365042335,-90.38064102942027,62.07183754974546,-50.193414175723994
235.25866353822147,998.4442025039125,710.230314393513,-90.38064102942027,62.07183754974546,-50.193414175723994
232.9730325100473,1000.8479969816308,710.0312343810299,-90.38064102942027,62.07183754974546,-50.193414175723994
230.65668747220099,1003.2632261898792,709.8289762434424,-90.38064102942027,62.07183754974546,-50.193414175723994
