x,y,z,roll,pitch,yaw
714.4239953927646,-489.8207749447739,350.4405834077796,-0.00021895261766035061,5.0535703948809376e-05,15.254268809983705
708.754276582184,-485.03478988754034,357.1449577738847,-0.00021895261766035061,5.0535703948809376e-05,15.254268809983705
705.9194171768937,-482.64179735892367,360.49714495693706,-0.00021895261766035061,5.0535703948809376e-05,15.254268809983705
