x,y,z,roll,pitch,yaw
-298.1306655747204,983.4612564253157,739.9657798780372,-89.32229086501606,25.64576392071867,0.4259994173743051
-304.87569029751717,983.0148361397789,732.5933801901297,-89.32229086501606,25.64576392071867,0.4259994173743051
-308.24820265891555,982.7916259970106,728.9071803461759,-89.32229086501606,25.64576392071867,0.4259994173743051
