x,y,z,roll,pitch,yaw
806.5517753779837,-488.6484415933606,353.7663476065912,-89.46202565539137,1.087742089566241,16.319003081975147
806.9074871390226,-490.0216366095538,350.764469845145,-84.9973689933901,-0.7923963687687758,27.9993560444783
804.5564843541761,-485.54000060243766,350.71630413803535,-84.99677980732545,-1.5653864743952386,37.176600757911174
802.6386617280864,-481.53249236629256,350.32887869089586,-85.35302392034119,-1.460953671410924,37.229335808249274
799.7781811237921,-479.7858355121216,350.0292026537994,-82.75162912643961,-4.9474230291428976,54.494741744216526
797.6320979836756,-477.6033009609975,349.6917548633287,-73.54149737306024,-15.186652564728988,69.84665179204329
794.8938960421592,-476.3252450732721,349.97311517094533,-28.184019720351568,-62.001158254275516,84.04143112534287
