x,y,z,roll,pitch,yaw
-463.11719579449186,914.0957282722702,747.2160427594321,-89.79708865762491,45.89206160541795,-44.8541432538102
-468.6169437263261,919.5117473562256,740.9014072828423,-89.79708865762491,45.89206160541795,-44.8541432538102
-471.3668176922432,922.2197568982033,737.7440895445475,-89.79708865762491,45.89206160541795,-44.8541432538102
