x,y,z,roll,pitch,yaw
72.15611931903192,-505.4993389121007,336.6495966968265,35.21308007541614,30.063971636070367,54.94063193795647
66.6698429773815,-499.06557369860786,341.988832323833,35.21308007541614,30.063971636070367,54.94063193795647
63.926704806556245,-495.8486910918615,344.65845013733633,35.21308007541614,30.063971636070367,54.94063193795647
