x,y,z,roll,pitch,yaw
283.48118353346933,-500.44309497646844,363.67061335052824,-3.7697539999087337,-2.2840139235698254,58.69653593238042
274.78638150701784,-495.2693914134655,361.6914248862373,-44.4704305638403,-21.455141070219344,69.46190662951219
273.70829494078964,-494.3575948290233,360.477920040679,11.899803753241432,7.845735709540632,57.18681975432412
272.73363749055864,-493.6865230181227,360.72494873934056,10.54651680493342,7.498753090700523,55.09419023936141
271.5929093098167,-492.8459402123279,360.9865455127642,10.054442145087215,6.6936901939061055,56.80181615221204
270.612543425645,-492.1728934479681,361.19599625398746,7.954140502932813,6.291238392607479,52.020581848223884
269.46491736367994,-491.2453398076803,361.4010154287653,8.231450113485524,6.210186215276358,53.33738050866773
268.48033715428227,-490.48577471428786,361.5799157425888,7.381981914271504,5.322639078980261,54.5231178936048
267.32872769068655,-489.64120862222336,361.7642118060779,8.836054883466563,3.166619546149427,70.55175974682021
266.17533299092037,-489.22074319763095,361.9547848156293,9.842233452888134,1.2097682335720987,83.16203034656468
264.85587868069825,-489.0555613472051,362.18543622046,-90.96638930173373,-0.04054484218922487,-0.33946115387598763
