x,y,z,roll,pitch,yaw
283.48118353968124,-500.4430949737717,363.67061390341655,-0.00021853444736730639,0.00018875538576253265,45.094104747835495
278.3060502113213,-497.57942652408104,359.9661588307961,-0.3493783562880622,-0.14909891465135758,45.01200991460916
268.8280505223326,-491.1545836569683,358.33911263794323,-1.069527408647474,-0.20964963845427845,45.052125197685534
