x,y,z,roll,pitch,yaw
70.1979133609945,-500.947852350842,353.69985649220644,9.120762986360804,6.746931078594206,53.26685876079761
65.24639562495679,-493.9133559599028,358.6964060483616,9.120754855761946,6.746967420961492,53.266937382973964
56.693452140537204,-485.4785890864647,360.93989076519597,8.436114829471311,6.803981355625606,53.066577680060014
