x,y,z,roll,pitch,yaw
531.3122209639407,-504.4049891087616,357.81050027730095,0.054250002379605484,-0.05390126233883142,44.81447182491346
527.9174003126443,-499.8213397356793,357.4577377980485,-0.4161300669902913,-0.304790652624621,44.971429369140225
518.1857170914512,-492.01041895108176,356.24275129765323,-1.5262164743438815,-1.1314917406355895,45.30316390735368
