x,y,z,roll,pitch,yaw
238.59007653939216,-493.93469284538276,359.7331113227908,1.8163308025719247,3.4528586426114733,27.30438100048282
237.27908241463874,-489.126819028627,359.31818894114986,1.8163308025719247,3.4528586426114733,27.30438100048282
236.74283375209117,-487.6197967884633,358.5801644948966,1.8163308025719247,3.4528586426114733,27.30438100048282
235.89245554605841,-486.31867951071183,359.5529065866547,1.8163308025719247,3.4528586426114733,27.30438100048282
234.8829749182459,-484.97551816138275,359.71200409822563,1.8163308025719247,3.4528586426114733,27.30438100048282
234.02055884657864,-483.6586718779215,360.67431554809684,1.8163308025719247,3.4528586426114733,27.30438100048282
232.85997331787937,-482.4145483760615,360.0022817235441,1.8163308025719247,3.4528586426114733,27.30438100048282
231.98804911184808,-481.0870920051518,360.9476859831617,1.8163308025719247,3.4528586426114733,27.30438100048282
230.84273734412477,-479.7994884681016,361.08780429423075,1.8163308025719247,3.4528586426114733,27.30438100048282
