x,y,z,roll,pitch,yaw
-499.52104097176766,699.2314871218525,900.3282993103551,-89.49885793841122,45.20251490347251,46.01877680504076
-505.2921323816428,693.1444347015599,894.882517783984,-89.49885793841122,45.20251490347251,46.01877680504076
-508.17767808658033,690.1009084914136,892.1596270207984,-89.49885793841122,45.20251490347251,46.01877680504076
