x,y,z,roll,pitch,yaw
-198.2833416956824,970.9772123973501,739.4562940979182,-89.11980468631954,63.96866633959391,-29.958581465244574
-205.88816751757008,976.4048881468632,735.1120478460792,-88.48792268664363,64.96763819819418,62.194645827905795
-206.5768498843359,975.1968192643646,734.4613438203995,-90.19781048242693,67.6470236744526,-60.72909769592533
-207.34785289040582,976.5715779044936,733.8151053223736,-88.6884824953413,53.55791743508088,-4.607784273337876
-208.32035386500672,976.6759583202629,733.0871560107994,-88.72619908483132,51.73341853445516,-4.257469986784457
-209.1317731587261,976.7579510265571,732.4387968041872,-90.17159664976703,67.27186067823074,-60.07626849389578
-209.91840833849477,978.1253049662996,731.7797521587147,-90.18282831764051,69.80369078985213,-60.04130549479197
-210.7110609931446,979.5000787851043,731.1980200322314,-88.4521735888977,60.21142787118358,-3.8640722506553566
-211.6921082380661,979.5948537789924,730.6289672533799,57.72379269473835,88.76789156048373,140.9877614089523
-212.83001634298637,979.7246104887796,730.6462266188519,-89.86357850475208,84.26672292818722,-55.252009633197474
-213.7986235078614,981.1335814626345,730.4779673084892,180.0,0.0,0.0
