x,y,z,roll,pitch,yaw
-430.6789346245799,755.9180408869613,906.1290875786021,-90.5462459267865,50.78519879527526,-5.639226100053407
-437.83265473464735,756.363349334049,899.0984136738272,-90.5462459267865,50.78519879527526,-5.639226100053407
-438.17115268985333,756.8107595312044,898.1923467254084,-90.5462459267865,50.78519879527526,-5.639226100053407
-439.0927662947794,756.7513412041691,897.399684994851,-90.5462459267865,50.78519879527526,-5.639226100053407
-440.0176522078436,756.6904537546509,896.6578976285545,-90.5462459267865,50.78519879527526,-5.639226100053407
-440.94324426104663,756.6232009609331,895.8567028266295,-90.5462459267865,50.78519879527526,-5.639226100053407
-441.51873878654084,756.0867491058583,895.0885672166416,-90.5462459267865,50.78519879527526,-5.639226100053407
-442.8002421171544,756.4766803476452,894.2412269764352,-90.5462459267865,50.78519879527526,-5.639226100053407
-443.8174818039114,756.3272277064831,893.5398963359096,-90.5462459267865,50.78519879527526,-5.639226100053407
