x,y,z,roll,pitch,yaw
200.45850303806412,918.2630080058392,744.7445860171698,-89.90016197716253,45.78618883560983,-45.10528820072282
194.116233411434,923.7214108472735,736.6525619880873,-90.38790942871496,45.37644742206818,-44.96259048163178
190.8215798922244,926.018041144157,732.531718345529,-90.82865126483034,45.326757094923664,-44.95479678925348
188.32882521399907,927.4732557801555,729.7197425845571,-91.15880371592087,45.32699548612671,-44.97824632559995
186.91570023809106,928.7649968127675,730.2636441919257,-94.82604314792661,79.86214875787034,-48.91638999992178
