x,y,z,roll,pitch,yaw
779.366196220653,-509.6543569052666,338.5787484031603,-89.67704669860127,46.36167777429705,45.05603533695124
772.9556306401435,-504.2574418393558,344.03566664602704,-89.67704669860127,46.36167777429705,45.05603533695124
769.7503478498887,-501.5589843064005,346.7641257674603,-89.67704669860127,46.36167777429705,45.05603533695124
