x,y,z,roll,pitch,yaw
779.366196220653,-509.6543569052666,338.5787484031603,-61.33733591194174,15.61458273666658,23.892464217348657
773.0046095602335,-504.2357084675334,343.855308469991,-58.117969158281554,47.617988442323224,24.59638883675974
772.5536273473142,-503.383556710609,344.98003080330636,-78.58600784479792,-14.31500658325153,17.718968781596846
771.7721623707554,-502.4292684776889,345.0484958591893,-59.437634267727645,34.142542117900234,24.367673444314526
771.0007532641563,-501.48775234686923,346.21332541670535,-59.59152964501964,33.96377632792008,24.305583277873875
770.2232011883834,-500.5383604372365,347.37817976824124,-78.86855996190523,-15.920568107231873,17.66917833972995
769.4348103267947,-499.57444784257586,347.4256503852356,-58.168719099924566,32.806043044415254,24.92601631734127
768.6480900579525,-498.69376456816246,348.58664289199794,-70.93909687170732,-22.25539129258798,21.241902221909854
767.6982676482511,-497.9688936130557,348.6599772585939,-45.8247980795097,-35.83827355749734,21.957772975486474
766.4320241939515,-497.89318052114174,348.7909337404289,-36.27948987586489,14.69862097452669,30.781226146677938
765.3129461617777,-497.81672558106357,350.03078280167654,179.99248669182361,-1.5192048908233755,0.4681055756042892
