x,y,z,roll,pitch,yaw
-780.1403046646159,478.2228347229011,902.5224483005825,-89.71755384230332,25.243199158056377,41.648775524094575
-783.3698263787212,475.3925795619158,893.4913972968325,-89.71755384230332,25.243199158056377,41.648775524094575
-785.7811489943084,472.3000567701869,890.3837370507417,-89.71755384230332,25.243199158056377,41.648775524094575
