x,y,z,roll,pitch,yaw
136.40342157082222,-504.34683979686207,358.828146742792,-8.25869011612894,-6.660812735314343,51.4741249137293
132.17945537981592,-495.29313536254205,358.7656833582946,-8.25869011612894,-6.660812735314343,51.4741249137293
131.07416672177646,-494.31731058392637,358.23606105922147,-8.25869011612894,-6.660812735314343,51.4741249137293
130.12787408919326,-493.2895010420261,358.40377034614426,-8.25869011612894,-6.660812735314343,51.4741249137293
129.17981982540556,-492.26154061058725,358.56422240893437,-8.25869011612894,-6.660812735314343,51.4741249137293
128.08272301135042,-491.23612463209207,358.0119700267669,-8.25869011612894,-6.660812735314343,51.4741249137293
127.13467328841688,-490.2099791602646,358.1567590101647,-8.25869011612894,-6.660812735314343,51.4741249137293
126.18519741189982,-489.18315856402813,358.29411484105606,-8.25869011612894,-6.660812735314343,51.4741249137293
125.25406737395355,-488.0804623349671,359.1489091694025,-8.25869011612894,-6.660812735314343,51.4741249137293
