x,y,z,roll,pitch,yaw
509.37745614822546,-509.59529061675926,338.94665807222464,28.773722816212192,21.70840645046063,55.978214549341594
504.38049008670146,-502.4894981193861,344.0635607898704,28.773722816212192,21.70840645046063,55.978214549341594
504.0904093626566,-501.3456897807811,345.2120440033318,28.773722816212192,21.70840645046063,55.978214549341594
503.14520783480856,-500.34068481103805,345.84415514943214,28.773722816212192,21.70840645046063,55.978214549341594
502.2310534605193,-499.59873233657686,345.89580816024124,28.773722816212192,21.70840645046063,55.978214549341594
501.20197980713976,-498.7999483267091,345.94548877446425,28.773722816212192,21.70840645046063,55.978214549341594
500.24498044738294,-498.01426886668287,346.56078284342107,28.773722816212192,21.70840645046063,55.978214549341594
499.16747541307285,-497.16683434581034,347.17728475288357,28.773722816212192,21.70840645046063,55.978214549341594
498.19917783087504,-496.3722405388529,347.7860570671337,28.773722816212192,21.70840645046063,55.978214549341594
