x,y,z,roll,pitch,yaw
508.9337761545148,-508.08563824811256,340.09570823620004,26.711590404407996,20.250604249419755,55.42297725987405
503.9338331117523,-501.0391386164738,345.09613838187397,26.711590404407996,20.250604249419755,55.42297725987405
503.47801948984204,-499.95404295974606,345.1415288383183,26.711590404407996,20.250604249419755,55.42297725987405
502.5690337194385,-499.037102872727,345.2517337137481,26.711590404407996,20.250604249419755,55.42297725987405
501.6534005455418,-498.24481585769047,345.97416590871524,26.711590404407996,20.250604249419755,55.42297725987405
500.62626970989754,-497.55295861187255,346.090734007847,26.711590404407996,20.250604249419755,55.42297725987405
499.7001471981424,-496.6959483945152,346.80164043938487,26.711590404407996,20.250604249419755,55.42297725987405
498.66747212754456,-495.9446130586474,346.90078239216007,26.711590404407996,20.250604249419755,55.42297725987405
497.7315847590541,-495.252820446502,347.6064121940723,26.711590404407996,20.250604249419755,55.42297725987405
