x,y,z,roll,pitch,yaw
905.4817528092817,-510.9661063766167,338.69757758543244,24.605168330648254,23.836161999579183,48.57413970830433
900.4269780912072,-503.89985779458345,343.34719676437146,24.605168330648254,23.836161999579183,48.57413970830433
900.3128797379647,-502.76855165915583,343.3537254255216,24.605168330648254,23.836161999579183,48.57413970830433
899.3076117417298,-501.74491640227984,343.52462886033663,24.605168330648254,23.836161999579183,48.57413970830433
898.4701960868267,-500.8403893902731,342.6809313566712,24.605168330648254,23.836161999579183,48.57413970830433
897.7393855050584,-499.69809126733446,343.76303027322194,24.605168330648254,23.836161999579183,48.57413970830433
896.9538055478238,-498.67376156446005,343.8725320542478,24.605168330648254,23.836161999579183,48.57413970830433
896.2106662562899,-497.5714260114336,344.9529210664741,24.605168330648254,23.836161999579183,48.57413970830433
895.4595321572896,-496.4582017535,346.03629061191305,24.605168330648254,23.836161999579183,48.57413970830433
