x,y,z,roll,pitch,yaw
-190.71232139844898,972.8305308441645,905.0261970799932,-90.45089970712698,45.422462057043255,-3.962646101043923
-196.967778611486,970.8657941013903,896.7081938152288,-91.17430713793749,45.1838499891325,-4.066896901769786
-204.81683483622598,970.5629135873821,888.5118608749067,-92.50813900907956,44.872129104058885,-4.270405864594731
