x,y,z,roll,pitch,yaw
706.3456903375204,-500.63481670499453,339.47460662032813,33.980375396330935,21.731973691267758,61.14626060780113
698.884226791158,-496.2357858770536,344.44319275911664,33.980375396330935,21.731973691267758,61.14626060780113
698.0801902462894,-495.44932140716134,343.32255921383523,33.980375396330935,21.731973691267758,61.14626060780113
697.1466811471005,-494.6571922586408,343.40617177688796,33.980375396330935,21.731973691267758,61.14626060780113
696.4009720931753,-493.8325202788629,345.845498702344,33.980375396330935,21.731973691267758,61.14626060780113
695.4591849550663,-493.19371487978816,345.92512583300186,33.980375396330935,21.731973691267758,61.14626060780113
694.5258214456155,-492.3719519366833,347.19467794869774,33.980375396330935,21.731973691267758,61.14626060780113
693.5795470632338,-491.6488467430233,347.263919213892,33.980375396330935,21.731973691267758,61.14626060780113
692.6344937757102,-491.141089229142,348.55204729204934,33.980375396330935,21.731973691267758,61.14626060780113
691.5227586175002,-491.036992018753,349.88037068728795,33.980375396330935,21.731973691267758,61.14626060780113
690.2504014164181,-491.12327375979515,350.0130642391457,33.980375396330935,21.731973691267758,61.14626060780113
