x,y,z,roll,pitch,yaw
701.4758058382982,-505.02318601667673,339.86702157664115,33.3631260950157,15.250065300483078,68.3487985747413
694.274904278211,-500.5392196543812,345.3746227720559,55.843207054174286,25.71034871280867,73.71192703487286
693.5187204826186,-499.6707975473132,346.66404557224905,56.3917167811568,23.773592131515517,75.11391095676954
692.7558709411712,-498.87547657374046,347.9625228584001,4.284785675597312,3.2441130453162055,53.08882656299131
691.8072638114089,-498.1537721591844,348.0517338190183,50.74679851800526,23.201322713806448,72.27145658181753
690.8743496818784,-497.2671828945289,349.35666210542934,3.0490884380729835,2.5764035497068742,49.99515240893957
689.9206629559325,-496.45974775904676,349.42320095686125,56.66719170394709,19.815919107031565,77.54099371606296
689.135099005538,-495.8053700951166,350.7239601206909,4.1069405845057085,2.0734276993808196,63.403205057062664
688.0176797206914,-495.2395599980574,350.81386295437744,50.63036806131024,2.1881174604255187,88.30288038772424
686.9009623663094,-495.15265204157083,352.1765038014154,5.768945502247038,-0.39509390848955506,93.80304435058363
685.6189178823723,-495.2412275654385,352.30633076926847,-90.69660546192408,-0.24724714678215529,-0.33663718790818287
