x,y,z,roll,pitch,yaw
-339.3647050421926,839.8272705865372,893.9210495346965,-89.8957076259535,58.05236790637439,4.104624864323877
-347.63055861636866,839.0070965145947,888.6298242327251,-89.51490340263105,34.25306416221993,133.8151038287899
-347.16295852002827,838.5004861436412,887.624482022178,-89.87658941254134,57.577780884304126,6.953302399047674
-348.4601404517288,838.3418217386165,886.7968551637214,-89.89791048197347,55.354376212209836,4.430191544151321
-349.6671944629208,838.2473809278467,885.9620024608356,-89.89553694645005,57.31448239862358,4.313112990581791
-350.8830466764797,838.154945648367,885.1815354323767,-89.89850285766109,55.32835270874803,4.3502896531527835
-352.10559174467573,838.0609965604915,884.3352233431397,-90.88723495167632,63.290252141858396,-13.307059808990806
-353.8035720922595,838.4359653224999,883.4630619795519,-89.89452545555216,59.33683150091188,3.93229442506641
-355.0511669925061,838.3496371630795,882.7236486437423,-89.5923025388522,70.64743206484478,34.69657918452798
-356.03557324861725,837.6743870379341,882.3088518222664,-93.873348250936,84.1668695144939,-22.84679311516406
-358.37472566151393,838.4827073203933,882.0648221515098,180.0,0.0,0.0
