x,y,z,roll,pitch,yaw
-342.21314339552634,834.1372081576628,901.8151757496561,-90.17517787569714,45.54277531081142,-3.7107011175660154
-351.0266473401806,837.8706104446247,896.8872434157028,-100.87836913432909,44.50119522766489,1.30249546611877
-359.4020384384536,835.8905681849805,890.8570360620604,-101.3135892145539,44.11851007087394,1.4739579585536424
