x,y,z,roll,pitch,yaw
-382.04664016259517,831.9350803640317,893.5590739284935,-90.11781794445483,54.631633732281706,4.789171099989776
-390.7634705566451,830.1435806863705,889.159325154121,-90.11781794445483,54.631633732281706,4.789171099989776
-390.6093538971676,828.7825896604433,888.5370142390129,-90.11781794445483,54.631633732281706,4.789171099989776
-392.1491253515242,829.0933435334093,887.6664486765778,-90.11781794445483,54.631633732281706,4.789171099989776
-392.90425228101714,828.5199187000254,886.9604596613187,-90.11781794445483,54.631633732281706,4.789171099989776
-393.6504898883136,827.934907264311,886.1737209191482,-90.11781794445483,54.631633732281706,4.789171099989776
-395.19727101664597,828.2297306977699,885.3686267289028,-90.11781794445483,54.631633732281706,4.789171099989776
-396.6290567833398,828.6230172837545,884.7157938942074,-90.11781794445483,54.631633732281706,4.789171099989776
-397.50299980434534,827.933636976588,884.0849234596874,-90.11781794445483,54.631633732281706,4.789171099989776
-399.3437880609181,828.0624716634185,884.0792910448662,-90.11781794445483,54.631633732281706,4.789171099989776
-401.06739980171017,828.2844027851958,884.152681669615,-90.11781794445483,54.631633732281706,4.789171099989776
