x,y,z,roll,pitch,yaw
706.6435539570718,-508.05458093724025,333.9777293703686,35.331698303862254,29.91822670164744,54.6616095371948
700.5365018274222,-502.90412558178053,339.99243833399714,35.331698303862254,29.91822670164744,54.6616095371948
697.4829757625971,-500.3288979040506,342.9997928158116,35.331698303862254,29.91822670164744,54.6616095371948
