x,y,z,roll,pitch,yaw
702.3752584363494,-504.66985711176125,347.59143283874266,22.55944743043292,12.311826715303393,63.09914600273281
694.5885163303934,-499.7081299111781,352.153826222265,22.55944743043292,12.311826715303393,63.09914600273281
693.8093020346337,-498.8079132966556,350.9107006837643,22.55944743043292,12.311826715303393,63.09914600273281
692.9826431012922,-498.0810601089192,352.2088638019867,22.55944743043292,12.311826715303393,63.09914600273281
692.0198897532025,-497.2678441990046,352.2525296777993,22.55944743043292,12.311826715303393,63.09914600273281
691.0572304569812,-496.45407543445475,352.29821192314466,22.55944743043292,12.311826715303393,63.09914600273281
690.2151650595818,-495.6306102376754,353.60634819882455,22.55944743043292,12.311826715303393,63.09914600273281
689.2486811588017,-494.72978993531075,353.65549341291023,22.55944743043292,12.311826715303393,63.09914600273281
688.2352141628595,-494.3091558815402,355.01509950987577,22.55944743043292,12.311826715303393,63.09914600273281
687.0527037579418,-494.21740559595565,356.4262742820839,22.55944743043292,12.311826715303393,63.09914600273281
685.756266441394,-494.2233448145458,356.5642897302598,22.55944743043292,12.311826715303393,63.09914600273281
