x,y,z,roll,pitch,yaw
237.37203851936107,971.8531676926737,742.9746922839961,-89.76802864492885,45.97710869277021,-44.90087747352258
229.5085726010745,975.6640605680393,738.1613783047903,-89.76802864492885,45.97710869277021,-44.90087747352258
225.5768396419312,977.5695070057221,735.7547213151875,-89.76802864492885,45.97710869277021,-44.90087747352258
