x,y,z,roll,pitch,yaw
-382.04664108275307,831.9350813562976,893.5590739350044,-90.45180857815782,45.44725181902637,-2.322485446916679
-389.5510882772718,829.5717752241017,889.6408640587749,-97.73895785874849,52.354191216095025,7.978969290046097
-399.01874482370215,827.9099833936451,883.7940115356178,-98.33078538050727,52.25952350121579,8.101870389244919
