x,y,z,roll,pitch,yaw
-331.1806410775392,836.0629700235728,899.1211650243351,-90.27513223276942,45.430016682231766,-4.5454395124345055
-338.27218891548335,836.59825236376,892.1106138419786,-90.27513223276942,45.430016682231766,-4.5454395124345055
-342.9198119037329,837.1715014573122,890.3928445039863,-90.27513223276942,45.430016682231766,-4.5454395124345055
