x,y,z,roll,pitch,yaw
707.1900100992727,-500.6068713784931,338.94235385117895,35.211271081892676,30.065372905532524,54.79170721027842
701.2342148684256,-495.9969956062764,343.2794559090652,24.048791235085844,25.30000557955398,49.824247145591386
694.4448943206206,-489.7227274477749,348.22015569034954,23.388235803141626,25.233691798927346,49.831189911777564
