x,y,z,roll,pitch,yaw
237.37203851936107,971.8531676926737,742.9746922839961,-89.02194327234635,61.312264176367556,-24.75709321491523
229.5737235228275,976.4761642593503,738.1468131644117,-89.02194327234635,61.312264176367556,-24.75709321491523
228.7814417302689,975.2461969741533,737.2313733452132,-89.02194327234635,61.312264176367556,-24.75709321491523
227.95640784116898,976.5540516830574,736.5324982523193,-89.02194327234635,61.312264176367556,-24.75709321491523
226.98802574076143,976.6086704583868,735.7270818097124,-89.02194327234635,61.312264176367556,-24.75709321491523
226.0197443467261,976.665314913358,734.9211459596561,-89.02194327234635,61.312264176367556,-24.75709321491523
225.17865761628826,977.9847306756683,734.1259543208232,-89.02194327234635,61.312264176367556,-24.75709321491523
224.20593970096257,978.0462989292673,733.2330675995661,-89.02194327234635,61.312264176367556,-24.75709321491523
223.19664553528168,979.4098648445449,732.8427405731509,-89.02194327234635,61.312264176367556,-24.75709321491523
222.02096712287886,980.8189374193535,732.7833279873378,-89.02194327234635,61.312264176367556,-24.75709321491523
220.7253413930069,980.9530660212697,732.8009207625367,-89.02194327234635,61.312264176367556,-24.75709321491523
