x,y,z,roll,pitch,yaw
702.8006563836108,-504.7634397495145,346.6720076309024,28.501169919078695,19.956325971210607,58.04921742349074
694.86909693721,-499.85300013600096,350.85959104812594,28.501169919078695,19.956325971210607,58.04921742349074
694.0365480024794,-498.95639973038175,349.6434375296143,28.501169919078695,19.956325971210607,58.04921742349074
693.0808357142984,-498.06978108649906,349.73771248897026,28.501169919078695,19.956325971210607,58.04921742349074
692.3353081054679,-497.3404102047951,352.3975344888871,28.501169919078695,19.956325971210607,58.04921742349074
691.3704514289618,-496.526739484094,352.4770935617637,28.501169919078695,19.956325971210607,58.04921742349074
690.4050710325082,-495.7124034963885,352.5495721752467,28.501169919078695,19.956325971210607,58.04921742349074
689.4388001558443,-494.81527843271766,352.61258194623485,28.501169919078695,19.956325971210607,58.04921742349074
688.4834741367557,-494.3967102495714,354.00495994383505,28.501169919078695,19.956325971210607,58.04921742349074
687.1892599989787,-494.33786214883906,352.82633022041887,28.501169919078695,19.956325971210607,58.04921742349074
685.9038304005489,-494.42925132570286,352.95991027028845,28.501169919078695,19.956325971210607,58.04921742349074
