x,y,z,roll,pitch,yaw
267.47482519233597,-497.97978074838136,344.3061000878745,35.21307977010854,30.063971699167357,54.94063281661763
259.97507014917164,-491.315166897743,349.74926520900556,34.918538274469846,30.101104036788303,54.64629290099102
253.8122317435513,-487.52677292337967,352.4891636551447,22.569883846624066,9.646314474036629,56.27035008236233
250.46378653100993,-484.2004260819418,354.37358795813907,22.31116203519283,9.588521702239355,55.83749938102517
