x,y,z,roll,pitch,yaw
937.6705891884949,-502.1608533817466,343.45010472303056,31.377060816958203,11.75441675598309,71.64995677220476
929.9294373803117,-498.4863371990956,349.0193689502686,31.377060816958203,11.75441675598309,71.64995677220476
929.4857820954808,-497.757600724446,351.4584279676026,31.377060816958203,11.75441675598309,71.64995677220476
928.4612476113352,-497.10381634454325,352.7706295389895,31.377060816958203,11.75441675598309,71.64995677220476
927.5886768153453,-496.4437373325902,354.0793469725835,31.377060816958203,11.75441675598309,71.64995677220476
926.5399316519662,-495.7952370337787,352.9379848160087,31.377060816958203,11.75441675598309,71.64995677220476
925.658866414663,-495.21135416990785,354.25902169130643,31.377060816958203,11.75441675598309,71.64995677220476
924.6939202735199,-494.63514076935235,354.36091759078886,31.377060816958203,11.75441675598309,71.64995677220476
923.5681235856039,-494.3883902666872,354.50581698061535,31.377060816958203,11.75441675598309,71.64995677220476
922.3745878451605,-494.40331761651396,353.4382496132471,31.377060816958203,11.75441675598309,71.64995677220476
921.1532384243031,-494.30713937734674,354.85025179819627,31.377060816958203,11.75441675598309,71.64995677220476
