x,y,z,roll,pitch,yaw
937.6705891884949,-502.1608533817466,343.45010472303056,35.242236305602226,30.027302346125296,54.82363097628492
929.90736504085,-498.45440920931287,348.5485968952373,35.242236305602226,30.027302346125296,54.82363097628492
926.0257529670274,-496.601187123096,351.0978429813406,35.242236305602226,30.027302346125296,54.82363097628492
