x,y,z,roll,pitch,yaw
107.87775294216755,-502.3742377558258,338.2142096740665,-90.24671259407532,46.6979821812798,45.66435908805525
101.5340122667796,-496.71148076684125,343.496848390168,-90.24671259407532,46.6979821812798,45.66435908805525
98.36214192908557,-493.88010227234895,346.13816774821873,-90.24671259407532,46.6979821812798,45.66435908805525
