x,y,z,roll,pitch,yaw
-447.0597987046457,731.1219065725511,907.600374590763,-90.31275733372772,46.80714487832111,-7.944623756522942
-454.0946407123363,731.652329575055,900.5834589709301,-90.31275733372772,46.80714487832111,-7.944623756522942
-454.0975219793029,731.6428085761219,899.655917545075,-90.31275733372772,46.80714487832111,-7.944623756522942
-455.505098495644,732.5442640879126,898.7608447473747,-90.31275733372772,46.80714487832111,-7.944623756522942
-456.32110265907795,732.5588836848789,897.856470664655,-90.31275733372772,46.80714487832111,-7.944623756522942
-457.1386497824366,732.5702715682874,896.9473323197047,-90.31275733372772,46.80714487832111,-7.944623756522942
-457.9577407188375,732.5784117954331,896.0334138902342,-90.31275733372772,46.80714487832111,-7.944623756522942
-459.495420533263,733.4189971982416,895.0958217111083,-90.31275733372772,46.80714487832111,-7.944623756522942
-459.7751525830628,732.4481548580545,894.3598926555753,-90.31275733372772,46.80714487832111,-7.944623756522942
