x,y,z,roll,pitch,yaw
699.6846822169202,-504.1814796448368,335.78730771543314,45.78369329413597,15.137221750515021,75.89404633584107
694.7011469959463,-497.12208191144146,340.5501564862237,45.78369329413597,15.137221750515021,75.89404633584107
694.5216881536903,-496.4460828316862,339.3470365434821,45.78369329413597,15.137221750515021,75.89404633584107
693.8949498734785,-495.67291027682097,341.18813870521456,45.78369329413597,15.137221750515021,75.89404633584107
693.0855527615408,-495.223857441292,341.85288873854995,45.78369329413597,15.137221750515021,75.89404633584107
692.3545313165655,-494.77110250706517,343.12658476788204,45.78369329413597,15.137221750515021,75.89404633584107
691.533124910968,-494.42837094137894,343.79848179022815,45.78369329413597,15.137221750515021,75.89404633584107
690.7070195434704,-494.25380965302236,344.47624434547174,45.78369329413597,15.137221750515021,75.89404633584107
689.72421406779,-494.1325452626502,345.79337579046773,45.78369329413597,15.137221750515021,75.89404633584107
