x,y,z,roll,pitch,yaw
-197.31277334150636,920.8825187065606,744.1808987837253,-90.1152055049921,45.97547879504096,-45.0819558578073
-201.78583268408937,925.3172356982859,738.0190883973471,-90.0752738883054,45.54920689011781,-44.58899245600932
-204.42368332244163,926.9291368008969,735.444558080828,-90.62574397868917,45.548252259372845,-44.49213879091585
-205.59105569198798,928.2950211884329,734.1017862447046,-89.47305315260239,45.070881857792195,-43.97157495709705
-208.81004452258114,929.3525713468416,732.0215025930086,-89.99305972245672,45.10207354414531,-43.845769058317636
-209.58559946929114,929.6552943774232,732.55020464356,-89.90999483457536,80.08446779672192,-43.99127263923864
