x,y,z,roll,pitch,yaw
-192.77790837954,920.5758805752057,743.6374507851156,-90.06901746942987,45.95286101531392,-45.262379859521126
-200.09076570172454,924.637758635731,738.2307561029236,-90.06901746942987,45.95286101531392,-45.262379859521126
-203.74719436281674,926.6686976659936,735.5274087618276,-90.06901746942987,45.95286101531392,-45.262379859521126
