x,y,z,roll,pitch,yaw
384.7550567018359,-506.153798983965,340.0157206282476,-89.67704669860127,46.36167777429705,45.05603533695124
377.3099215285023,-500.65131695592146,343.7962832559325,-89.67704669860127,46.36167777429705,45.05603533695124
373.5873539418355,-497.9000759418998,345.6865645697748,-89.67704669860127,46.36167777429705,45.05603533695124
