x,y,z,roll,pitch,yaw
-192.77790837954,920.5758805752057,743.6374507851156,-64.06306507955689,23.550177265529623,-2.171088269760344
-200.14635964755064,924.2219180972428,738.184189329963,-64.06306507955689,23.550177265529623,-2.171088269760344
-200.72934237832663,925.2454832809635,737.4662697451147,-64.06306507955689,23.550177265529623,-2.171088269760344
-201.4651042009288,926.2872115691966,736.5955246449483,-64.06306507955689,23.550177265529623,-2.171088269760344
-202.20776475998213,926.3651102948199,735.8588049061384,-64.06306507955689,23.550177265529623,-2.171088269760344
-202.9516881321228,927.4034304149349,734.9780149923133,-64.06306507955689,23.550177265529623,-2.171088269760344
-203.69733857146417,928.4550068981144,734.3175396482261,-64.06306507955689,23.550177265529623,-2.171088269760344
-204.44652989330564,928.5187754995329,733.5743055740107,-64.06306507955689,23.550177265529623,-2.171088269760344
-205.3424849758522,928.6027044571854,732.8330458770138,-64.06306507955689,23.550177265529623,-2.171088269760344
-206.3890908892522,929.7066440815946,732.6995350203267,-64.06306507955689,23.550177265529623,-2.171088269760344
-207.56017645916063,928.8656820892515,732.6461909591266,-64.06306507955689,23.550177265529623,-2.171088269760344
