x,y,z,roll,pitch,yaw
384.7550567018359,-506.153798983965,340.0157206282476,-76.96069383406564,23.59512754542021,34.03708339179716
377.2271863548624,-500.6431851962577,342.999642884752,-76.96069383406564,23.59512754542021,34.03708339179716
376.631424852552,-499.779487064421,344.1751319032097,-76.96069383406564,23.59512754542021,34.03708339179716
375.85246870616186,-498.9853194392378,344.2579058608276,-76.96069383406564,23.59512754542021,34.03708339179716
375.2484800947052,-498.1911034261615,345.43729627868896,-76.96069383406564,23.59512754542021,34.03708339179716
374.4824020201674,-497.39110035650447,346.6417342671253,-76.96069383406564,23.59512754542021,34.03708339179716
373.6961246016707,-496.588995666585,346.70495925395187,-76.96069383406564,23.59512754542021,34.03708339179716
372.92040130446514,-495.77863211226514,347.90505835082524,-76.96069383406564,23.59512754542021,34.03708339179716
371.97265278354325,-495.21600456746114,347.99614446864774,-76.96069383406564,23.59512754542021,34.03708339179716
370.8664197181939,-495.13942388348005,348.1174201958755,-76.96069383406564,23.59512754542021,34.03708339179716
369.75979730771405,-494.98166705154006,348.23231386622126,-76.96069383406564,23.59512754542021,34.03708339179716
