x,y,z,roll,pitch,yaw
383.4849409758482,-504.7339924928146,339.78358254304106,-90.24671259407532,46.6979821812798,45.66435908805525
376.16933912456466,-499.20645071327783,343.7983288596758,-90.24671259407532,46.6979821812798,45.66435908805525
372.511538198923,-496.44267982350954,345.80570201799304,-90.24671259407532,46.6979821812798,45.66435908805525
