x,y,z,roll,pitch,yaw
346.8753629366422,-495.169739831775,360.46612422103215,0.020664949006662978,-0.005526567085412091,14.93931654442554
345.2396810446005,-490.58835812069765,360.4329243441863,-0.4478004642992341,-0.1969262288907631,14.868577696257923
340.4365427564653,-482.10887940266093,360.45960493458415,-0.9928757868445172,-0.3310958868294272,14.692805350989806
