x,y,z,roll,pitch,yaw
172.83998910349825,-499.0849989901732,360.1084752710284,-8.590294973440676,-5.4118512903522875,58.09925999279809
169.27148334302208,-495.5630786652164,359.8642915574401,-8.590294973440676,-5.4118512903522875,58.09925999279809
168.5450040913953,-494.148272049948,359.9551602419434,-8.590294973440676,-5.4118512903522875,58.09925999279809
167.19433563204947,-492.91513867945116,359.4519004017858,-8.590294973440676,-5.4118512903522875,58.09925999279809
165.8497949218649,-491.9929545831051,358.94742716315795,-8.590294973440676,-5.4118512903522875,58.09925999279809
164.39068697818936,-491.0747126165179,358.453033884618,-8.590294973440676,-5.4118512903522875,58.09925999279809
163.06342353366287,-490.0888916278368,358.61241307894454,-8.590294973440676,-5.4118512903522875,58.09925999279809
161.6121812568335,-489.11819090425354,358.0932151457471,-8.590294973440676,-5.4118512903522875,58.09925999279809
160.04777416290236,-488.57522997397245,357.5918995881109,-8.590294973440676,-5.4118512903522875,58.09925999279809
