x,y,z,roll,pitch,yaw
-235.83831511927153,956.4567045742397,900.3461202427917,-89.74283122495424,15.374218083599219,40.58566248900016
-236.1330455522197,951.1518124442005,898.9490836843851,-90.07834831575367,14.843837734456402,41.69820063843887
-240.20209741179426,948.5103025032992,889.6218843286432,-90.98600944885696,14.430034511076837,41.8765888230595
