x,y,z,roll,pitch,yaw
-235.83831464081152,956.4567040070071,900.3461202314933,-89.66677883057183,25.920330707754843,49.442544037807146
-237.21542032951373,956.1073919060601,895.5483049065763,-89.66677883057183,25.920330707754843,49.442544037807146
-236.84974988239725,955.4593108462849,893.8856976527443,-89.66677883057183,25.920330707754843,49.442544037807146
-236.11389388215713,953.1999157455331,892.3304163217333,-89.66677883057183,25.920330707754843,49.442544037807146
-236.4946812986433,952.0543397655016,890.9658513987049,-89.66677883057183,25.920330707754843,49.442544037807146
-236.87052602628586,950.9101490614861,889.480635679581,-89.66677883057183,25.920330707754843,49.442544037807146
-238.14840611849678,950.9842838018478,888.0801150155761,-89.66677883057183,25.920330707754843,49.442544037807146
-239.42888948814664,951.0511679564346,886.6698149261412,-89.66677883057183,25.920330707754843,49.442544037807146
-239.77953977285995,949.8840745095412,885.2558561025355,-89.66677883057183,25.920330707754843,49.442544037807146
