x,y,z,roll,pitch,yaw
845.5971918122901,-507.54407912445015,365.6238253694477,0.02066520295651213,-0.005526850607842395,14.939318058306746
844.3030965867775,-502.7144499930049,365.6238253694478,0.02066520295651213,-0.005526850607842395,14.939318058306746
841.4887291745005,-498.6785846670522,364.7343720882209,0.02066520295651213,-0.005526850607842395,14.939318058306746
