x,y,z,roll,pitch,yaw
180.92752016137808,-500.2687657689048,339.9962854981394,35.206690137329794,30.072094286255492,54.96922687117427
173.3391222813641,-493.23670742728484,346.01238479238623,34.04523571692999,29.92086751626811,54.105253177884
168.16764778701253,-486.2219912501638,351.05153982049,33.391568435572886,29.94416223537587,53.25885489680603
