x,y,z,roll,pitch,yaw
-767.630249670489,471.25504073130185,897.0637519895301,-90.30383613222187,45.42954407093001,-1.587068740839047
-776.3195396001979,470.2972783264238,892.2383587749314,-90.30383613222187,45.42954407093001,-1.587068740839047
-780.6641845650524,469.81839712398477,889.825662167632,-90.30383613222187,45.42954407093001,-1.587068740839047
