x,y,z,roll,pitch,yaw
185.77731882402685,-500.76991247036864,340.85140306378855,34.65655989244535,24.016087326845724,59.75321735796261
179.0272686772642,-495.5485524069729,345.99858199565017,34.65655989244535,24.016087326845724,59.75321735796261
178.5250837349206,-494.73640502464735,347.165947140536,34.65655989244535,24.016087326845724,59.75321735796261
177.7031131481586,-493.8382488769283,348.37066527799095,34.65655989244535,24.016087326845724,59.75321735796261
176.9106889598533,-493.03241259810596,348.40860471219355,34.65655989244535,24.016087326845724,59.75321735796261
176.23790559184283,-492.20367095651574,349.61368940417935,34.65655989244535,24.016087326845724,59.75321735796261
175.44254790840967,-491.3937419617568,349.65584776007074,34.65655989244535,24.016087326845724,59.75321735796261
174.60219047573594,-490.55507973216476,350.89111485421563,34.65655989244535,24.016087326845724,59.75321735796261
173.64472544881113,-490.06902564861804,350.9674084670537,34.65655989244535,24.016087326845724,59.75321735796261
172.63592865257726,-489.9601323842714,352.2676039250882,34.65655989244535,24.016087326845724,59.75321735796261
171.51573187792394,-489.8823813281219,352.38520045076893,34.65655989244535,24.016087326845724,59.75321735796261
