x,y,z,roll,pitch,yaw
185.77731882402685,-500.76991247036864,340.85140306378855,35.2197226197728,30.05554271023592,54.913516814443106
178.98770557176272,-495.6163243936863,346.0803304701078,35.2197226197728,30.05554271023592,54.913516814443106
175.59289894563062,-493.0395303553451,348.6947941732675,35.2197226197728,30.05554271023592,54.913516814443106
