x,y,z,roll,pitch,yaw
187.20204919658104,-504.8856490472669,332.8140950102892,35.331692033325766,29.918196069468543,54.661583803128764
183.36046729333154,-498.06018117379784,338.95680363754104,33.96723460750111,29.3682229067998,56.28390377939413
176.756169835922,-491.828610991999,345.2652612353272,32.487965036537936,29.112805926896094,56.00071725186016
