x,y,z,roll,pitch,yaw
-279.053604083415,966.5955816775045,743.0279996312215,-89.3686435470455,59.20788334524657,-34.463243664074575
-286.0606991731282,971.1891249166474,737.9674897061475,-89.3686435470455,59.20788334524657,-34.463243664074575
-286.349175552707,972.4961438372509,737.1715661639497,-89.3686435470455,59.20788334524657,-34.463243664074575
-287.31148016227667,972.5901844755551,736.2911578090337,-89.3686435470455,59.20788334524657,-34.463243664074575
-288.086236695041,973.9583078932292,735.4097032951931,-89.3686435470455,59.20788334524657,-34.463243664074575
-288.893073244609,974.0220299019055,734.6032701743279,-89.3686435470455,59.20788334524657,-34.463243664074575
-289.7001549307423,974.0822396065378,733.7963222782325,-89.3686435470455,59.20788334524657,-34.463243664074575
-290.48871195394037,975.4543585812397,732.9809792893399,-89.3686435470455,59.20788334524657,-34.463243664074575
-291.44311230096366,976.8628519967717,732.4088471014845,-89.3686435470455,59.20788334524657,-34.463243664074575
-292.5724469498058,976.9741040339013,732.343125525218,-89.3686435470455,59.20788334524657,-34.463243664074575
-293.7031644774436,977.0790005084002,732.1944736373038,-89.3686435470455,59.20788334524657,-34.463243664074575
