x,y,z,roll,pitch,yaw
-767.630249670489,471.25504073130185,897.0637519895301,-90.0876412772139,53.24549293181491,2.383010275410805
-776.3856100159753,470.39786695525163,892.205836774569,-90.0876412772139,53.24549293181491,2.383010275410805
-777.553630413171,470.9641312368659,891.3962875084376,-90.0876412772139,53.24549293181491,2.383010275410805
-778.1762890024959,470.468124891462,890.7600126073869,-90.0876412772139,53.24549293181491,2.383010275410805
-779.6085592946364,470.84269382959485,889.94467964911,-90.0876412772139,53.24549293181491,2.383010275410805
-780.2280505967968,470.33788785529885,889.3050174806584,-90.0876412772139,53.24549293181491,2.383010275410805
-780.8404838709631,469.82344753500047,888.5025505758929,-90.0876412772139,53.24549293181491,2.383010275410805
-781.4565221436171,469.3135532527258,887.7809251289711,-90.0876412772139,53.24549293181491,2.383010275410805
-782.1973553309552,468.7067843525555,887.2232030082985,-90.0876412772139,53.24549293181491,2.383010275410805
-784.6323007282298,469.87975945145104,887.0959401038999,-90.0876412772139,53.24549293181491,2.383010275410805
-785.5198816931378,469.1899911668751,887.108640460387,-90.0876412772139,53.24549293181491,2.383010275410805
