x,y,z,roll,pitch,yaw
191.01372238409976,-504.8594199814157,341.8587928722902,27.230694044441194,20.612180117814358,55.339998746389654
184.58838841641554,-498.42311877953034,346.36776804045815,27.230694044441194,20.612180117814358,55.339998746389654
184.24337438732522,-497.3895749040338,346.38406760348676,27.230694044441194,20.612180117814358,55.339998746389654
183.42766892441912,-496.47374093051644,347.07527806772134,27.230694044441194,20.612180117814358,55.339998746389654
182.62279135390614,-495.664677815725,347.1420930556185,27.230694044441194,20.612180117814358,55.339998746389654
181.79864609481925,-494.7408335143223,347.8248877775874,27.230694044441194,20.612180117814358,55.339998746389654
180.9901298874171,-493.9871024566843,347.88165023610316,27.230694044441194,20.612180117814358,55.339998746389654
180.1575180796007,-493.1135818227964,348.55768287598323,27.230694044441194,20.612180117814358,55.339998746389654
179.3194569016528,-492.23491924575706,349.23130248850373,27.230694044441194,20.612180117814358,55.339998746389654
178.33108595776056,-491.80912688855324,350.5683728568457,27.230694044441194,20.612180117814358,55.339998746389654
177.36242712759505,-491.3292240649457,351.2647887612304,27.230694044441194,20.612180117814358,55.339998746389654
