x,y,z,roll,pitch,yaw
-729.2014738930786,493.9232104747305,902.3666334351691,-90.56555450064225,45.340207886745354,-4.140407199952179
-736.9216860735872,494.4254846366599,894.1062807653703,-92.0632195781106,45.64864840220277,-4.104491714859813
-746.6717979871019,494.45746959239136,886.8749870262345,-92.87765134188794,45.34810844096453,-3.4168505833463696
