x,y,z,roll,pitch,yaw
185.97319340593887,-504.6484081142602,337.6613743345455,37.75299654497619,24.482828914129026,62.13579803002156
180.13706156645847,-498.69219490186913,343.21986299715695,53.86958122463206,52.21942263293851,60.21136014795745
179.8943586383091,-497.62652307108897,343.84633735133025,56.753437238220165,29.652021089123636,72.22900407219893
179.18183762055008,-496.61417295731553,345.1611062953168,3.3930893413760836,3.231205554159374,44.9162585254672
178.38295051980205,-495.81445200705366,345.226541487252,32.95666851743294,24.613152173329027,56.833218207677454
177.56278083696435,-494.8995356409189,345.92167922158626,33.344226026435564,23.52265854457148,58.30603631521895
176.73703688848187,-494.0366745170576,346.61470010047697,33.05311163273607,23.430814772077987,58.1163102584821
175.90573433867962,-493.1685548495568,347.3055926486677,33.44694718029796,22.29499498939707,59.66997964580898
175.06881699480095,-492.3532127527196,347.99458690597226,53.30034149592702,11.51316815011356,81.73369555835559
174.08061262315974,-491.92842117061355,349.36244194196433,34.40755938607498,12.45561776477885,72.01625420765049
173.11418566285965,-491.4516102201129,350.0730882301392,-90.40407316160874,41.25851282393062,-0.42560692610933193
