x,y,z,roll,pitch,yaw
187.9659330666949,-505.1612155016465,339.8023832560216,35.21960170009297,30.055206365439336,54.78534519042472
181.4173765586846,-496.44281982982494,343.27935893381573,34.222153256714535,29.541576870660016,55.89936396781765
175.06568499800724,-489.05778754577756,349.05183452676204,33.26828517031564,29.082560355001725,56.46379161534915
