x,y,z,roll,pitch,yaw
185.98036505548924,-501.07258838862646,343.7720139872116,35.21972189020678,30.055542561278635,54.91351585450118
179.4049093773943,-495.9491012481,346.4109630227774,34.20311752871964,29.958459221691157,54.56051584255715
174.14351743024753,-489.35458846742705,350.51174820966446,33.29837881606962,29.982292911717117,54.08291519853871
