x,y,z,roll,pitch,yaw
-762.8673218730476,474.57088633281563,897.7813630919595,-90.03983650084699,62.36543712759646,0.8600301413529936
-771.6523470547808,474.27974903668365,893.1506394856606,-90.03983650084699,62.36543712759646,0.8600301413529936
-775.0914567359235,477.87443828568456,892.4034864817199,-90.03983650084699,62.36543712759646,0.8600301413529936
-775.7162254838935,477.3657812255064,891.5986612818039,-90.03983650084699,62.36543712759646,0.8600301413529936
-776.3431901561703,476.8614126046865,890.9566625760024,-90.03983650084699,62.36543712759646,0.8600301413529936
-776.9629762762615,476.34664274829277,890.1509007737666,-90.03983650084699,62.36543712759646,0.8600301413529936
-776.8609411673262,474.8086472387631,889.4478781157775,-90.03983650084699,62.36543712759646,0.8600301413529936
-778.3296724086107,475.2201187862129,888.6218953837487,-90.03983650084699,62.36543712759646,0.8600301413529936
-779.8178706624944,475.6457889110676,888.0348598783355,-90.03983650084699,62.36543712759646,0.8600301413529936
-780.7119374316683,474.960911667912,888.0492408335022,-90.03983650084699,62.36543712759646,0.8600301413529936
-781.5995146038025,474.2677794397044,887.9812735410849,-90.03983650084699,62.36543712759646,0.8600301413529936
