x,y,z,roll,pitch,yaw
-731.7729987335936,488.58021687414856,902.4724192625773,-89.95957312258095,54.67331621005184,-4.860572907692983
-739.7731784876205,489.11650273914523,896.7019049338128,-90.73911229596307,57.310842420138904,-44.03792041886561
-741.0509327803682,490.30717061120583,895.5741909101887,-89.72365920681204,45.266718443386814,37.9989850819497
-741.673079194722,489.8311197293717,894.7936347642492,-90.36418813198415,49.21405466199248,2.8489298662634743
-742.6976038049809,489.7746335945237,893.9075717207093,-90.35807126918624,49.115654760917316,3.152762870853179
-743.7241429513853,489.7127316625608,893.0163798657115,-90.36903750025179,50.918903704007384,3.219669466971253
-744.755731565657,489.64912782358914,892.1760616570057,-90.3628745663593,50.82747356784911,3.512444383195778
-745.7895255138706,489.58023977937046,891.3308978990719,-90.37577269977605,52.728235302437156,3.562796736633
-746.828683727024,489.5098446256589,890.5371940564446,-90.51543980234331,74.65530353269445,9.23161525418238
-748.0531926140088,489.3014569884749,890.1931934563379,-90.67990057384725,72.9643513795803,-23.40847177496685
-749.978107920626,490.10110137481684,889.5491488656053,180.0,0.0,0.0
