x,y,z,roll,pitch,yaw
-733.9643450203581,490.3710453249733,902.9872026154055,-89.84980439103911,51.037201085945696,6.70888948648129
-741.8170185937325,489.64994484618467,896.688875877644,-90.40306585576029,31.816447096186515,-27.096037341842308
-742.4104500535611,489.9463822519238,895.622019353628,-89.89871878330626,49.76267089522391,1.681974646749232
-743.474892735791,489.91550205860466,894.721399307798,-89.64149387659756,45.22307214649785,37.25852677279282
-744.1210196026368,489.43070252703757,893.9229531376867,-89.63898788463844,45.22267662068014,37.69333405749055
-744.8554277785654,488.8709960962519,893.0102650650438,-89.8868345656979,51.26476604040046,2.6521011074993517
-745.9193937903184,488.82237537156885,892.1565121160527,-89.88435302590277,51.170293277631366,2.9375458425219994
-746.9858034666673,488.76836425288286,891.2977194042148,-89.88188004952414,51.07666442109884,3.223042380266177
-748.0546425516791,488.7089358303881,890.4338803066136,-89.5014690979377,79.66259419617629,8.841274793410234
-749.3203144189907,488.5221323778117,890.2029602973548,-89.84823195856335,61.67768530857961,3.4025042022845686
-750.3990288229288,488.45970655090724,889.6216665866144,180.0,0.0,0.0
