x,y,z,roll,pitch,yaw
185.3758094230956,-499.30233738865167,340.49897330096303,33.710081541638125,17.224441902737663,65.84377788081876
178.47075941781554,-494.37015063134555,345.9104787232984,66.21932381165223,30.11641659047841,77.60693601083138
178.0193453262047,-493.5517220056609,347.12336527926095,3.930684802039685,3.1163423537944435,50.94302430624908
177.2308014085611,-492.9095216324844,347.19255167236815,54.7400160935052,24.625065100577125,73.67716889587277
176.4558099828203,-492.0828133380781,348.44962550943865,3.431088859285209,2.7176981017990247,50.876941589930425
175.66352828245164,-491.4372390573805,348.5102487691855,2.466182828081311,2.437920139091478,44.430787141864066
174.87088666137043,-490.62891040796404,348.5582677931436,2.919497900611543,2.602159664571701,47.475651431359836
174.0781871950864,-489.9013970103471,348.6124429570782,3.715045988112189,2.1354511343148843,59.32243110817491
173.12712430412805,-489.3365926372042,348.6836843245419,69.24966187836358,2.909965545823613,88.95922633058602
172.16983499370252,-489.19075155465026,351.2140614885492,5.890929520794634,0.048571875879387126,90.32867277449284
171.0511577745059,-489.1949981118034,351.32947907530183,-90.43452933834386,43.62615991336873,-0.590898615479597
