x,y,z,roll,pitch,yaw
-604.0915035524299,630.8316373182048,896.8956054156445,-89.60590486324428,45.30932551427837,40.779511344688885
-606.8064400387956,628.5266353816302,893.3861778920732,-89.60590486324428,45.30932551427837,40.779511344688885
-609.2881903553264,625.0064023466291,890.8399606419316,-89.60590486324428,45.30932551427837,40.779511344688885
