x,y,z,roll,pitch,yaw
-459.8979723368207,734.5453887949222,897.6790880151974,-90.52380508631039,45.38783217097583,-4.409405390644751
-468.7022532822928,733.889074016933,893.6048839230219,-91.22012086043559,45.43043777799854,-3.753701302250061
-476.231205193669,733.1397964152808,887.063768462167,-92.34833642228055,45.682822269848856,-3.693911638830435
