x,y,z,roll,pitch,yaw
78.04728161247652,963.8878132231885,745.4798455976671,-89.76802864492885,45.97710869277021,-44.90087747352258
71.19564716962117,968.5387711410617,739.9193539812505,-89.76802864492885,45.97710869277021,-44.90087747352258
67.76982994819348,970.8642500999983,737.1391081730422,-89.76802864492885,45.97710869277021,-44.90087747352258
