x,y,z,roll,pitch,yaw
-461.9132365829579,726.9900478271662,905.7859285371745,-89.93976047795401,45.54015123145947,-3.1619921284785875
-469.53053266267216,727.1050785928716,899.806780819451,-90.84853118608045,45.60272549815174,-2.830611180054663
-477.18204795036127,726.1824619304502,893.0671032431453,-91.96876021421372,45.84463789260444,-2.7698435204952507
