x,y,z,roll,pitch,yaw
547.3809461853301,-510.2924643400152,335.6615315009792,35.21273555138282,30.063672828321018,54.793278470361706
541.7066224117257,-504.23592880500763,341.24010004725505,35.21273555138282,30.063672828321018,54.793278470361706
538.8694605249234,-501.2076610375038,344.02938432039286,35.21273555138282,30.063672828321018,54.793278470361706
