x,y,z,roll,pitch,yaw
543.0745043306545,-506.15563056542595,340.11265292748305,28.81348278100308,18.48388163661355,60.3099009353398
536.2308597429518,-500.49257857442814,344.0241354570859,28.81348278100308,18.48388163661355,60.3099009353398
535.858764403114,-499.63406770498733,346.3076521158072,28.81348278100308,18.48388163661355,60.3099009353398
535.071054518374,-498.67579284034235,346.3303964412038,28.81348278100308,18.48388163661355,60.3099009353398
534.4061329269397,-497.87764438683377,347.5112052200475,28.81348278100308,18.48388163661355,60.3099009353398
533.6156233826789,-496.9145936019874,347.5363840669029,28.81348278100308,18.48388163661355,60.3099009353398
532.667853060298,-495.9518731647558,347.57946437496025,28.81348278100308,18.48388163661355,60.3099009353398
531.9912427512725,-495.1385092948271,348.7743725027151,28.81348278100308,18.48388163661355,60.3099009353398
530.9919960185928,-494.4014865852765,350.01560402889254,28.81348278100308,18.48388163661355,60.3099009353398
529.7754906559651,-494.25820500696597,348.9588340287655,28.81348278100308,18.48388163661355,60.3099009353398
528.610722050449,-494.0871675833195,350.25424814276903,28.81348278100308,18.48388163661355,60.3099009353398
