x,y,z,roll,pitch,yaw
78.04728161247652,963.8878132231885,745.4798455976671,-89.38070048765665,56.26290206411569,-33.35286182945091
71.18351618277865,967.8746021420618,739.9329910886272,-91.03953549161922,70.44860216237466,-81.78914690404916
70.81728848117012,970.171203718674,739.1158406999521,-88.87142248200574,40.09354298387743,-0.9982182496481041
70.02278360868007,970.207866205786,738.1637776369398,-90.17139182029901,60.431753304765245,-60.8307905765645
69.35834550795545,971.4000605272497,737.3904753612876,-88.87486286595,40.05842588143359,-1.171403916779993
68.56101934881116,971.4392298105141,736.4336984105742,-88.80828296609072,45.253658939849295,-1.8272494554903098
67.6065341664426,971.495835489223,735.4786850513844,-90.16675478820227,60.29016865932898,-60.69025270894767
66.93037206721573,972.7023503848325,734.6904919623746,-89.84028387399401,66.1147300541987,-51.0854485027422
65.93238092157702,973.9529532055121,733.9817296558774,-81.90567592488327,84.60305468102868,48.973035102954846
64.70928740921096,972.8952389378292,733.8293875079348,-88.57856813037513,85.28768400430793,-46.69084459888767
63.55016411918922,974.1899615772215,733.6886198741945,180.0,0.0,0.0
