x,y,z,roll,pitch,yaw
-506.2351206648119,722.1748190384051,898.8169268809887,-90.05847854167475,50.316137338832064,9.54011554480136
-513.8382534046161,719.2570342688184,893.1577232019474,-90.05847854167475,50.316137338832064,9.54011554480136
-515.6435112070292,720.4997546033737,892.2117899382939,-90.05847854167475,50.316137338832064,9.54011554480136
-516.2645565494649,720.0066538281635,891.4203613662473,-90.05847854167475,50.316137338832064,9.54011554480136
-516.884092386743,719.5096085090647,890.5484576308959,-90.05847854167475,50.316137338832064,9.54011554480136
-516.9024044994429,718.14957925781,889.7658209290133,-90.05847854167475,50.316137338832064,9.54011554480136
-518.2470186670499,718.419563857698,888.9656683414795,-90.05847854167475,50.316137338832064,9.54011554480136
-519.5942745167738,718.6831447992215,888.0784700688935,-90.05847854167475,50.316137338832064,9.54011554480136
-520.3375003706637,718.0848441208846,887.3645835071629,-90.05847854167475,50.316137338832064,9.54011554480136
-521.9720576963401,718.1883603680687,887.281778434379,-90.05847854167475,50.316137338832064,9.54011554480136
-522.2303597309085,716.6467584379175,887.2329815808212,-90.05847854167475,50.316137338832064,9.54011554480136
