x,y,z,roll,pitch,yaw
543.0745043306545,-506.15563056542595,340.11265292748305,35.2197226197728,30.05554271023592,54.913516814443106
536.2396607783414,-500.4677971627163,344.68796327743996,35.2197226197728,30.05554271023592,54.913516814443106
532.8222390021848,-497.62388046136147,346.9756184524184,35.2197226197728,30.05554271023592,54.913516814443106
