x,y,z,roll,pitch,yaw
212.46267053850733,-479.83847076658856,354.41890645197026,-89.46202561764466,1.0877420767053572,16.319005757096804
212.45666414174144,-477.9512398011203,355.7120046667458,-89.34440484913577,1.6057998853582323,25.44821871263674
207.63605864124003,-471.2651214982863,356.13689938680267,-90.40577586083022,2.634072577777469,46.28308086185934
204.89622044439034,-469.5466895291381,355.24354115329703,-90.70449106156724,3.338980182075532,61.49064854587209
194.97235306385062,-467.26313080192995,355.57729404454255,-88.3185192259283,1.4268751673803106,80.89401969449835
