x,y,z,roll,pitch,yaw
212.4626705356136,-479.8384707840084,354.4189055184445,-89.4620256904843,1.0877420592090217,16.319004472279918
212.4626705356136,-479.8384707840084,354.4189055184445,-89.4620256904843,1.0877420592090217,16.319004472279918
208.4644150109956,-477.0096626952676,353.41302403589503,-89.4620256904843,1.0877420592090217,16.319004472279918
