x,y,z,roll,pitch,yaw
299.3708325486972,-503.9758503503135,339.68753191111796,35.20668977681617,30.07209421652394,54.96922639284447
293.5406203473825,-498.0503594823035,345.24605542557504,35.20668977681617,30.07209421652394,54.96922639284447
290.6255142467252,-495.0876140482985,348.0253171828035,35.20668977681617,30.07209421652394,54.96922639284447
