x,y,z,roll,pitch,yaw
851.467280457452,-509.96801218113103,356.4202428040068,0.05425018414924724,-0.053900978543496805,44.81449666192628
843.8211331373543,-504.2541680397726,353.4388980927019,0.05425018414924724,-0.053900978543496805,44.81449666192628
839.9980594773053,-501.3972459690933,351.94822573704954,0.05425018414924724,-0.053900978543496805,44.81449666192628
