x,y,z,roll,pitch,yaw
667.285159138396,-508.8558518954246,336.72452719384785,35.2055860749739,30.072508653835104,54.803223031604496
662.285159138396,-501.7847840835591,341.72452719384773,35.2055860749739,30.072508653835104,54.803223031604496
658.7598949234547,-499.1632423872586,344.11200103651333,35.2055860749739,30.072508653835104,54.803223031604496
