x,y,z,roll,pitch,yaw
-162.43410490327193,995.7557512262598,895.6366693870561,-90.45104822874372,45.422444404749555,-3.962828754668219
-172.02069825916757,996.4473015959354,888.6903873135351,-99.7501459750601,55.485142305378,-6.641988476488955
-181.99883848221336,996.0926798611333,884.367880448337,-100.11633716410205,54.930966388867695,-6.577260679599888
