x,y,z,roll,pitch,yaw
941.6730124854132,-493.1018638090548,335.33947450001926,35.23028618941312,30.041927876860047,54.773361074006395
935.6249354554858,-490.49715848474165,342.865182068983,35.23028618941312,30.041927876860047,54.773361074006395
932.6008969405221,-489.1948058225851,346.628035853465,35.23028618941312,30.041927876860047,54.773361074006395
