x,y,z,roll,pitch,yaw
938.0701371639731,-501.81099645800947,345.4288798613992,35.2197226197728,30.05554271023592,54.913516814443106
930.1252842410482,-497.93686929542235,350.1054652354942,35.2197226197728,30.05554271023592,54.913516814443106
926.1528577795859,-495.99980571412885,352.44375792254164,35.2197226197728,30.05554271023592,54.913516814443106
