x,y,z,roll,pitch,yaw
-209.50656843857223,992.7968936760178,885.409945999939,-90.44141093312928,45.41060956522565,-2.282678698975883
-219.02344776936712,992.376803491586,882.439849979566,-90.44141093312928,45.41060956522565,-2.282678698975883
-223.78188743476457,992.16675839937,880.9548019693794,-90.44141093312928,45.41060956522565,-2.282678698975883
