x,y,z,roll,pitch,yaw
473.52981150155705,970.6954365201094,738.5809007155549,-89.76803163568871,45.97710941559158,-44.900879392307495
464.1827889662063,974.2611271335846,738.3684713692711,-98.59868455105587,49.36597708542931,-41.317143732858916
456.46836184846484,979.6010799354385,731.0982749076118,-99.17241639137052,48.9282696473953,-41.34440517235186
