x,y,z,roll,pitch,yaw
938.5693895627464,-502.0064410828098,345.7024466322538,35.2197226197728,30.05554271023592,54.913516814443106
930.323203763889,-497.98458770348617,349.6805259635321,35.2197226197728,30.05554271023592,54.913516814443106
926.2001108644603,-495.97366101382426,351.6695656291713,35.2197226197728,30.05554271023592,54.913516814443106
