x,y,z,roll,pitch,yaw
938.5693895627464,-502.0064410828098,345.7024466322538,23.820244352993473,10.089059741245816,68.615276297272
930.3173966191949,-497.9679262097348,349.3302696162044,61.99428278105705,28.572120601820703,75.95276292846532
929.7734774133365,-497.15702054990487,350.5318489050994,3.99475534970733,2.701941025596176,56.28699805236349
928.8186429368286,-496.50995852346904,350.6123882352491,53.17588526013562,18.932740944409264,76.57061650519664
927.9482084276553,-495.8540474627304,351.8771100572559,4.439531318934931,3.002916817359738,56.29711074487412
926.9891382058311,-495.2032914726872,351.9670596995378,53.23731658148833,18.93347034179514,76.5994085707419
926.1074676767472,-494.53846377356496,353.2508227288083,5.672485392337661,2.8713963410885976,63.529790460464135
925.1444522363471,-494.0483037560352,353.35808729846497,-40.74800851834727,-3.4471263603096958,85.79710776006655
923.9525971773126,-493.9023143743097,352.32684131167684,48.57419058926245,0.30355476888669136,89.92410165531426
922.7386532183541,-493.889463054228,353.70255450109244,8.086133303763292,1.1549483536265905,82.17189964496261
921.614299142631,-493.72729110318375,353.863927071841,-90.9694234775918,-0.07177426410488963,-0.18759616690807984
