x,y,z,roll,pitch,yaw
-128.52595645852233,830.1338607211891,886.3934378659436,-90.18662715245587,45.51168071898438,-3.4403686278912597
-138.0570763905326,831.7312280405007,883.8795434630481,-90.18662715245587,45.51168071898438,-3.4403686278912597
-142.8226363565377,832.5299117001565,882.6225962616003,-90.18662715245587,45.51168071898438,-3.4403686278912597
