x,y,z,roll,pitch,yaw
-828.2788957785336,424.5651990019244,891.9121545347816,-89.75454181324842,36.52232829817855,27.445418195595096
-833.8145001386281,421.3034200994724,881.6631588843453,-89.90498813411516,36.441812328092546,27.873637412253288
-840.6153053570338,420.5176932890719,873.2204255425653,-90.9756332355229,41.133696965321256,29.437913774833333
-842.9642619645065,419.72776736983405,871.3059001465749,-97.22174770639425,67.12365957440034,29.49651314599477
-846.8840228794573,416.90038265007547,872.348414175528,-99.11357491867679,83.11195693269461,33.04653233465018
