x,y,z,roll,pitch,yaw
69.5694228975226,-494.88521195638293,350.7288604291806,0.015352772757828051,-0.004112602412412254,14.954951575469751
65.34221896645573,-485.4564332531738,354.37580755864747,2.4323491431088224,-2.4058181231358295,30.517664090606456
59.94911271940083,-477.6790877841605,355.31114699136526,-1.2596556996703054,-1.3209306929518452,44.30949053003256
54.19523491176909,-473.860504155852,357.77714908114365,-7.923074047249156,1.9280684339329999,78.4190964114876
