x,y,z,roll,pitch,yaw
64.89834813112685,-493.23183090232425,350.7645917302997,24.587233236467878,14.715333717806315,60.56023131966453
62.37992334522352,-483.586425949109,351.0885827027248,24.587233236467878,14.715333717806315,60.56023131966453
61.453790354240084,-481.32857121647356,351.2375702165806,24.587233236467878,14.715333717806315,60.56023131966453
60.09240333515635,-479.32291046924144,352.35945114048855,24.587233236467878,14.715333717806315,60.56023131966453
58.36907993784166,-477.4243272139867,351.72260417110056,24.587233236467878,14.715333717806315,60.56023131966453
56.698958307315365,-475.4117987382787,353.76834784069285,24.587233236467878,14.715333717806315,60.56023131966453
54.82905768885621,-473.6774652546333,354.01927806782635,24.587233236467878,14.715333717806315,60.56023131966453
52.493490535622186,-472.9615291950475,355.25738951657786,24.587233236467878,14.715333717806315,60.56023131966453
49.982625792614726,-472.79372640784374,356.5120751763203,24.587233236467878,14.715333717806315,60.56023131966453
