x,y,z,roll,pitch,yaw
67.57168711587394,-495.2796864919157,352.1777015942705,16.779544340993468,10.441717337218126,58.5122185799613
65.04457410963539,-485.5722955834504,352.458589372544,16.779544340993468,10.441717337218126,58.5122185799613
63.74995398286154,-483.3892190465455,350.92378764469606,16.779544340993468,10.441717337218126,58.5122185799613
62.37925193275322,-481.30240976423096,352.0109048177309,16.779544340993468,10.441717337218126,58.5122185799613
60.843016601108275,-479.27833946371203,353.116799063396,16.779544340993468,10.441717337218126,58.5122185799613
59.13854619953986,-477.31867716551477,354.23683220372413,16.779544340993468,10.441717337218126,58.5122185799613
57.102139662391664,-475.6527229942072,354.5126008337712,16.779544340993468,10.441717337218126,58.5122185799613
54.74967542302181,-475.01390575680927,355.7257349720235,16.779544340993468,10.441717337218126,58.5122185799613
52.073342495517636,-475.00036393426154,356.0845160200479,16.779544340993468,10.441717337218126,58.5122185799613
