x,y,z,roll,pitch,yaw
-146.3485495424203,980.3770920322141,725.2317370825716,-89.1102602768222,15.631540750907593,0.12896332927965445
-156.31026390317987,984.6986370678666,720.2137241950625,-89.37242648714461,15.059876652753704,0.6494541881943047
-159.32945621111904,984.7463887433803,714.5163144817777,-92.69957273788906,32.815733577610175,0.2530178663880613
-163.08508980342972,984.391295238997,711.5985723838335,-97.33818407636802,52.018134718210966,-1.6720181920502346
-165.59864442420124,984.9921211927143,710.39422227236,-113.75449463804785,74.86720842045249,-15.177688893826772
