x,y,z,roll,pitch,yaw
-821.8697251328017,437.61776006429756,891.4535912175859,-89.6650154377794,15.126392668592958,40.36762376204713
-823.7201175537612,439.6718434568183,883.0211045189056,-84.53514104143322,31.17861083045429,46.42885555754917
-832.1910292164687,436.2613092808444,872.6227784502904,-89.3023637551729,53.826528750066984,42.961687476211836
-837.4944277346386,434.9481965918938,872.241389061879,-107.75198633550782,83.5312422238854,29.433711596621777
