x,y,z,roll,pitch,yaw
73.23302672289992,-489.5572419394702,350.1697012772038,0.06274544121866034,-0.016579515144743255,14.816251637050442
65.34055149533634,-484.16264042468714,353.1034888085353,0.06274544121866034,-0.016579515144743255,14.816251637050442
61.39431388155464,-481.4653396672956,354.57038257420106,0.06274544121866034,-0.016579515144743255,14.816251637050442
