x,y,z,roll,pitch,yaw
73.06115122704898,-489.0938674142078,352.2854174370476,-0.00021895261766035061,5.0535703948809376e-05,15.254268809983705
64.62369581955,-483.84915952941935,353.4266384715993,-0.00021895261766035061,5.0535703948809376e-05,15.254268809983705
60.40496811580056,-481.22680558702507,353.9972489888752,-0.00021895261766035061,5.0535703948809376e-05,15.254268809983705
