x,y,z,roll,pitch,yaw
61.62473699869594,-492.99508571907256,349.63374904400166,0.09540513610301206,-0.025064490443755326,14.717063238694138
61.58810229027506,-484.5497081292783,352.35887071525667,2.1163155916629077,-5.161938108879001,30.938247839398034
52.98117189133876,-474.0766745168844,355.22871698654023,-1.5366837494209247,-1.4852178821118946,53.44628596701092
48.07712250061701,-473.64923472238695,357.6781872930567,-6.971874690880513,1.2251545409709261,83.21567714828251
