x,y,z,roll,pitch,yaw
928.3023330627458,-515.0266577234395,357.1837169458703,-0.0006517247919940315,0.0003047507204619793,25.20266010291026
922.9008197665892,-506.644078404508,356.4380507516099,-0.0006517247919940315,0.0003047507204619793,25.20266010291026
920.2000631185107,-502.45278874504214,356.0652176544796,-0.0006517247919940315,0.0003047507204619793,25.20266010291026
