x,y,z,roll,pitch,yaw
460.7717443260129,987.1841466603898,750.3599445818822,-89.32229086501606,25.64576392071867,0.4259994173743051
455.3042810178477,986.5023080728846,742.0113239749255,-89.32229086501606,25.64576392071867,0.4259994173743051
452.57054936376505,986.1613887791319,737.8370136714472,-89.32229086501606,25.64576392071867,0.4259994173743051
