x,y,z,roll,pitch,yaw
-149.64651876512775,922.5563265258498,743.0463913450571,-89.79709025457532,45.89206233125143,-44.854144173122194
-157.50022517906424,926.0625039871462,734.3979249231888,-90.63481592505222,45.624983434596196,-44.71085894844532
-164.3917216878698,931.4439563651937,727.5188344877868,-90.8387494718063,45.1647693761786,-44.013056850196584
