x,y,z,roll,pitch,yaw
667.285159152367,-508.85585188823313,336.7245281297894,30.02574673842949,16.997711146654773,62.85497288703739
662.3274435511325,-501.7824848418468,341.73351003416076,30.025729689281036,16.997773144437126,62.854985544404094
655.89926605169,-494.14394067133503,348.63248365764446,29.460383080242888,17.535098700436443,62.38270212284565
