x,y,z,roll,pitch,yaw
-316.5696803116109,884.1664401431503,895.9894695466397,-89.65823708341617,24.756528451773587,52.14969655665071
-317.7653000946864,883.5316388719639,891.1447113067107,-89.65823708341617,24.756528451773587,52.14969655665071
-316.5874508726593,881.2090707125728,889.4363283794847,-89.65823708341617,24.756528451773587,52.14969655665071
-315.75125187862585,878.7296664780308,887.9583511428015,-89.65823708341617,24.756528451773587,52.14969655665071
-316.96232033046294,879.0017752947846,886.5037883525464,-89.65823708341617,24.756528451773587,52.14969655665071
-317.62908286049685,878.5975516329179,885.0450906516874,-89.65823708341617,24.756528451773587,52.14969655665071
-318.40038951133283,878.1194709493682,883.5224566132811,-89.65823708341617,24.756528451773587,52.14969655665071
-319.0581084841134,877.7024439317859,882.0620879183576,-89.65823708341617,24.756528451773587,52.14969655665071
-319.2683696336248,876.5514027643005,880.6248556577996,-89.65823708341617,24.756528451773587,52.14969655665071
