x,y,z,roll,pitch,yaw
-316.5696803116109,884.1664401431503,895.9894695466397,-89.74284475545734,15.37423082404623,40.58565732013335
-317.5932357685,883.3158458497245,891.1698400001387,-89.74284475545734,15.37423082404623,40.58565732013335
-318.8721629600889,880.8113296305879,887.0341970476006,-89.74284475545734,15.37423082404623,40.58565732013335
