x,y,z,roll,pitch,yaw
-18.233671614523587,939.7462219992435,718.1099789966817,-89.25480948919304,15.992541897314137,-0.06275540437152713
-18.233671614523587,939.7462219992435,718.1099789966817,-89.25480948919304,15.992541897314137,-0.06275540437152713
-22.119904703507267,940.050694695106,714.9844546410259,-89.25480948919304,15.992541897314137,-0.06275540437152713
