x,y,z,roll,pitch,yaw
368.67693949097503,-485.8387850745658,355.6302806690642,-0.0031112853234078245,0.0002662462995295762,5.148003859964824
367.8053820634985,-475.87683809364836,355.63028066906406,-0.0031112853234078245,0.0002662462995295762,5.148003859964824
364.10552274261386,-472.93481484073806,357.25986349451307,-0.0031112853234078245,0.0002662462995295762,5.148003859964824
