x,y,z,roll,pitch,yaw
-590.7313608212867,641.150603099784,887.5207696370996,-89.6664200985116,34.55584785217117,36.39929993866509
-592.5497147843643,639.0790263599871,877.9171881628404,-89.6664200985116,34.55584785217117,36.39929993866509
-592.3506342150359,637.0137271266427,875.6473216594968,-89.6664200985116,34.55584785217117,36.39929993866509
-593.5699926828217,636.2463981082323,873.2689366223906,-89.6664200985116,34.55584785217117,36.39929993866509
-595.2289617577604,636.2749311558651,870.9722385407194,-89.6664200985116,34.55584785217117,36.39929993866509
-596.2536267124565,634.5079367158817,868.8226664677213,-89.6664200985116,34.55584785217117,36.39929993866509
-598.4452392224462,634.168232359787,866.7455811207803,-89.6664200985116,34.55584785217117,36.39929993866509
-600.4580071216761,632.8610440319528,865.6249412160919,-89.6664200985116,34.55584785217117,36.39929993866509
-602.8712462279846,631.2948952451951,865.6202172508629,-89.6664200985116,34.55584785217117,36.39929993866509
