x,y,z,roll,pitch,yaw
375.2051007039647,-481.7608846006262,352.371115949623,19.588576877031844,13.739982774970853,56.46832199559678
367.8328372617623,-475.8707170692531,355.4892072493718,19.588373276178118,13.740079122899678,56.46828570464862
367.16498589185903,-473.4528949450484,357.94601561766194,19.588576384901646,13.739984756936504,56.46832067369632
366.09116590818587,-470.9726649463942,359.1997776842833,19.58853242665701,13.740062922908843,56.46831649496424
363.65719675534496,-467.60147031194987,359.31957745932255,19.503614943826406,13.77718072675442,56.49731457412996
361.68035679872696,-463.2791316571199,359.19590965789655,19.292841857248217,13.790424460488802,55.95226313517027
361.2292659038929,-463.276896831417,359.836374921898,19.59091475340501,13.859461637010456,56.617583792346295
358.42105287924204,-461.376920575367,360.85247668267493,19.548734957882193,13.876764917485747,56.62042208440611
