x,y,z,roll,pitch,yaw
-236.83730241438167,919.7263281321767,735.1072154732591,-90.06901746942987,45.95286101531392,-45.262379859521126
-243.92650331992974,926.1343586762603,732.3781748934678,-90.06901746942987,45.95286101531392,-45.262379859521126
-247.47110377270377,929.338373948302,731.0136546035721,-90.06901746942987,45.95286101531392,-45.262379859521126
