x,y,z,roll,pitch,yaw
-565.0193540204259,665.1004542614178,899.5471609064712,-89.57580082037019,59.37470881276038,48.503762033906156
-568.1455382808742,662.1480843358344,890.5137634590387,-89.57580082037019,59.37470881276038,48.503762033906156
-568.6003587895937,661.0232628902041,889.5657525089937,-89.57580082037019,59.37470881276038,48.503762033906156
-569.5007167727728,660.4493006106488,888.6828101952956,-89.57580082037019,59.37470881276038,48.503762033906156
-570.3973655589466,659.8692376168378,887.8585135816468,-89.57580082037019,59.37470881276038,48.503762033906156
-571.2898080023608,659.2818664836352,887.0337786923957,-89.57580082037019,59.37470881276038,48.503762033906156
-571.8171296471214,658.0825404519721,886.2738280041815,-89.57580082037019,59.37470881276038,48.503762033906156
-572.6978384412929,657.4821338906727,885.451068699846,-89.57580082037019,59.37470881276038,48.503762033906156
-573.2111408742473,656.2805388655937,884.8153945895784,-89.57580082037019,59.37470881276038,48.503762033906156
