x,y,z,roll,pitch,yaw
421.3748079020952,-503.52364553185265,355.1662569606814,-2.1527113603630683,-2.516252402332468,41.936297643200085
417.1455581764037,-494.4588325564236,355.0063262591498,-2.1528453217052084,-2.5161794818265686,41.93629911503868
406.7807414369589,-488.6767111710387,356.92956236309794,-2.8188006458047554,-2.7251460513174997,41.93013292872981
