x,y,z,roll,pitch,yaw
565.1672541750401,-506.288502688299,356.41215634147926,0.05425018414924724,-0.053900978543496805,44.81449666192628
557.2448646215521,-500.22372385138283,355.73821166861734,0.05425018414924724,-0.053900978543496805,44.81449666192628
553.2836698448082,-497.1913344329247,355.4012393321862,0.05425018414924724,-0.053900978543496805,44.81449666192628
