x,y,z,roll,pitch,yaw
565.1672541881181,-506.2885026858254,356.41215729510947,0.05425023888055472,-0.05390086338935178,44.814496231601574
562.7729934457384,-502.2743779253668,356.0309427964066,-0.3073658355511475,-0.22694184181971155,45.012696717808275
552.9684400784699,-493.3610629566525,355.9894509613321,-1.4654361512517435,-0.9833046758134832,45.387796919165254
