x,y,z,roll,pitch,yaw
-117.01562781503372,984.6903167932733,735.3832046508883,-89.32229086501606,25.64576392071867,0.4259994173743051
-121.32974265241688,984.5335121130881,729.8717895660925,-89.32229086501606,25.64576392071867,0.4259994173743051
-124.41125325054772,984.4215087700987,725.9350645055241,-89.32229086501606,25.64576392071867,0.4259994173743051
