x,y,z,roll,pitch,yaw
350.32156029533286,-501.3751475220931,356.5282876930165,-2.5325503038424704,-1.4642674935637936,61.210154840041035
346.0939588097797,-492.3224290630598,356.37125569694115,-2.5325503038424704,-1.4642674935637936,61.210154840041035
345.0005118505658,-491.4295564669299,355.7906136537956,-2.5325503038424704,-1.4642674935637936,61.210154840041035
343.9472241363071,-490.5897657006972,355.9672934437042,-2.5325503038424704,-1.4642674935637936,61.210154840041035
342.8924262979844,-489.8680738901441,356.13966902077755,-2.5325503038424704,-1.4642674935637936,61.210154840041035
341.8357821179432,-489.0865268472464,356.3017046617049,-2.5325503038424704,-1.4642674935637936,61.210154840041035
340.77724632296724,-488.3050734224233,356.45674665170566,-2.5325503038424704,-1.4642674935637936,61.210154840041035
339.58098582156686,-487.72166894877165,355.86866216195244,-2.5325503038424704,-1.4642674935637936,61.210154840041035
338.5233048172613,-487.0605258788809,356.0102405360742,-2.5325503038424704,-1.4642674935637936,61.210154840041035
