x,y,z,roll,pitch,yaw
149.5585685662499,-504.99908091888994,339.93319468443406,35.21307992795127,30.063971644116155,54.94063231773809
143.55677270527008,-495.0439835456218,345.57863712390144,34.836943016312375,30.217154205674383,54.34567596987533
138.23260760515154,-487.0061918384223,349.7528327444122,34.17098314914871,30.209514238944735,53.598322992595456
