x,y,z,roll,pitch,yaw
936.8826825965994,-504.1210417935702,336.72299756491134,-90.24671259407532,46.6979821812798,45.66435908805525
928.9892197997173,-500.47125324386275,341.6853069690873,-90.24671259407532,46.6979821812798,45.66435908805525
925.0424884012763,-498.64635896900904,344.1664616711753,-90.24671259407532,46.6979821812798,45.66435908805525
