x,y,z,roll,pitch,yaw
80.23553542033449,966.2780462023525,745.3517570170786,-89.4406743023824,54.609877360191646,-25.576392113494794
72.87187859384937,969.4247639472796,739.5901631421161,-89.30396023576381,24.25393302008001,-3.3696339145532925
72.55394808229914,969.4527808937191,738.8782912066008,-90.16677340664022,54.368272120272024,-56.82482539772639
71.78740595420061,970.6215311662214,737.8761725292688,-89.21548420683236,40.06039076199171,-4.692962095726525
70.99738647062429,970.7027451175613,736.9280836323092,-90.1925062911234,61.177656444791545,-56.720627297486196
70.22367309788638,971.8762546034122,736.1547198632102,-89.15008667455795,45.23178420181898,-4.26665570728255
69.27310569415249,971.9663500244934,735.2040081921525,-90.15329374428796,56.00651852143586,-56.00678928062241
68.48784241257658,973.1277326392988,734.2583221424296,-89.01622791311954,53.407250579046824,-4.323488645932753
67.5354043354456,973.2192973438831,733.5451493105209,-89.73749095182794,85.11170937769495,-47.863944970871316
66.43177011537966,974.4514605783204,733.4047906488563,-79.1365672850575,87.20914352056705,4.486923205081356
65.16515994085262,974.5909792733526,733.3417195429772,180.0,0.0,0.0
