x,y,z,roll,pitch,yaw
-600.6500577722306,646.2196416952921,887.5925580957028,-89.66403060436099,42.781536548589976,52.921972127244565
-601.7561008460257,641.0947017660511,883.7730679212597,-89.99816374686516,42.21623614988381,52.531783928990414
-607.5582790009547,636.2420402304552,875.4418192200832,-90.62340334485637,42.40444195636748,52.54691109451292
