x,y,z,roll,pitch,yaw
388.5615050618955,-499.44815510560323,361.1922804099901,-0.00021858603469911904,0.00018860931041756653,45.09410465824103
379.7280162028836,-494.7685834801479,361.45889620087655,-0.00021858603469911904,0.00018860931041756653,45.09410465824103
375.31127177337777,-492.42879766742027,361.59220409631996,-0.00021858603469911904,0.00018860931041756653,45.09410465824103
