x,y,z,roll,pitch,yaw
571.7699696156492,-507.3588191277174,358.3656758421176,0.05429940854017254,-0.05389549023625001,44.81421681741665
564.0620960226197,-500.3893000790033,355.7980040741342,-1.0782152716372106,-0.8515948719598703,45.157057381751926
554.6984488051507,-491.9424454889729,355.82878234377716,-2.450934864429512,-1.4410699075717261,45.33036256716861
